id,sales
0,13
1,16
2,15
3,19
4,16
5,26
6,23
7,6
8,7
9,7
10,8
11,8
12,10
13,9
14,6
15,6
16,6
17,6
18,6
19,7
20,7
21,6
22,6
23,6
24,6
25,6
26,7
27,7
28,6
29,6
30,6
31,6
32,6
33,7
34,7
35,6
36,6
37,6
38,6
39,6
40,6
41,7
42,6
43,6
44,6
45,6
46,6
47,7
48,7
49,6
50,6
51,6
52,6
53,6
54,6
55,7
56,6
57,6
58,6
59,6
60,6
61,7
62,7
63,6
64,6
65,6
66,6
67,6
68,7
69,7
70,6
71,6
72,6
73,6
74,6
75,7
76,7
77,6
78,6
79,6
80,6
81,6
82,7
83,7
84,6
85,6
86,6
87,6
88,6
89,6
90,38
91,44
92,55
93,50
94,51
95,57
96,68
97,15
98,16
99,16
100,16
101,17
102,18
103,18
104,6
105,7
106,7
107,7
108,7
109,8
110,8
111,6
112,6
113,6
114,6
115,7
116,7
117,7
118,6
119,6
120,6
121,6
122,6
123,6
124,7
125,6
126,6
127,6
128,6
129,6
130,6
131,7
132,6
133,6
134,6
135,6
136,6
137,6
138,7
139,6
140,6
141,6
142,6
143,6
144,6
145,7
146,6
147,6
148,6
149,6
150,6
151,7
152,7
153,6
154,6
155,6
156,6
157,6
158,6
159,7
160,6
161,6
162,6
163,6
164,6
165,6
166,7
167,6
168,6
169,6
170,6
171,6
172,6
173,7
174,6
175,6
176,6
177,6
178,6
179,6
180,26
181,18
182,26
183,22
184,36
185,27
186,29
187,10
188,10
189,10
190,11
191,13
192,13
193,13
194,6
195,6
196,6
197,6
198,7
199,7
200,7
201,6
202,6
203,6
204,6
205,7
206,7
207,7
208,6
209,6
210,6
211,6
212,6
213,7
214,7
215,6
216,6
217,6
218,6
219,6
220,6
221,7
222,6
223,6
224,6
225,6
226,6
227,7
228,7
229,6
230,6
231,6
232,6
233,6
234,6
235,7
236,6
237,6
238,6
239,6
240,6
241,7
242,7
243,6
244,6
245,6
246,6
247,6
248,6
249,7
250,6
251,6
252,6
253,6
254,6
255,7
256,7
257,6
258,6
259,6
260,6
261,6
262,6
263,7
264,6
265,6
266,6
267,6
268,6
269,6
270,12
271,15
272,16
273,20
274,24
275,19
276,15
277,6
278,7
279,7
280,7
281,7
282,7
283,7
284,6
285,6
286,6
287,6
288,6
289,7
290,7
291,6
292,6
293,6
294,6
295,6
296,7
297,7
298,6
299,6
300,6
301,6
302,6
303,7
304,7
305,6
306,6
307,6
308,6
309,6
310,7
311,7
312,6
313,6
314,6
315,6
316,6
317,7
318,7
319,6
320,6
321,6
322,6
323,6
324,6
325,7
326,6
327,6
328,6
329,6
330,6
331,7
332,7
333,6
334,6
335,6
336,6
337,6
338,7
339,7
340,6
341,6
342,6
343,6
344,6
345,7
346,7
347,6
348,6
349,6
350,6
351,6
352,7
353,7
354,6
355,6
356,6
357,6
358,6
359,6
360,12
361,10
362,8
363,15
364,17
365,22
366,17
367,6
368,6
369,6
370,7
371,7
372,8
373,7
374,6
375,6
376,6
377,6
378,6
379,7
380,7
381,6
382,6
383,6
384,6
385,6
386,7
387,7
388,6
389,6
390,6
391,6
392,6
393,6
394,7
395,6
396,6
397,6
398,6
399,6
400,6
401,7
402,6
403,6
404,6
405,6
406,6
407,7
408,7
409,6
410,6
411,6
412,6
413,6
414,7
415,7
416,6
417,6
418,6
419,6
420,6
421,7
422,7
423,6
424,6
425,6
426,6
427,6
428,7
429,7
430,6
431,6
432,6
433,6
434,6
435,6
436,7
437,6
438,6
439,6
440,6
441,6
442,6
443,7
444,6
445,6
446,6
447,6
448,6
449,7
450,29
451,37
452,34
453,51
454,55
455,55
456,53
457,15
458,15
459,16
460,16
461,17
462,18
463,18
464,6
465,6
466,6
467,7
468,7
469,8
470,8
471,6
472,6
473,6
474,6
475,7
476,7
477,7
478,6
479,6
480,6
481,6
482,6
483,6
484,7
485,6
486,6
487,6
488,6
489,6
490,6
491,7
492,6
493,6
494,6
495,6
496,6
497,6
498,7
499,6
500,6
501,6
502,6
503,6
504,6
505,7
506,6
507,6
508,6
509,6
510,6
511,7
512,7
513,6
514,6
515,6
516,6
517,6
518,6
519,7
520,6
521,6
522,6
523,6
524,6
525,6
526,7
527,6
528,6
529,6
530,6
531,6
532,6
533,7
534,6
535,6
536,6
537,6
538,6
539,6
540,30
541,50
542,46
543,38
544,56
545,60
546,55
547,15
548,16
549,16
550,16
551,17
552,18
553,18
554,6
555,7
556,7
557,7
558,7
559,8
560,8
561,6
562,6
563,6
564,6
565,7
566,7
567,7
568,6
569,6
570,6
571,6
572,6
573,6
574,7
575,6
576,6
577,6
578,6
579,6
580,6
581,7
582,6
583,6
584,6
585,6
586,6
587,6
588,7
589,6
590,6
591,6
592,6
593,6
594,6
595,7
596,6
597,6
598,6
599,6
600,6
601,7
602,7
603,6
604,6
605,6
606,6
607,6
608,6
609,7
610,6
611,6
612,6
613,6
614,6
615,6
616,7
617,6
618,6
619,6
620,6
621,6
622,6
623,7
624,6
625,6
626,6
627,6
628,6
629,6
630,56
631,51
632,58
633,50
634,55
635,75
636,63
637,16
638,16
639,16
640,17
641,18
642,18
643,18
644,7
645,7
646,7
647,7
648,7
649,8
650,8
651,7
652,6
653,6
654,7
655,7
656,7
657,7
658,6
659,6
660,6
661,6
662,6
663,6
664,7
665,6
666,6
667,6
668,6
669,6
670,6
671,7
672,6
673,6
674,6
675,6
676,6
677,6
678,7
679,6
680,6
681,6
682,6
683,6
684,6
685,7
686,6
687,6
688,6
689,6
690,6
691,6
692,7
693,6
694,6
695,6
696,6
697,6
698,6
699,7
700,6
701,6
702,6
703,6
704,6
705,6
706,7
707,6
708,6
709,6
710,6
711,6
712,6
713,7
714,6
715,6
716,6
717,6
718,6
719,6
720,35
721,30
722,37
723,34
724,46
725,38
726,50
727,14
728,14
729,15
730,15
731,16
732,16
733,17
734,6
735,6
736,6
737,6
738,7
739,7
740,8
741,6
742,6
743,6
744,6
745,7
746,7
747,7
748,6
749,6
750,6
751,6
752,6
753,6
754,7
755,6
756,6
757,6
758,6
759,6
760,6
761,7
762,6
763,6
764,6
765,6
766,6
767,6
768,7
769,6
770,6
771,6
772,6
773,6
774,6
775,7
776,6
777,6
778,6
779,6
780,6
781,7
782,7
783,6
784,6
785,6
786,6
787,6
788,6
789,7
790,6
791,6
792,6
793,6
794,6
795,6
796,7
797,6
798,6
799,6
800,6
801,6
802,6
803,7
804,6
805,6
806,6
807,6
808,6
809,6
810,44
811,50
812,56
813,64
814,57
815,78
816,74
817,16
818,16
819,17
820,17
821,18
822,18
823,19
824,7
825,7
826,7
827,7
828,7
829,8
830,8
831,6
832,6
833,6
834,7
835,7
836,7
837,7
838,6
839,6
840,6
841,6
842,6
843,6
844,7
845,6
846,6
847,6
848,6
849,6
850,6
851,7
852,6
853,6
854,6
855,6
856,6
857,6
858,7
859,6
860,6
861,6
862,6
863,6
864,6
865,7
866,6
867,6
868,6
869,6
870,6
871,7
872,7
873,6
874,6
875,6
876,6
877,6
878,6
879,7
880,6
881,6
882,6
883,6
884,6
885,6
886,7
887,6
888,6
889,6
890,6
891,6
892,6
893,7
894,6
895,6
896,6
897,6
898,6
899,6
900,43
901,52
902,44
903,63
904,60
905,66
906,45
907,16
908,16
909,16
910,16
911,17
912,18
913,17
914,7
915,7
916,7
917,7
918,7
919,8
920,8
921,6
922,6
923,7
924,6
925,7
926,7
927,7
928,6
929,6
930,6
931,6
932,6
933,6
934,7
935,6
936,6
937,6
938,6
939,6
940,6
941,7
942,6
943,6
944,6
945,6
946,6
947,6
948,7
949,6
950,6
951,6
952,6
953,6
954,6
955,7
956,6
957,6
958,6
959,6
960,6
961,7
962,7
963,6
964,6
965,6
966,6
967,6
968,6
969,7
970,6
971,6
972,6
973,6
974,6
975,6
976,7
977,6
978,6
979,6
980,6
981,6
982,6
983,7
984,6
985,6
986,6
987,6
988,6
989,6
990,53
991,58
992,47
993,50
994,58
995,53
996,61
997,16
998,16
999,16
1000,16
1001,17
1002,18
1003,18
1004,7
1005,7
1006,7
1007,7
1008,7
1009,8
1010,8
1011,7
1012,6
1013,6
1014,6
1015,7
1016,7
1017,7
1018,6
1019,6
1020,6
1021,6
1022,6
1023,6
1024,7
1025,6
1026,6
1027,6
1028,6
1029,6
1030,6
1031,7
1032,6
1033,6
1034,6
1035,6
1036,6
1037,6
1038,7
1039,6
1040,6
1041,6
1042,6
1043,6
1044,6
1045,7
1046,6
1047,6
1048,6
1049,6
1050,6
1051,7
1052,7
1053,6
1054,6
1055,6
1056,6
1057,6
1058,6
1059,7
1060,6
1061,6
1062,6
1063,6
1064,6
1065,6
1066,7
1067,6
1068,6
1069,6
1070,6
1071,6
1072,6
1073,7
1074,6
1075,6
1076,6
1077,6
1078,6
1079,6
1080,45
1081,60
1082,50
1083,68
1084,73
1085,70
1086,76
1087,16
1088,17
1089,17
1090,17
1091,18
1092,18
1093,19
1094,7
1095,7
1096,7
1097,7
1098,7
1099,8
1100,8
1101,6
1102,6
1103,7
1104,6
1105,7
1106,7
1107,7
1108,6
1109,6
1110,6
1111,6
1112,6
1113,6
1114,7
1115,6
1116,6
1117,6
1118,6
1119,6
1120,6
1121,7
1122,6
1123,6
1124,6
1125,6
1126,6
1127,6
1128,7
1129,6
1130,6
1131,6
1132,6
1133,6
1134,6
1135,7
1136,6
1137,6
1138,6
1139,6
1140,6
1141,6
1142,7
1143,6
1144,6
1145,6
1146,6
1147,6
1148,6
1149,7
1150,6
1151,6
1152,6
1153,6
1154,6
1155,6
1156,7
1157,6
1158,6
1159,6
1160,6
1161,6
1162,6
1163,7
1164,6
1165,6
1166,6
1167,6
1168,6
1169,6
1170,43
1171,41
1172,43
1173,51
1174,43
1175,57
1176,52
1177,15
1178,15
1179,16
1180,16
1181,17
1182,18
1183,18
1184,7
1185,7
1186,7
1187,7
1188,7
1189,8
1190,8
1191,6
1192,6
1193,6
1194,6
1195,7
1196,7
1197,7
1198,6
1199,6
1200,6
1201,6
1202,6
1203,6
1204,7
1205,6
1206,6
1207,6
1208,6
1209,6
1210,6
1211,7
1212,6
1213,6
1214,6
1215,6
1216,6
1217,6
1218,7
1219,6
1220,6
1221,6
1222,6
1223,6
1224,6
1225,7
1226,6
1227,6
1228,6
1229,6
1230,6
1231,7
1232,7
1233,6
1234,6
1235,6
1236,6
1237,6
1238,6
1239,7
1240,6
1241,6
1242,6
1243,6
1244,6
1245,6
1246,7
1247,6
1248,6
1249,6
1250,6
1251,6
1252,6
1253,7
1254,6
1255,6
1256,6
1257,6
1258,6
1259,6
1260,51
1261,67
1262,62
1263,80
1264,66
1265,77
1266,65
1267,16
1268,17
1269,17
1270,17
1271,18
1272,18
1273,18
1274,7
1275,7
1276,7
1277,7
1278,7
1279,8
1280,8
1281,7
1282,6
1283,7
1284,7
1285,7
1286,7
1287,7
1288,6
1289,6
1290,6
1291,6
1292,6
1293,6
1294,7
1295,6
1296,6
1297,6
1298,6
1299,6
1300,6
1301,7
1302,6
1303,6
1304,6
1305,6
1306,6
1307,6
1308,7
1309,6
1310,6
1311,6
1312,6
1313,6
1314,6
1315,7
1316,6
1317,6
1318,6
1319,6
1320,6
1321,6
1322,7
1323,6
1324,6
1325,6
1326,6
1327,6
1328,6
1329,7
1330,6
1331,6
1332,6
1333,6
1334,6
1335,6
1336,7
1337,6
1338,6
1339,6
1340,6
1341,6
1342,6
1343,7
1344,6
1345,6
1346,6
1347,6
1348,6
1349,6
1350,15
1351,19
1352,17
1353,23
1354,14
1355,27
1356,37
1357,8
1358,8
1359,8
1360,10
1361,10
1362,13
1363,15
1364,6
1365,6
1366,6
1367,6
1368,6
1369,7
1370,7
1371,6
1372,6
1373,6
1374,6
1375,6
1376,7
1377,7
1378,6
1379,6
1380,6
1381,6
1382,6
1383,7
1384,7
1385,6
1386,6
1387,6
1388,6
1389,6
1390,7
1391,7
1392,6
1393,6
1394,6
1395,6
1396,6
1397,7
1398,7
1399,6
1400,6
1401,6
1402,6
1403,6
1404,7
1405,7
1406,6
1407,6
1408,6
1409,6
1410,6
1411,7
1412,7
1413,6
1414,6
1415,6
1416,6
1417,6
1418,7
1419,7
1420,6
1421,6
1422,6
1423,6
1424,6
1425,7
1426,7
1427,6
1428,6
1429,6
1430,6
1431,6
1432,7
1433,7
1434,6
1435,6
1436,6
1437,6
1438,6
1439,7
1440,18
1441,23
1442,28
1443,16
1444,27
1445,33
1446,37
1447,9
1448,10
1449,10
1450,11
1451,13
1452,14
1453,16
1454,6
1455,6
1456,6
1457,6
1458,7
1459,7
1460,7
1461,6
1462,6
1463,6
1464,6
1465,6
1466,7
1467,7
1468,6
1469,6
1470,6
1471,6
1472,6
1473,7
1474,7
1475,6
1476,6
1477,6
1478,6
1479,6
1480,7
1481,7
1482,6
1483,6
1484,6
1485,6
1486,6
1487,6
1488,7
1489,6
1490,6
1491,6
1492,6
1493,6
1494,7
1495,7
1496,6
1497,6
1498,6
1499,6
1500,6
1501,7
1502,7
1503,6
1504,6
1505,6
1506,6
1507,6
1508,6
1509,7
1510,6
1511,6
1512,6
1513,6
1514,6
1515,7
1516,7
1517,6
1518,6
1519,6
1520,6
1521,6
1522,6
1523,7
1524,6
1525,6
1526,6
1527,6
1528,6
1529,6
1530,44
1531,78
1532,54
1533,69
1534,67
1535,69
1536,88
1537,16
1538,17
1539,17
1540,17
1541,18
1542,18
1543,19
1544,7
1545,7
1546,7
1547,7
1548,7
1549,8
1550,8
1551,6
1552,6
1553,7
1554,7
1555,7
1556,7
1557,7
1558,6
1559,6
1560,6
1561,6
1562,6
1563,6
1564,7
1565,6
1566,6
1567,6
1568,6
1569,6
1570,6
1571,7
1572,6
1573,6
1574,6
1575,6
1576,6
1577,6
1578,7
1579,6
1580,6
1581,6
1582,6
1583,6
1584,6
1585,7
1586,6
1587,6
1588,6
1589,6
1590,6
1591,6
1592,7
1593,6
1594,6
1595,6
1596,6
1597,6
1598,6
1599,7
1600,6
1601,6
1602,6
1603,6
1604,6
1605,6
1606,7
1607,6
1608,6
1609,6
1610,6
1611,6
1612,6
1613,7
1614,6
1615,6
1616,6
1617,6
1618,6
1619,6
1620,25
1621,24
1622,31
1623,33
1624,30
1625,39
1626,35
1627,11
1628,11
1629,11
1630,12
1631,14
1632,15
1633,15
1634,6
1635,6
1636,6
1637,6
1638,7
1639,7
1640,7
1641,6
1642,6
1643,6
1644,6
1645,6
1646,7
1647,7
1648,6
1649,6
1650,6
1651,6
1652,6
1653,7
1654,7
1655,6
1656,6
1657,6
1658,6
1659,6
1660,6
1661,7
1662,6
1663,6
1664,6
1665,6
1666,6
1667,7
1668,7
1669,6
1670,6
1671,6
1672,6
1673,6
1674,6
1675,7
1676,6
1677,6
1678,6
1679,6
1680,6
1681,7
1682,7
1683,6
1684,6
1685,6
1686,6
1687,6
1688,6
1689,7
1690,6
1691,6
1692,6
1693,6
1694,6
1695,7
1696,7
1697,6
1698,6
1699,6
1700,6
1701,6
1702,6
1703,7
1704,6
1705,6
1706,6
1707,6
1708,6
1709,6
1710,38
1711,32
1712,30
1713,30
1714,50
1715,38
1716,47
1717,13
1718,13
1719,14
1720,15
1721,16
1722,16
1723,17
1724,6
1725,6
1726,6
1727,7
1728,7
1729,7
1730,8
1731,6
1732,6
1733,6
1734,6
1735,7
1736,7
1737,7
1738,6
1739,6
1740,6
1741,6
1742,6
1743,6
1744,7
1745,6
1746,6
1747,6
1748,6
1749,6
1750,6
1751,7
1752,6
1753,6
1754,6
1755,6
1756,6
1757,6
1758,7
1759,6
1760,6
1761,6
1762,6
1763,6
1764,6
1765,7
1766,6
1767,6
1768,6
1769,6
1770,6
1771,7
1772,7
1773,6
1774,6
1775,6
1776,6
1777,6
1778,6
1779,7
1780,6
1781,6
1782,6
1783,6
1784,6
1785,6
1786,7
1787,6
1788,6
1789,6
1790,6
1791,6
1792,6
1793,7
1794,6
1795,6
1796,6
1797,6
1798,6
1799,6
1800,17
1801,24
1802,30
1803,30
1804,35
1805,33
1806,31
1807,10
1808,11
1809,11
1810,12
1811,13
1812,13
1813,13
1814,6
1815,6
1816,6
1817,7
1818,7
1819,7
1820,7
1821,6
1822,6
1823,6
1824,6
1825,6
1826,7
1827,7
1828,6
1829,6
1830,6
1831,6
1832,6
1833,7
1834,7
1835,6
1836,6
1837,6
1838,6
1839,6
1840,6
1841,7
1842,6
1843,6
1844,6
1845,6
1846,6
1847,7
1848,7
1849,6
1850,6
1851,6
1852,6
1853,6
1854,7
1855,7
1856,6
1857,6
1858,6
1859,6
1860,6
1861,7
1862,7
1863,6
1864,6
1865,6
1866,6
1867,6
1868,6
1869,7
1870,6
1871,6
1872,6
1873,6
1874,6
1875,6
1876,7
1877,6
1878,6
1879,6
1880,6
1881,6
1882,6
1883,7
1884,6
1885,6
1886,6
1887,6
1888,6
1889,7
1890,64
1891,58
1892,46
1893,61
1894,69
1895,65
1896,87
1897,17
1898,16
1899,16
1900,17
1901,18
1902,18
1903,18
1904,7
1905,7
1906,7
1907,7
1908,7
1909,8
1910,8
1911,6
1912,6
1913,6
1914,7
1915,7
1916,7
1917,7
1918,6
1919,6
1920,6
1921,6
1922,6
1923,6
1924,7
1925,6
1926,6
1927,6
1928,6
1929,6
1930,6
1931,7
1932,6
1933,6
1934,6
1935,6
1936,6
1937,6
1938,7
1939,6
1940,6
1941,6
1942,6
1943,6
1944,6
1945,7
1946,6
1947,6
1948,6
1949,6
1950,6
1951,6
1952,7
1953,6
1954,6
1955,6
1956,6
1957,6
1958,6
1959,7
1960,6
1961,6
1962,6
1963,6
1964,6
1965,6
1966,7
1967,6
1968,6
1969,6
1970,6
1971,6
1972,6
1973,7
1974,6
1975,6
1976,6
1977,6
1978,6
1979,6
1980,15
1981,21
1982,25
1983,26
1984,21
1985,24
1986,28
1987,8
1988,9
1989,9
1990,9
1991,9
1992,11
1993,12
1994,6
1995,6
1996,6
1997,6
1998,6
1999,7
2000,7
2001,6
2002,6
2003,6
2004,6
2005,6
2006,7
2007,7
2008,6
2009,6
2010,6
2011,6
2012,6
2013,7
2014,7
2015,6
2016,6
2017,6
2018,6
2019,6
2020,7
2021,7
2022,6
2023,6
2024,6
2025,6
2026,6
2027,7
2028,7
2029,6
2030,6
2031,6
2032,6
2033,6
2034,7
2035,7
2036,6
2037,6
2038,6
2039,6
2040,6
2041,7
2042,7
2043,6
2044,6
2045,6
2046,6
2047,6
2048,6
2049,7
2050,6
2051,6
2052,6
2053,6
2054,6
2055,7
2056,7
2057,6
2058,6
2059,6
2060,6
2061,6
2062,7
2063,7
2064,6
2065,6
2066,6
2067,6
2068,6
2069,6
2070,37
2071,34
2072,45
2073,46
2074,53
2075,45
2076,54
2077,15
2078,15
2079,16
2080,16
2081,17
2082,17
2083,18
2084,6
2085,6
2086,7
2087,7
2088,7
2089,8
2090,8
2091,6
2092,6
2093,6
2094,6
2095,7
2096,7
2097,7
2098,6
2099,6
2100,6
2101,6
2102,6
2103,6
2104,7
2105,6
2106,6
2107,6
2108,6
2109,6
2110,6
2111,7
2112,6
2113,6
2114,6
2115,6
2116,6
2117,6
2118,7
2119,6
2120,6
2121,6
2122,6
2123,6
2124,6
2125,7
2126,6
2127,6
2128,6
2129,6
2130,6
2131,7
2132,7
2133,6
2134,6
2135,6
2136,6
2137,6
2138,6
2139,7
2140,6
2141,6
2142,6
2143,6
2144,6
2145,6
2146,7
2147,6
2148,6
2149,6
2150,6
2151,6
2152,6
2153,7
2154,6
2155,6
2156,6
2157,6
2158,6
2159,6
2160,48
2161,55
2162,65
2163,64
2164,59
2165,71
2166,82
2167,16
2168,17
2169,17
2170,17
2171,18
2172,18
2173,19
2174,7
2175,7
2176,7
2177,7
2178,7
2179,8
2180,8
2181,7
2182,6
2183,7
2184,7
2185,7
2186,7
2187,7
2188,6
2189,6
2190,6
2191,6
2192,6
2193,6
2194,7
2195,6
2196,6
2197,6
2198,6
2199,6
2200,6
2201,7
2202,6
2203,6
2204,6
2205,6
2206,6
2207,6
2208,7
2209,6
2210,6
2211,6
2212,6
2213,6
2214,6
2215,7
2216,6
2217,6
2218,6
2219,6
2220,6
2221,7
2222,7
2223,6
2224,6
2225,6
2226,6
2227,6
2228,6
2229,7
2230,6
2231,6
2232,6
2233,6
2234,6
2235,6
2236,7
2237,6
2238,6
2239,6
2240,6
2241,6
2242,6
2243,7
2244,6
2245,6
2246,6
2247,6
2248,6
2249,6
2250,28
2251,34
2252,43
2253,51
2254,34
2255,50
2256,54
2257,14
2258,15
2259,15
2260,16
2261,16
2262,17
2263,18
2264,6
2265,6
2266,7
2267,7
2268,7
2269,8
2270,8
2271,6
2272,6
2273,6
2274,6
2275,6
2276,7
2277,7
2278,6
2279,6
2280,6
2281,6
2282,6
2283,6
2284,7
2285,6
2286,6
2287,6
2288,6
2289,6
2290,6
2291,7
2292,6
2293,6
2294,6
2295,6
2296,6
2297,6
2298,7
2299,6
2300,6
2301,6
2302,6
2303,6
2304,6
2305,7
2306,6
2307,6
2308,6
2309,6
2310,6
2311,7
2312,7
2313,6
2314,6
2315,6
2316,6
2317,6
2318,6
2319,7
2320,6
2321,6
2322,6
2323,6
2324,6
2325,6
2326,7
2327,6
2328,6
2329,6
2330,6
2331,6
2332,6
2333,7
2334,6
2335,6
2336,6
2337,6
2338,6
2339,6
2340,14
2341,13
2342,18
2343,18
2344,17
2345,22
2346,22
2347,6
2348,6
2349,7
2350,7
2351,7
2352,9
2353,9
2354,6
2355,6
2356,6
2357,6
2358,6
2359,7
2360,7
2361,6
2362,6
2363,6
2364,6
2365,6
2366,7
2367,7
2368,6
2369,6
2370,6
2371,6
2372,6
2373,7
2374,7
2375,6
2376,6
2377,6
2378,6
2379,6
2380,6
2381,7
2382,6
2383,6
2384,6
2385,6
2386,6
2387,6
2388,7
2389,6
2390,6
2391,6
2392,6
2393,6
2394,7
2395,7
2396,6
2397,6
2398,6
2399,6
2400,6
2401,7
2402,7
2403,6
2404,6
2405,6
2406,6
2407,6
2408,7
2409,7
2410,6
2411,6
2412,6
2413,6
2414,6
2415,7
2416,7
2417,6
2418,6
2419,6
2420,6
2421,6
2422,6
2423,7
2424,6
2425,6
2426,6
2427,6
2428,6
2429,7
2430,41
2431,75
2432,58
2433,58
2434,62
2435,82
2436,93
2437,16
2438,17
2439,17
2440,17
2441,18
2442,19
2443,19
2444,7
2445,7
2446,7
2447,7
2448,7
2449,8
2450,8
2451,6
2452,6
2453,6
2454,7
2455,7
2456,7
2457,7
2458,6
2459,6
2460,6
2461,6
2462,6
2463,6
2464,7
2465,6
2466,6
2467,6
2468,6
2469,6
2470,6
2471,7
2472,6
2473,6
2474,6
2475,6
2476,6
2477,6
2478,7
2479,6
2480,6
2481,6
2482,6
2483,6
2484,6
2485,7
2486,6
2487,6
2488,6
2489,6
2490,6
2491,6
2492,7
2493,6
2494,6
2495,6
2496,6
2497,6
2498,6
2499,7
2500,6
2501,6
2502,6
2503,6
2504,6
2505,6
2506,7
2507,6
2508,6
2509,6
2510,6
2511,6
2512,6
2513,7
2514,6
2515,6
2516,6
2517,6
2518,6
2519,6
2520,44
2521,48
2522,53
2523,61
2524,59
2525,58
2526,51
2527,16
2528,16
2529,16
2530,16
2531,17
2532,18
2533,18
2534,7
2535,7
2536,7
2537,7
2538,7
2539,8
2540,8
2541,7
2542,6
2543,6
2544,6
2545,7
2546,7
2547,7
2548,6
2549,6
2550,6
2551,6
2552,6
2553,6
2554,7
2555,6
2556,6
2557,6
2558,6
2559,6
2560,6
2561,7
2562,6
2563,6
2564,6
2565,6
2566,6
2567,6
2568,7
2569,6
2570,6
2571,6
2572,6
2573,6
2574,6
2575,7
2576,6
2577,6
2578,6
2579,6
2580,6
2581,7
2582,7
2583,6
2584,6
2585,6
2586,6
2587,6
2588,6
2589,7
2590,6
2591,6
2592,6
2593,6
2594,6
2595,6
2596,7
2597,6
2598,6
2599,6
2600,6
2601,6
2602,6
2603,7
2604,6
2605,6
2606,6
2607,6
2608,6
2609,6
2610,29
2611,27
2612,28
2613,31
2614,25
2615,33
2616,37
2617,11
2618,11
2619,11
2620,11
2621,13
2622,14
2623,16
2624,6
2625,6
2626,6
2627,6
2628,7
2629,7
2630,7
2631,6
2632,6
2633,6
2634,6
2635,6
2636,7
2637,7
2638,6
2639,6
2640,6
2641,6
2642,6
2643,7
2644,7
2645,6
2646,6
2647,6
2648,6
2649,6
2650,6
2651,7
2652,6
2653,6
2654,6
2655,6
2656,6
2657,7
2658,7
2659,6
2660,6
2661,6
2662,6
2663,6
2664,6
2665,7
2666,6
2667,6
2668,6
2669,6
2670,6
2671,7
2672,7
2673,6
2674,6
2675,6
2676,6
2677,6
2678,6
2679,7
2680,6
2681,6
2682,6
2683,6
2684,6
2685,6
2686,7
2687,6
2688,6
2689,6
2690,6
2691,6
2692,6
2693,7
2694,6
2695,6
2696,6
2697,6
2698,6
2699,6
2700,34
2701,42
2702,34
2703,46
2704,49
2705,43
2706,48
2707,15
2708,15
2709,15
2710,16
2711,16
2712,16
2713,17
2714,6
2715,7
2716,7
2717,7
2718,7
2719,8
2720,8
2721,6
2722,6
2723,6
2724,6
2725,7
2726,7
2727,7
2728,6
2729,6
2730,6
2731,6
2732,6
2733,6
2734,7
2735,6
2736,6
2737,6
2738,6
2739,6
2740,6
2741,7
2742,6
2743,6
2744,6
2745,6
2746,6
2747,6
2748,7
2749,6
2750,6
2751,6
2752,6
2753,6
2754,6
2755,7
2756,6
2757,6
2758,6
2759,6
2760,6
2761,7
2762,7
2763,6
2764,6
2765,6
2766,6
2767,6
2768,6
2769,7
2770,6
2771,6
2772,6
2773,6
2774,6
2775,6
2776,7
2777,6
2778,6
2779,6
2780,6
2781,6
2782,6
2783,7
2784,6
2785,6
2786,6
2787,6
2788,6
2789,6
2790,27
2791,33
2792,28
2793,36
2794,37
2795,27
2796,41
2797,11
2798,11
2799,11
2800,12
2801,13
2802,13
2803,16
2804,6
2805,6
2806,6
2807,6
2808,7
2809,7
2810,8
2811,6
2812,6
2813,6
2814,6
2815,7
2816,7
2817,7
2818,6
2819,6
2820,6
2821,6
2822,6
2823,7
2824,7
2825,6
2826,6
2827,6
2828,6
2829,6
2830,6
2831,7
2832,6
2833,6
2834,6
2835,6
2836,6
2837,6
2838,7
2839,6
2840,6
2841,6
2842,6
2843,6
2844,7
2845,7
2846,6
2847,6
2848,6
2849,6
2850,6
2851,7
2852,7
2853,6
2854,6
2855,6
2856,6
2857,6
2858,6
2859,7
2860,6
2861,6
2862,6
2863,6
2864,6
2865,6
2866,7
2867,6
2868,6
2869,6
2870,6
2871,6
2872,6
2873,7
2874,6
2875,6
2876,6
2877,6
2878,6
2879,6
2880,51
2881,48
2882,62
2883,38
2884,49
2885,62
2886,62
2887,16
2888,16
2889,16
2890,16
2891,17
2892,18
2893,18
2894,7
2895,7
2896,7
2897,7
2898,7
2899,8
2900,8
2901,6
2902,6
2903,6
2904,6
2905,7
2906,7
2907,7
2908,6
2909,6
2910,6
2911,6
2912,6
2913,6
2914,7
2915,6
2916,6
2917,6
2918,6
2919,6
2920,6
2921,7
2922,6
2923,6
2924,6
2925,6
2926,6
2927,6
2928,7
2929,6
2930,6
2931,6
2932,6
2933,6
2934,6
2935,7
2936,6
2937,6
2938,6
2939,6
2940,6
2941,7
2942,7
2943,6
2944,6
2945,6
2946,6
2947,6
2948,6
2949,7
2950,6
2951,6
2952,6
2953,6
2954,6
2955,6
2956,7
2957,6
2958,6
2959,6
2960,6
2961,6
2962,6
2963,7
2964,6
2965,6
2966,6
2967,6
2968,6
2969,6
2970,13
2971,19
2972,20
2973,20
2974,25
2975,24
2976,31
2977,8
2978,8
2979,8
2980,9
2981,11
2982,12
2983,13
2984,6
2985,6
2986,6
2987,6
2988,7
2989,7
2990,7
2991,6
2992,6
2993,6
2994,6
2995,6
2996,7
2997,7
2998,6
2999,6
3000,6
3001,6
3002,6
3003,7
3004,7
3005,6
3006,6
3007,6
3008,6
3009,6
3010,7
3011,7
3012,6
3013,6
3014,6
3015,6
3016,6
3017,7
3018,7
3019,6
3020,6
3021,6
3022,6
3023,6
3024,7
3025,7
3026,6
3027,6
3028,6
3029,6
3030,6
3031,7
3032,7
3033,6
3034,6
3035,6
3036,6
3037,6
3038,7
3039,7
3040,6
3041,6
3042,6
3043,6
3044,6
3045,7
3046,7
3047,6
3048,6
3049,6
3050,6
3051,6
3052,7
3053,7
3054,6
3055,6
3056,6
3057,6
3058,6
3059,7
3060,43
3061,51
3062,54
3063,50
3064,49
3065,66
3066,56
3067,16
3068,16
3069,16
3070,16
3071,17
3072,18
3073,18
3074,7
3075,7
3076,7
3077,7
3078,7
3079,8
3080,8
3081,6
3082,6
3083,7
3084,6
3085,7
3086,7
3087,7
3088,6
3089,6
3090,6
3091,6
3092,6
3093,6
3094,7
3095,6
3096,6
3097,6
3098,6
3099,6
3100,6
3101,7
3102,6
3103,6
3104,6
3105,6
3106,6
3107,6
3108,7
3109,6
3110,6
3111,6
3112,6
3113,6
3114,6
3115,7
3116,6
3117,6
3118,6
3119,6
3120,6
3121,6
3122,7
3123,6
3124,6
3125,6
3126,6
3127,6
3128,6
3129,7
3130,6
3131,6
3132,6
3133,6
3134,6
3135,6
3136,7
3137,6
3138,6
3139,6
3140,6
3141,6
3142,6
3143,7
3144,6
3145,6
3146,6
3147,6
3148,6
3149,6
3150,50
3151,40
3152,62
3153,58
3154,69
3155,69
3156,72
3157,16
3158,16
3159,17
3160,17
3161,18
3162,18
3163,18
3164,7
3165,7
3166,7
3167,7
3168,7
3169,8
3170,8
3171,6
3172,6
3173,6
3174,6
3175,7
3176,7
3177,7
3178,6
3179,6
3180,6
3181,6
3182,6
3183,6
3184,7
3185,6
3186,6
3187,6
3188,6
3189,6
3190,6
3191,7
3192,6
3193,6
3194,6
3195,6
3196,6
3197,6
3198,7
3199,6
3200,6
3201,6
3202,6
3203,6
3204,6
3205,7
3206,6
3207,6
3208,6
3209,6
3210,6
3211,6
3212,7
3213,6
3214,6
3215,6
3216,6
3217,6
3218,6
3219,7
3220,6
3221,6
3222,6
3223,6
3224,6
3225,6
3226,7
3227,6
3228,6
3229,6
3230,6
3231,6
3232,6
3233,7
3234,6
3235,6
3236,6
3237,6
3238,6
3239,6
3240,11
3241,18
3242,16
3243,18
3244,21
3245,23
3246,17
3247,7
3248,7
3249,7
3250,7
3251,8
3252,8
3253,8
3254,6
3255,6
3256,6
3257,6
3258,6
3259,7
3260,7
3261,6
3262,6
3263,6
3264,6
3265,6
3266,7
3267,7
3268,6
3269,6
3270,6
3271,6
3272,6
3273,7
3274,7
3275,6
3276,6
3277,6
3278,6
3279,6
3280,7
3281,7
3282,6
3283,6
3284,6
3285,6
3286,6
3287,6
3288,7
3289,6
3290,6
3291,6
3292,6
3293,6
3294,7
3295,7
3296,6
3297,6
3298,6
3299,6
3300,6
3301,7
3302,7
3303,6
3304,6
3305,6
3306,6
3307,6
3308,7
3309,7
3310,6
3311,6
3312,6
3313,6
3314,6
3315,7
3316,7
3317,6
3318,6
3319,6
3320,6
3321,6
3322,6
3323,7
3324,6
3325,6
3326,6
3327,6
3328,6
3329,7
3330,47
3331,49
3332,62
3333,57
3334,64
3335,68
3336,90
3337,16
3338,17
3339,17
3340,17
3341,18
3342,19
3343,19
3344,7
3345,7
3346,7
3347,7
3348,7
3349,8
3350,8
3351,6
3352,6
3353,7
3354,7
3355,7
3356,7
3357,7
3358,6
3359,6
3360,6
3361,6
3362,6
3363,6
3364,7
3365,6
3366,6
3367,6
3368,6
3369,6
3370,6
3371,7
3372,6
3373,6
3374,6
3375,6
3376,6
3377,6
3378,7
3379,6
3380,6
3381,6
3382,6
3383,6
3384,6
3385,7
3386,6
3387,6
3388,6
3389,6
3390,6
3391,7
3392,7
3393,6
3394,6
3395,6
3396,6
3397,6
3398,6
3399,7
3400,6
3401,6
3402,6
3403,6
3404,6
3405,6
3406,7
3407,6
3408,6
3409,6
3410,6
3411,6
3412,6
3413,7
3414,6
3415,6
3416,6
3417,6
3418,6
3419,6
3420,31
3421,42
3422,32
3423,23
3424,38
3425,35
3426,41
3427,11
3428,12
3429,11
3430,12
3431,15
3432,15
3433,16
3434,6
3435,6
3436,6
3437,6
3438,7
3439,7
3440,8
3441,6
3442,6
3443,6
3444,6
3445,6
3446,7
3447,7
3448,6
3449,6
3450,6
3451,6
3452,6
3453,7
3454,7
3455,6
3456,6
3457,6
3458,6
3459,6
3460,6
3461,7
3462,6
3463,6
3464,6
3465,6
3466,6
3467,6
3468,7
3469,6
3470,6
3471,6
3472,6
3473,6
3474,6
3475,7
3476,6
3477,6
3478,6
3479,6
3480,6
3481,7
3482,7
3483,6
3484,6
3485,6
3486,6
3487,6
3488,6
3489,7
3490,6
3491,6
3492,6
3493,6
3494,6
3495,6
3496,7
3497,6
3498,6
3499,6
3500,6
3501,6
3502,6
3503,7
3504,6
3505,6
3506,6
3507,6
3508,6
3509,6
3510,20
3511,15
3512,24
3513,27
3514,22
3515,21
3516,38
3517,8
3518,9
3519,10
3520,10
3521,11
3522,13
3523,16
3524,6
3525,6
3526,6
3527,6
3528,6
3529,7
3530,7
3531,6
3532,6
3533,6
3534,6
3535,6
3536,7
3537,7
3538,6
3539,6
3540,6
3541,6
3542,6
3543,7
3544,7
3545,6
3546,6
3547,6
3548,6
3549,6
3550,7
3551,7
3552,6
3553,6
3554,6
3555,6
3556,6
3557,7
3558,7
3559,6
3560,6
3561,6
3562,6
3563,6
3564,7
3565,7
3566,6
3567,6
3568,6
3569,6
3570,6
3571,7
3572,7
3573,6
3574,6
3575,6
3576,6
3577,6
3578,7
3579,7
3580,6
3581,6
3582,6
3583,6
3584,6
3585,7
3586,7
3587,6
3588,6
3589,6
3590,6
3591,6
3592,7
3593,7
3594,6
3595,6
3596,6
3597,6
3598,6
3599,7
3600,11
3601,15
3602,11
3603,11
3604,22
3605,21
3606,25
3607,6
3608,7
3609,7
3610,7
3611,8
3612,9
3613,11
3614,6
3615,6
3616,6
3617,6
3618,6
3619,6
3620,7
3621,6
3622,6
3623,6
3624,6
3625,6
3626,7
3627,7
3628,6
3629,6
3630,6
3631,6
3632,6
3633,7
3634,7
3635,6
3636,6
3637,6
3638,6
3639,6
3640,7
3641,7
3642,6
3643,6
3644,6
3645,6
3646,6
3647,7
3648,7
3649,6
3650,6
3651,6
3652,6
3653,6
3654,6
3655,7
3656,6
3657,6
3658,6
3659,6
3660,6
3661,7
3662,7
3663,6
3664,6
3665,6
3666,6
3667,6
3668,7
3669,7
3670,6
3671,6
3672,6
3673,6
3674,6
3675,7
3676,7
3677,6
3678,6
3679,6
3680,6
3681,6
3682,7
3683,7
3684,6
3685,6
3686,6
3687,6
3688,6
3689,7
3690,19
3691,27
3692,23
3693,20
3694,18
3695,34
3696,27
3697,8
3698,9
3699,9
3700,9
3701,11
3702,13
3703,12
3704,6
3705,6
3706,6
3707,6
3708,6
3709,7
3710,7
3711,6
3712,6
3713,6
3714,6
3715,6
3716,7
3717,7
3718,6
3719,6
3720,6
3721,6
3722,6
3723,7
3724,7
3725,6
3726,6
3727,6
3728,6
3729,6
3730,7
3731,7
3732,6
3733,6
3734,6
3735,6
3736,6
3737,7
3738,7
3739,6
3740,6
3741,6
3742,6
3743,6
3744,6
3745,7
3746,6
3747,6
3748,6
3749,6
3750,6
3751,7
3752,7
3753,6
3754,6
3755,6
3756,6
3757,6
3758,6
3759,7
3760,6
3761,6
3762,6
3763,6
3764,6
3765,6
3766,7
3767,6
3768,6
3769,6
3770,6
3771,6
3772,6
3773,7
3774,6
3775,6
3776,6
3777,6
3778,6
3779,6
3780,33
3781,35
3782,29
3783,29
3784,33
3785,57
3786,41
3787,13
3788,13
3789,13
3790,15
3791,16
3792,17
3793,17
3794,6
3795,6
3796,7
3797,6
3798,7
3799,8
3800,8
3801,6
3802,6
3803,6
3804,6
3805,6
3806,7
3807,7
3808,6
3809,6
3810,6
3811,6
3812,6
3813,6
3814,7
3815,6
3816,6
3817,6
3818,6
3819,6
3820,6
3821,7
3822,6
3823,6
3824,6
3825,6
3826,6
3827,6
3828,7
3829,6
3830,6
3831,6
3832,6
3833,6
3834,6
3835,7
3836,6
3837,6
3838,6
3839,6
3840,6
3841,7
3842,7
3843,6
3844,6
3845,6
3846,6
3847,6
3848,6
3849,7
3850,6
3851,6
3852,6
3853,6
3854,6
3855,6
3856,7
3857,6
3858,6
3859,6
3860,6
3861,6
3862,6
3863,7
3864,6
3865,6
3866,6
3867,6
3868,6
3869,6
3870,15
3871,15
3872,22
3873,20
3874,34
3875,22
3876,25
3877,8
3878,8
3879,9
3880,10
3881,12
3882,9
3883,11
3884,6
3885,6
3886,6
3887,6
3888,7
3889,7
3890,7
3891,6
3892,6
3893,6
3894,6
3895,6
3896,7
3897,7
3898,6
3899,6
3900,6
3901,6
3902,6
3903,7
3904,7
3905,6
3906,6
3907,6
3908,6
3909,6
3910,7
3911,7
3912,6
3913,6
3914,6
3915,6
3916,6
3917,7
3918,7
3919,6
3920,6
3921,6
3922,6
3923,6
3924,7
3925,7
3926,6
3927,6
3928,6
3929,6
3930,6
3931,7
3932,7
3933,6
3934,6
3935,6
3936,6
3937,6
3938,7
3939,7
3940,6
3941,6
3942,6
3943,6
3944,6
3945,6
3946,7
3947,6
3948,6
3949,6
3950,6
3951,6
3952,6
3953,7
3954,6
3955,6
3956,6
3957,6
3958,6
3959,7
3960,53
3961,67
3962,65
3963,54
3964,77
3965,64
3966,73
3967,16
3968,17
3969,17
3970,17
3971,17
3972,18
3973,19
3974,7
3975,7
3976,7
3977,7
3978,7
3979,8
3980,8
3981,6
3982,6
3983,7
3984,6
3985,7
3986,7
3987,7
3988,6
3989,6
3990,6
3991,6
3992,6
3993,6
3994,7
3995,6
3996,6
3997,6
3998,6
3999,6
4000,6
4001,7
4002,6
4003,6
4004,6
4005,6
4006,6
4007,6
4008,7
4009,6
4010,6
4011,6
4012,6
4013,6
4014,6
4015,7
4016,6
4017,6
4018,6
4019,6
4020,6
4021,6
4022,7
4023,6
4024,6
4025,6
4026,6
4027,6
4028,6
4029,7
4030,6
4031,6
4032,6
4033,6
4034,6
4035,6
4036,7
4037,6
4038,6
4039,6
4040,6
4041,6
4042,6
4043,7
4044,6
4045,6
4046,6
4047,6
4048,6
4049,6
4050,30
4051,38
4052,43
4053,42
4054,49
4055,55
4056,52
4057,15
4058,15
4059,15
4060,16
4061,17
4062,18
4063,18
4064,6
4065,6
4066,7
4067,7
4068,7
4069,8
4070,8
4071,6
4072,6
4073,6
4074,6
4075,7
4076,7
4077,7
4078,6
4079,6
4080,6
4081,6
4082,6
4083,6
4084,7
4085,6
4086,6
4087,6
4088,6
4089,6
4090,6
4091,7
4092,6
4093,6
4094,6
4095,6
4096,6
4097,6
4098,7
4099,6
4100,6
4101,6
4102,6
4103,6
4104,6
4105,7
4106,6
4107,6
4108,6
4109,6
4110,6
4111,6
4112,7
4113,6
4114,6
4115,6
4116,6
4117,6
4118,6
4119,7
4120,6
4121,6
4122,6
4123,6
4124,6
4125,6
4126,7
4127,6
4128,6
4129,6
4130,6
4131,6
4132,6
4133,7
4134,6
4135,6
4136,6
4137,6
4138,6
4139,6
4140,11
4141,15
4142,13
4143,15
4144,20
4145,19
4146,12
4147,6
4148,6
4149,6
4150,6
4151,7
4152,7
4153,7
4154,6
4155,6
4156,6
4157,6
4158,6
4159,6
4160,7
4161,6
4162,6
4163,6
4164,6
4165,6
4166,6
4167,7
4168,6
4169,6
4170,6
4171,6
4172,6
4173,6
4174,7
4175,6
4176,6
4177,6
4178,6
4179,6
4180,7
4181,7
4182,6
4183,6
4184,6
4185,6
4186,6
4187,7
4188,7
4189,6
4190,6
4191,6
4192,6
4193,6
4194,7
4195,7
4196,6
4197,6
4198,6
4199,6
4200,6
4201,7
4202,7
4203,6
4204,6
4205,6
4206,6
4207,6
4208,6
4209,7
4210,6
4211,6
4212,6
4213,6
4214,6
4215,7
4216,7
4217,6
4218,6
4219,6
4220,6
4221,6
4222,7
4223,7
4224,6
4225,6
4226,6
4227,6
4228,6
4229,7
4230,43
4231,42
4232,32
4233,37
4234,39
4235,50
4236,47
4237,15
4238,15
4239,15
4240,15
4241,16
4242,17
4243,17
4244,7
4245,7
4246,6
4247,7
4248,7
4249,8
4250,8
4251,6
4252,6
4253,6
4254,6
4255,7
4256,7
4257,7
4258,6
4259,6
4260,6
4261,6
4262,6
4263,6
4264,7
4265,6
4266,6
4267,6
4268,6
4269,6
4270,6
4271,7
4272,6
4273,6
4274,6
4275,6
4276,6
4277,6
4278,7
4279,6
4280,6
4281,6
4282,6
4283,6
4284,6
4285,7
4286,6
4287,6
4288,6
4289,6
4290,6
4291,7
4292,7
4293,6
4294,6
4295,6
4296,6
4297,6
4298,6
4299,7
4300,6
4301,6
4302,6
4303,6
4304,6
4305,6
4306,7
4307,6
4308,6
4309,6
4310,6
4311,6
4312,6
4313,7
4314,6
4315,6
4316,6
4317,6
4318,6
4319,6
4320,26
4321,22
4322,18
4323,22
4324,23
4325,28
4326,22
4327,8
4328,8
4329,8
4330,9
4331,10
4332,11
4333,9
4334,6
4335,6
4336,6
4337,6
4338,6
4339,7
4340,7
4341,6
4342,6
4343,6
4344,6
4345,6
4346,7
4347,7
4348,6
4349,6
4350,6
4351,6
4352,6
4353,7
4354,7
4355,6
4356,6
4357,6
4358,6
4359,6
4360,7
4361,7
4362,6
4363,6
4364,6
4365,6
4366,6
4367,7
4368,7
4369,6
4370,6
4371,6
4372,6
4373,6
4374,7
4375,7
4376,6
4377,6
4378,6
4379,6
4380,6
4381,7
4382,7
4383,6
4384,6
4385,6
4386,6
4387,6
4388,6
4389,7
4390,6
4391,6
4392,6
4393,6
4394,6
4395,7
4396,7
4397,6
4398,6
4399,6
4400,6
4401,6
4402,7
4403,7
4404,6
4405,6
4406,6
4407,6
4408,6
4409,7
4410,36
4411,42
4412,39
4413,52
4414,59
4415,66
4416,45
4417,15
4418,16
4419,16
4420,16
4421,17
4422,18
4423,17
4424,7
4425,7
4426,7
4427,7
4428,7
4429,8
4430,8
4431,6
4432,6
4433,6
4434,6
4435,7
4436,7
4437,7
4438,6
4439,6
4440,6
4441,6
4442,6
4443,6
4444,7
4445,6
4446,6
4447,6
4448,6
4449,6
4450,6
4451,7
4452,6
4453,6
4454,6
4455,6
4456,6
4457,6
4458,7
4459,6
4460,6
4461,6
4462,6
4463,6
4464,6
4465,7
4466,6
4467,6
4468,6
4469,6
4470,6
4471,6
4472,7
4473,6
4474,6
4475,6
4476,6
4477,6
4478,6
4479,7
4480,6
4481,6
4482,6
4483,6
4484,6
4485,6
4486,7
4487,6
4488,6
4489,6
4490,6
4491,6
4492,6
4493,7
4494,6
4495,6
4496,6
4497,6
4498,6
4499,6
4500,18
4501,24
4502,19
4503,21
4504,19
4505,25
4506,30
4507,8
4508,8
4509,8
4510,8
4511,10
4512,12
4513,13
4514,6
4515,6
4516,6
4517,6
4518,6
4519,7
4520,7
4521,6
4522,6
4523,6
4524,6
4525,6
4526,7
4527,7
4528,6
4529,6
4530,6
4531,6
4532,6
4533,7
4534,7
4535,6
4536,6
4537,6
4538,6
4539,6
4540,7
4541,7
4542,6
4543,6
4544,6
4545,6
4546,6
4547,7
4548,7
4549,6
4550,6
4551,6
4552,6
4553,6
4554,7
4555,7
4556,6
4557,6
4558,6
4559,6
4560,6
4561,7
4562,7
4563,6
4564,6
4565,6
4566,6
4567,6
4568,7
4569,7
4570,6
4571,6
4572,6
4573,6
4574,6
4575,7
4576,7
4577,6
4578,6
4579,6
4580,6
4581,6
4582,7
4583,7
4584,6
4585,6
4586,6
4587,6
4588,6
4589,7
4590,57
4591,65
4592,73
4593,69
4594,57
4595,74
4596,80
4597,16
4598,17
4599,17
4600,17
4601,18
4602,18
4603,18
4604,7
4605,7
4606,7
4607,7
4608,7
4609,8
4610,8
4611,6
4612,6
4613,7
4614,6
4615,7
4616,7
4617,7
4618,6
4619,6
4620,6
4621,6
4622,6
4623,6
4624,7
4625,6
4626,6
4627,6
4628,6
4629,6
4630,6
4631,7
4632,6
4633,6
4634,6
4635,6
4636,6
4637,6
4638,7
4639,6
4640,6
4641,6
4642,6
4643,6
4644,6
4645,7
4646,6
4647,6
4648,6
4649,6
4650,6
4651,6
4652,7
4653,6
4654,6
4655,6
4656,6
4657,6
4658,6
4659,7
4660,6
4661,6
4662,6
4663,6
4664,6
4665,6
4666,7
4667,6
4668,6
4669,6
4670,6
4671,6
4672,6
4673,7
4674,6
4675,6
4676,6
4677,6
4678,6
4679,6
4680,28
4681,47
4682,36
4683,40
4684,34
4685,37
4686,54
4687,14
4688,15
4689,15
4690,15
4691,16
4692,16
4693,18
4694,6
4695,7
4696,6
4697,7
4698,7
4699,7
4700,8
4701,6
4702,6
4703,6
4704,6
4705,6
4706,7
4707,7
4708,6
4709,6
4710,6
4711,6
4712,6
4713,6
4714,7
4715,6
4716,6
4717,6
4718,6
4719,6
4720,6
4721,7
4722,6
4723,6
4724,6
4725,6
4726,6
4727,6
4728,7
4729,6
4730,6
4731,6
4732,6
4733,6
4734,6
4735,7
4736,6
4737,6
4738,6
4739,6
4740,6
4741,7
4742,7
4743,6
4744,6
4745,6
4746,6
4747,6
4748,6
4749,7
4750,6
4751,6
4752,6
4753,6
4754,6
4755,6
4756,7
4757,6
4758,6
4759,6
4760,6
4761,6
4762,6
4763,7
4764,6
4765,6
4766,6
4767,6
4768,6
4769,6
4770,22
4771,19
4772,26
4773,23
4774,22
4775,34
4776,29
4777,9
4778,9
4779,10
4780,10
4781,12
4782,13
4783,13
4784,6
4785,6
4786,6
4787,6
4788,7
4789,7
4790,7
4791,6
4792,6
4793,6
4794,6
4795,6
4796,7
4797,7
4798,6
4799,6
4800,6
4801,6
4802,6
4803,7
4804,7
4805,6
4806,6
4807,6
4808,6
4809,6
4810,7
4811,7
4812,6
4813,6
4814,6
4815,6
4816,6
4817,7
4818,7
4819,6
4820,6
4821,6
4822,6
4823,6
4824,7
4825,7
4826,6
4827,6
4828,6
4829,6
4830,6
4831,7
4832,7
4833,6
4834,6
4835,6
4836,6
4837,6
4838,7
4839,7
4840,6
4841,6
4842,6
4843,6
4844,6
4845,7
4846,7
4847,6
4848,6
4849,6
4850,6
4851,6
4852,7
4853,7
4854,6
4855,6
4856,6
4857,6
4858,6
4859,7
4860,25
4861,18
4862,20
4863,19
4864,25
4865,20
4866,22
4867,8
4868,7
4869,8
4870,8
4871,9
4872,9
4873,9
4874,6
4875,6
4876,6
4877,6
4878,7
4879,7
4880,7
4881,6
4882,6
4883,6
4884,6
4885,6
4886,7
4887,7
4888,6
4889,6
4890,6
4891,6
4892,6
4893,7
4894,7
4895,6
4896,6
4897,6
4898,6
4899,6
4900,7
4901,7
4902,6
4903,6
4904,6
4905,6
4906,6
4907,7
4908,7
4909,6
4910,6
4911,6
4912,6
4913,6
4914,7
4915,7
4916,6
4917,6
4918,6
4919,6
4920,6
4921,7
4922,7
4923,6
4924,6
4925,6
4926,6
4927,6
4928,7
4929,7
4930,6
4931,6
4932,6
4933,6
4934,6
4935,7
4936,7
4937,6
4938,6
4939,6
4940,6
4941,6
4942,7
4943,7
4944,6
4945,6
4946,6
4947,6
4948,6
4949,7
4950,56
4951,54
4952,56
4953,63
4954,72
4955,67
4956,58
4957,16
4958,16
4959,17
4960,17
4961,17
4962,18
4963,18
4964,7
4965,7
4966,7
4967,7
4968,7
4969,8
4970,8
4971,6
4972,6
4973,6
4974,7
4975,7
4976,7
4977,7
4978,6
4979,6
4980,6
4981,6
4982,6
4983,6
4984,7
4985,6
4986,6
4987,6
4988,6
4989,6
4990,6
4991,7
4992,6
4993,6
4994,6
4995,6
4996,6
4997,6
4998,7
4999,6
5000,6
5001,6
5002,6
5003,6
5004,6
5005,7
5006,6
5007,6
5008,6
5009,6
5010,6
5011,6
5012,7
5013,6
5014,6
5015,6
5016,6
5017,6
5018,6
5019,7
5020,6
5021,6
5022,6
5023,6
5024,6
5025,6
5026,7
5027,6
5028,6
5029,6
5030,6
5031,6
5032,6
5033,7
5034,6
5035,6
5036,6
5037,6
5038,6
5039,6
5040,56
5041,55
5042,65
5043,72
5044,69
5045,72
5046,71
5047,16
5048,16
5049,17
5050,17
5051,17
5052,18
5053,19
5054,7
5055,7
5056,7
5057,7
5058,7
5059,8
5060,8
5061,6
5062,6
5063,7
5064,7
5065,7
5066,7
5067,7
5068,6
5069,6
5070,6
5071,6
5072,6
5073,6
5074,7
5075,6
5076,6
5077,6
5078,6
5079,6
5080,6
5081,7
5082,6
5083,6
5084,6
5085,6
5086,6
5087,6
5088,7
5089,6
5090,6
5091,6
5092,6
5093,6
5094,6
5095,7
5096,6
5097,6
5098,6
5099,6
5100,6
5101,6
5102,7
5103,6
5104,6
5105,6
5106,6
5107,6
5108,6
5109,7
5110,6
5111,6
5112,6
5113,6
5114,6
5115,6
5116,7
5117,6
5118,6
5119,6
5120,6
5121,6
5122,6
5123,7
5124,6
5125,6
5126,6
5127,6
5128,6
5129,6
5130,67
5131,82
5132,80
5133,91
5134,100
5135,104
5136,123
5137,17
5138,17
5139,17
5140,18
5141,18
5142,19
5143,19
5144,7
5145,7
5146,7
5147,7
5148,7
5149,8
5150,8
5151,6
5152,6
5153,6
5154,7
5155,7
5156,7
5157,7
5158,6
5159,6
5160,6
5161,6
5162,6
5163,6
5164,7
5165,6
5166,6
5167,6
5168,6
5169,6
5170,6
5171,7
5172,6
5173,6
5174,6
5175,6
5176,6
5177,6
5178,7
5179,6
5180,6
5181,6
5182,6
5183,6
5184,6
5185,7
5186,6
5187,6
5188,6
5189,6
5190,6
5191,6
5192,7
5193,6
5194,6
5195,6
5196,6
5197,6
5198,6
5199,7
5200,6
5201,6
5202,6
5203,6
5204,6
5205,6
5206,7
5207,6
5208,6
5209,6
5210,6
5211,6
5212,6
5213,7
5214,6
5215,6
5216,6
5217,6
5218,6
5219,6
5220,42
5221,44
5222,51
5223,60
5224,49
5225,59
5226,75
5227,16
5228,16
5229,16
5230,17
5231,17
5232,18
5233,18
5234,7
5235,7
5236,7
5237,7
5238,7
5239,8
5240,8
5241,6
5242,6
5243,6
5244,6
5245,7
5246,7
5247,7
5248,6
5249,6
5250,6
5251,6
5252,6
5253,6
5254,7
5255,6
5256,6
5257,6
5258,6
5259,6
5260,6
5261,7
5262,6
5263,6
5264,6
5265,6
5266,6
5267,6
5268,7
5269,6
5270,6
5271,6
5272,6
5273,6
5274,6
5275,7
5276,6
5277,6
5278,6
5279,6
5280,6
5281,6
5282,7
5283,6
5284,6
5285,6
5286,6
5287,6
5288,6
5289,7
5290,6
5291,6
5292,6
5293,6
5294,6
5295,6
5296,7
5297,6
5298,6
5299,6
5300,6
5301,6
5302,6
5303,7
5304,6
5305,6
5306,6
5307,6
5308,6
5309,6
5310,67
5311,69
5312,64
5313,78
5314,78
5315,79
5316,115
5317,17
5318,17
5319,17
5320,18
5321,18
5322,19
5323,19
5324,7
5325,7
5326,7
5327,7
5328,7
5329,8
5330,8
5331,6
5332,6
5333,7
5334,7
5335,7
5336,7
5337,7
5338,6
5339,6
5340,6
5341,6
5342,6
5343,6
5344,7
5345,6
5346,6
5347,6
5348,6
5349,6
5350,6
5351,7
5352,6
5353,6
5354,6
5355,6
5356,6
5357,6
5358,7
5359,6
5360,6
5361,6
5362,6
5363,6
5364,6
5365,7
5366,6
5367,6
5368,6
5369,6
5370,6
5371,6
5372,7
5373,6
5374,6
5375,6
5376,6
5377,6
5378,6
5379,7
5380,6
5381,6
5382,6
5383,6
5384,6
5385,6
5386,7
5387,6
5388,6
5389,6
5390,6
5391,6
5392,6
5393,7
5394,6
5395,6
5396,6
5397,6
5398,6
5399,6
5400,60
5401,62
5402,64
5403,72
5404,88
5405,90
5406,109
5407,17
5408,17
5409,18
5410,17
5411,18
5412,19
5413,19
5414,7
5415,7
5416,7
5417,7
5418,7
5419,8
5420,8
5421,6
5422,6
5423,7
5424,6
5425,7
5426,7
5427,7
5428,6
5429,6
5430,6
5431,6
5432,6
5433,6
5434,7
5435,6
5436,6
5437,6
5438,6
5439,6
5440,6
5441,7
5442,6
5443,6
5444,6
5445,6
5446,6
5447,6
5448,7
5449,6
5450,6
5451,6
5452,6
5453,6
5454,6
5455,7
5456,6
5457,6
5458,6
5459,6
5460,6
5461,6
5462,7
5463,6
5464,6
5465,6
5466,6
5467,6
5468,6
5469,7
5470,6
5471,6
5472,6
5473,6
5474,6
5475,6
5476,7
5477,6
5478,6
5479,6
5480,6
5481,6
5482,6
5483,7
5484,6
5485,6
5486,6
5487,6
5488,6
5489,6
5490,53
5491,80
5492,72
5493,75
5494,72
5495,100
5496,84
5497,17
5498,17
5499,17
5500,18
5501,18
5502,19
5503,19
5504,7
5505,7
5506,7
5507,7
5508,7
5509,8
5510,8
5511,6
5512,6
5513,6
5514,7
5515,7
5516,7
5517,7
5518,6
5519,6
5520,6
5521,6
5522,6
5523,6
5524,7
5525,6
5526,6
5527,6
5528,6
5529,6
5530,6
5531,7
5532,6
5533,6
5534,6
5535,6
5536,6
5537,6
5538,7
5539,6
5540,6
5541,6
5542,6
5543,6
5544,6
5545,7
5546,6
5547,6
5548,6
5549,6
5550,6
5551,6
5552,7
5553,6
5554,6
5555,6
5556,6
5557,6
5558,6
5559,7
5560,6
5561,6
5562,6
5563,6
5564,6
5565,6
5566,7
5567,6
5568,6
5569,6
5570,6
5571,6
5572,6
5573,7
5574,6
5575,6
5576,6
5577,6
5578,6
5579,6
5580,80
5581,89
5582,71
5583,94
5584,108
5585,104
5586,111
5587,17
5588,17
5589,18
5590,18
5591,18
5592,20
5593,19
5594,7
5595,7
5596,7
5597,7
5598,7
5599,8
5600,8
5601,6
5602,6
5603,7
5604,7
5605,7
5606,7
5607,7
5608,6
5609,6
5610,6
5611,6
5612,6
5613,6
5614,7
5615,6
5616,6
5617,6
5618,6
5619,6
5620,6
5621,7
5622,6
5623,6
5624,6
5625,6
5626,6
5627,6
5628,7
5629,6
5630,6
5631,6
5632,6
5633,6
5634,6
5635,7
5636,6
5637,6
5638,6
5639,6
5640,6
5641,6
5642,7
5643,6
5644,6
5645,6
5646,6
5647,6
5648,6
5649,7
5650,6
5651,6
5652,6
5653,6
5654,6
5655,6
5656,7
5657,6
5658,6
5659,6
5660,6
5661,6
5662,6
5663,7
5664,6
5665,6
5666,6
5667,6
5668,6
5669,6
5670,53
5671,48
5672,55
5673,70
5674,80
5675,54
5676,76
5677,16
5678,16
5679,17
5680,17
5681,18
5682,18
5683,18
5684,7
5685,7
5686,7
5687,7
5688,7
5689,8
5690,8
5691,6
5692,6
5693,7
5694,7
5695,7
5696,7
5697,7
5698,6
5699,6
5700,6
5701,6
5702,6
5703,6
5704,7
5705,6
5706,6
5707,6
5708,6
5709,6
5710,6
5711,7
5712,6
5713,6
5714,6
5715,6
5716,6
5717,6
5718,7
5719,6
5720,6
5721,6
5722,6
5723,6
5724,6
5725,7
5726,6
5727,6
5728,6
5729,6
5730,6
5731,6
5732,7
5733,6
5734,6
5735,6
5736,6
5737,6
5738,6
5739,7
5740,6
5741,6
5742,6
5743,6
5744,6
5745,6
5746,7
5747,6
5748,6
5749,6
5750,6
5751,6
5752,6
5753,7
5754,6
5755,6
5756,6
5757,6
5758,6
5759,6
5760,83
5761,81
5762,104
5763,89
5764,101
5765,105
5766,107
5767,18
5768,18
5769,18
5770,18
5771,18
5772,19
5773,19
5774,7
5775,7
5776,7
5777,7
5778,7
5779,8
5780,8
5781,6
5782,6
5783,7
5784,7
5785,7
5786,7
5787,7
5788,6
5789,6
5790,6
5791,6
5792,6
5793,6
5794,7
5795,6
5796,6
5797,6
5798,6
5799,6
5800,6
5801,7
5802,6
5803,6
5804,6
5805,6
5806,6
5807,6
5808,7
5809,6
5810,6
5811,6
5812,6
5813,6
5814,6
5815,7
5816,6
5817,6
5818,6
5819,6
5820,6
5821,6
5822,7
5823,6
5824,6
5825,6
5826,6
5827,6
5828,6
5829,7
5830,6
5831,6
5832,6
5833,6
5834,6
5835,6
5836,7
5837,6
5838,6
5839,6
5840,6
5841,6
5842,6
5843,7
5844,6
5845,6
5846,6
5847,6
5848,6
5849,6
5850,20
5851,20
5852,23
5853,19
5854,27
5855,26
5856,30
5857,8
5858,8
5859,9
5860,9
5861,11
5862,12
5863,13
5864,6
5865,6
5866,6
5867,6
5868,7
5869,7
5870,7
5871,6
5872,6
5873,6
5874,6
5875,6
5876,7
5877,7
5878,6
5879,6
5880,6
5881,6
5882,6
5883,7
5884,7
5885,6
5886,6
5887,6
5888,6
5889,6
5890,6
5891,7
5892,6
5893,6
5894,6
5895,6
5896,6
5897,7
5898,7
5899,6
5900,6
5901,6
5902,6
5903,6
5904,6
5905,7
5906,6
5907,6
5908,6
5909,6
5910,6
5911,7
5912,7
5913,6
5914,6
5915,6
5916,6
5917,6
5918,6
5919,7
5920,6
5921,6
5922,6
5923,6
5924,6
5925,6
5926,7
5927,6
5928,6
5929,6
5930,6
5931,6
5932,6
5933,7
5934,6
5935,6
5936,6
5937,6
5938,6
5939,7
5940,29
5941,33
5942,25
5943,31
5944,27
5945,35
5946,49
5947,11
5948,11
5949,11
5950,12
5951,14
5952,16
5953,17
5954,6
5955,7
5956,6
5957,6
5958,7
5959,7
5960,8
5961,6
5962,6
5963,6
5964,6
5965,6
5966,7
5967,7
5968,6
5969,6
5970,6
5971,6
5972,6
5973,7
5974,7
5975,6
5976,6
5977,6
5978,6
5979,6
5980,6
5981,7
5982,6
5983,6
5984,6
5985,6
5986,6
5987,6
5988,7
5989,6
5990,6
5991,6
5992,6
5993,6
5994,6
5995,7
5996,6
5997,6
5998,6
5999,6
6000,6
6001,7
6002,7
6003,6
6004,6
6005,6
6006,6
6007,6
6008,6
6009,7
6010,6
6011,6
6012,6
6013,6
6014,6
6015,6
6016,7
6017,6
6018,6
6019,6
6020,6
6021,6
6022,6
6023,7
6024,6
6025,6
6026,6
6027,6
6028,6
6029,6
6030,72
6031,87
6032,91
6033,95
6034,98
6035,89
6036,86
6037,17
6038,17
6039,18
6040,18
6041,19
6042,19
6043,19
6044,7
6045,7
6046,7
6047,7
6048,7
6049,8
6050,8
6051,6
6052,6
6053,7
6054,7
6055,7
6056,7
6057,7
6058,6
6059,6
6060,6
6061,6
6062,6
6063,6
6064,7
6065,6
6066,6
6067,6
6068,6
6069,6
6070,6
6071,7
6072,6
6073,6
6074,6
6075,6
6076,6
6077,6
6078,7
6079,6
6080,6
6081,6
6082,6
6083,6
6084,6
6085,7
6086,6
6087,6
6088,6
6089,6
6090,6
6091,6
6092,7
6093,6
6094,6
6095,6
6096,6
6097,6
6098,6
6099,7
6100,6
6101,6
6102,6
6103,6
6104,6
6105,6
6106,7
6107,6
6108,6
6109,6
6110,6
6111,6
6112,6
6113,7
6114,6
6115,6
6116,6
6117,6
6118,6
6119,6
6120,37
6121,36
6122,37
6123,38
6124,49
6125,46
6126,47
6127,15
6128,15
6129,15
6130,15
6131,16
6132,17
6133,17
6134,6
6135,7
6136,6
6137,7
6138,7
6139,7
6140,8
6141,6
6142,6
6143,6
6144,6
6145,7
6146,7
6147,7
6148,6
6149,6
6150,6
6151,6
6152,6
6153,6
6154,7
6155,6
6156,6
6157,6
6158,6
6159,6
6160,6
6161,7
6162,6
6163,6
6164,6
6165,6
6166,6
6167,6
6168,7
6169,6
6170,6
6171,6
6172,6
6173,6
6174,6
6175,7
6176,6
6177,6
6178,6
6179,6
6180,6
6181,7
6182,7
6183,6
6184,6
6185,6
6186,6
6187,6
6188,6
6189,7
6190,6
6191,6
6192,6
6193,6
6194,6
6195,6
6196,7
6197,6
6198,6
6199,6
6200,6
6201,6
6202,6
6203,7
6204,6
6205,6
6206,6
6207,6
6208,6
6209,6
6210,37
6211,44
6212,55
6213,51
6214,54
6215,55
6216,44
6217,16
6218,16
6219,16
6220,16
6221,17
6222,17
6223,17
6224,7
6225,7
6226,7
6227,7
6228,7
6229,8
6230,8
6231,6
6232,6
6233,6
6234,6
6235,7
6236,7
6237,7
6238,6
6239,6
6240,6
6241,6
6242,6
6243,6
6244,7
6245,6
6246,6
6247,6
6248,6
6249,6
6250,6
6251,7
6252,6
6253,6
6254,6
6255,6
6256,6
6257,6
6258,7
6259,6
6260,6
6261,6
6262,6
6263,6
6264,6
6265,7
6266,6
6267,6
6268,6
6269,6
6270,6
6271,6
6272,7
6273,6
6274,6
6275,6
6276,6
6277,6
6278,6
6279,7
6280,6
6281,6
6282,6
6283,6
6284,6
6285,6
6286,7
6287,6
6288,6
6289,6
6290,6
6291,6
6292,6
6293,7
6294,6
6295,6
6296,6
6297,6
6298,6
6299,6
6300,37
6301,45
6302,35
6303,40
6304,55
6305,53
6306,36
6307,15
6308,15
6309,15
6310,16
6311,16
6312,17
6313,15
6314,6
6315,7
6316,7
6317,7
6318,7
6319,8
6320,8
6321,6
6322,6
6323,6
6324,6
6325,7
6326,7
6327,7
6328,6
6329,6
6330,6
6331,6
6332,6
6333,6
6334,7
6335,6
6336,6
6337,6
6338,6
6339,6
6340,6
6341,7
6342,6
6343,6
6344,6
6345,6
6346,6
6347,6
6348,7
6349,6
6350,6
6351,6
6352,6
6353,6
6354,6
6355,7
6356,6
6357,6
6358,6
6359,6
6360,6
6361,7
6362,7
6363,6
6364,6
6365,6
6366,6
6367,6
6368,6
6369,7
6370,6
6371,6
6372,6
6373,6
6374,6
6375,6
6376,7
6377,6
6378,6
6379,6
6380,6
6381,6
6382,6
6383,7
6384,6
6385,6
6386,6
6387,6
6388,6
6389,6
6390,62
6391,67
6392,81
6393,83
6394,90
6395,106
6396,127
6397,17
6398,17
6399,18
6400,18
6401,18
6402,19
6403,19
6404,7
6405,7
6406,7
6407,7
6408,7
6409,8
6410,8
6411,6
6412,6
6413,6
6414,7
6415,7
6416,7
6417,7
6418,6
6419,6
6420,6
6421,6
6422,6
6423,6
6424,7
6425,6
6426,6
6427,6
6428,6
6429,6
6430,6
6431,7
6432,6
6433,6
6434,6
6435,6
6436,6
6437,6
6438,7
6439,6
6440,6
6441,6
6442,6
6443,6
6444,6
6445,7
6446,6
6447,6
6448,6
6449,6
6450,6
6451,6
6452,7
6453,6
6454,6
6455,6
6456,6
6457,6
6458,6
6459,7
6460,6
6461,6
6462,6
6463,6
6464,6
6465,6
6466,7
6467,6
6468,6
6469,6
6470,6
6471,6
6472,6
6473,7
6474,6
6475,6
6476,6
6477,6
6478,6
6479,6
6480,23
6481,31
6482,31
6483,35
6484,37
6485,35
6486,40
6487,11
6488,12
6489,12
6490,13
6491,15
6492,15
6493,16
6494,6
6495,6
6496,6
6497,6
6498,7
6499,7
6500,8
6501,6
6502,6
6503,6
6504,6
6505,7
6506,7
6507,7
6508,6
6509,6
6510,6
6511,6
6512,6
6513,7
6514,7
6515,6
6516,6
6517,6
6518,6
6519,6
6520,6
6521,7
6522,6
6523,6
6524,6
6525,6
6526,6
6527,6
6528,7
6529,6
6530,6
6531,6
6532,6
6533,6
6534,6
6535,7
6536,6
6537,6
6538,6
6539,6
6540,6
6541,7
6542,7
6543,6
6544,6
6545,6
6546,6
6547,6
6548,6
6549,7
6550,6
6551,6
6552,6
6553,6
6554,6
6555,6
6556,7
6557,6
6558,6
6559,6
6560,6
6561,6
6562,6
6563,7
6564,6
6565,6
6566,6
6567,6
6568,6
6569,6
6570,52
6571,60
6572,60
6573,63
6574,74
6575,75
6576,78
6577,16
6578,17
6579,17
6580,18
6581,18
6582,18
6583,19
6584,7
6585,7
6586,7
6587,7
6588,7
6589,8
6590,8
6591,6
6592,6
6593,7
6594,7
6595,7
6596,7
6597,7
6598,6
6599,6
6600,6
6601,6
6602,6
6603,6
6604,7
6605,6
6606,6
6607,6
6608,6
6609,6
6610,6
6611,7
6612,6
6613,6
6614,6
6615,6
6616,6
6617,6
6618,7
6619,6
6620,6
6621,6
6622,6
6623,6
6624,6
6625,7
6626,6
6627,6
6628,6
6629,6
6630,6
6631,6
6632,7
6633,6
6634,6
6635,6
6636,6
6637,6
6638,6
6639,7
6640,6
6641,6
6642,6
6643,6
6644,6
6645,6
6646,7
6647,6
6648,6
6649,6
6650,6
6651,6
6652,6
6653,7
6654,6
6655,6
6656,6
6657,6
6658,6
6659,6
6660,72
6661,74
6662,100
6663,87
6664,89
6665,105
6666,126
6667,17
6668,17
6669,18
6670,18
6671,18
6672,19
6673,19
6674,7
6675,7
6676,7
6677,7
6678,7
6679,8
6680,8
6681,6
6682,6
6683,7
6684,7
6685,7
6686,7
6687,7
6688,6
6689,6
6690,6
6691,6
6692,6
6693,6
6694,7
6695,6
6696,6
6697,6
6698,6
6699,6
6700,6
6701,7
6702,6
6703,6
6704,6
6705,6
6706,6
6707,6
6708,7
6709,6
6710,6
6711,6
6712,6
6713,6
6714,6
6715,7
6716,6
6717,6
6718,6
6719,6
6720,6
6721,6
6722,7
6723,6
6724,6
6725,6
6726,6
6727,6
6728,6
6729,7
6730,6
6731,6
6732,6
6733,6
6734,6
6735,6
6736,7
6737,6
6738,6
6739,6
6740,6
6741,6
6742,6
6743,7
6744,6
6745,6
6746,6
6747,6
6748,6
6749,6
6750,40
6751,43
6752,48
6753,47
6754,71
6755,57
6756,67
6757,16
6758,16
6759,16
6760,17
6761,17
6762,18
6763,18
6764,7
6765,7
6766,7
6767,7
6768,7
6769,8
6770,8
6771,6
6772,6
6773,6
6774,6
6775,7
6776,7
6777,7
6778,6
6779,6
6780,6
6781,6
6782,6
6783,6
6784,7
6785,6
6786,6
6787,6
6788,6
6789,6
6790,6
6791,7
6792,6
6793,6
6794,6
6795,6
6796,6
6797,6
6798,7
6799,6
6800,6
6801,6
6802,6
6803,6
6804,6
6805,7
6806,6
6807,6
6808,6
6809,6
6810,6
6811,7
6812,7
6813,6
6814,6
6815,6
6816,6
6817,6
6818,6
6819,7
6820,6
6821,6
6822,6
6823,6
6824,6
6825,6
6826,7
6827,6
6828,6
6829,6
6830,6
6831,6
6832,6
6833,7
6834,6
6835,6
6836,6
6837,6
6838,6
6839,6
6840,23
6841,19
6842,19
6843,25
6844,23
6845,31
6846,30
6847,9
6848,9
6849,9
6850,10
6851,12
6852,13
6853,13
6854,6
6855,6
6856,6
6857,6
6858,7
6859,7
6860,7
6861,6
6862,6
6863,6
6864,6
6865,6
6866,7
6867,7
6868,6
6869,6
6870,6
6871,6
6872,6
6873,7
6874,7
6875,6
6876,6
6877,6
6878,6
6879,6
6880,7
6881,7
6882,6
6883,6
6884,6
6885,6
6886,6
6887,6
6888,7
6889,6
6890,6
6891,6
6892,6
6893,6
6894,7
6895,7
6896,6
6897,6
6898,6
6899,6
6900,6
6901,7
6902,7
6903,6
6904,6
6905,6
6906,6
6907,6
6908,7
6909,7
6910,6
6911,6
6912,6
6913,6
6914,6
6915,7
6916,7
6917,6
6918,6
6919,6
6920,6
6921,6
6922,7
6923,7
6924,6
6925,6
6926,6
6927,6
6928,6
6929,7
6930,76
6931,90
6932,83
6933,113
6934,102
6935,120
6936,104
6937,17
6938,17
6939,18
6940,18
6941,19
6942,19
6943,19
6944,7
6945,7
6946,7
6947,7
6948,7
6949,8
6950,8
6951,6
6952,6
6953,6
6954,7
6955,7
6956,7
6957,7
6958,6
6959,6
6960,6
6961,6
6962,6
6963,6
6964,7
6965,6
6966,6
6967,6
6968,6
6969,6
6970,6
6971,7
6972,6
6973,6
6974,6
6975,6
6976,6
6977,6
6978,7
6979,6
6980,6
6981,6
6982,6
6983,6
6984,6
6985,7
6986,6
6987,6
6988,6
6989,6
6990,6
6991,6
6992,7
6993,6
6994,6
6995,6
6996,6
6997,6
6998,6
6999,7
7000,6
7001,6
7002,6
7003,6
7004,6
7005,6
7006,7
7007,6
7008,6
7009,6
7010,6
7011,6
7012,6
7013,7
7014,6
7015,6
7016,6
7017,6
7018,6
7019,6
7020,65
7021,67
7022,52
7023,71
7024,90
7025,87
7026,98
7027,17
7028,17
7029,17
7030,18
7031,18
7032,18
7033,19
7034,7
7035,7
7036,7
7037,7
7038,7
7039,8
7040,8
7041,6
7042,6
7043,7
7044,7
7045,7
7046,7
7047,7
7048,6
7049,6
7050,6
7051,6
7052,6
7053,6
7054,7
7055,6
7056,6
7057,6
7058,6
7059,6
7060,6
7061,7
7062,6
7063,6
7064,6
7065,6
7066,6
7067,6
7068,7
7069,6
7070,6
7071,6
7072,6
7073,6
7074,6
7075,7
7076,6
7077,6
7078,6
7079,6
7080,6
7081,6
7082,7
7083,6
7084,6
7085,6
7086,6
7087,6
7088,6
7089,7
7090,6
7091,6
7092,6
7093,6
7094,6
7095,6
7096,7
7097,6
7098,6
7099,6
7100,6
7101,6
7102,6
7103,7
7104,6
7105,6
7106,6
7107,6
7108,6
7109,6
7110,45
7111,32
7112,46
7113,50
7114,45
7115,50
7116,44
7117,15
7118,15
7119,15
7120,16
7121,16
7122,17
7123,17
7124,7
7125,6
7126,7
7127,7
7128,7
7129,8
7130,8
7131,6
7132,6
7133,6
7134,6
7135,7
7136,7
7137,7
7138,6
7139,6
7140,6
7141,6
7142,6
7143,7
7144,7
7145,6
7146,6
7147,6
7148,6
7149,6
7150,6
7151,7
7152,6
7153,6
7154,6
7155,6
7156,6
7157,6
7158,7
7159,6
7160,6
7161,6
7162,6
7163,6
7164,6
7165,7
7166,6
7167,6
7168,6
7169,6
7170,6
7171,7
7172,7
7173,6
7174,6
7175,6
7176,6
7177,6
7178,6
7179,7
7180,6
7181,6
7182,6
7183,6
7184,6
7185,6
7186,7
7187,6
7188,6
7189,6
7190,6
7191,6
7192,6
7193,7
7194,6
7195,6
7196,6
7197,6
7198,6
7199,6
7200,54
7201,64
7202,72
7203,59
7204,72
7205,61
7206,69
7207,16
7208,17
7209,17
7210,17
7211,18
7212,18
7213,18
7214,7
7215,7
7216,7
7217,7
7218,7
7219,8
7220,8
7221,6
7222,6
7223,6
7224,7
7225,7
7226,7
7227,7
7228,6
7229,6
7230,6
7231,6
7232,6
7233,6
7234,7
7235,6
7236,6
7237,6
7238,6
7239,6
7240,6
7241,7
7242,6
7243,6
7244,6
7245,6
7246,6
7247,6
7248,7
7249,6
7250,6
7251,6
7252,6
7253,6
7254,6
7255,7
7256,6
7257,6
7258,6
7259,6
7260,6
7261,6
7262,7
7263,6
7264,6
7265,6
7266,6
7267,6
7268,6
7269,7
7270,6
7271,6
7272,6
7273,6
7274,6
7275,6
7276,7
7277,6
7278,6
7279,6
7280,6
7281,6
7282,6
7283,7
7284,6
7285,6
7286,6
7287,6
7288,6
7289,6
7290,39
7291,46
7292,50
7293,59
7294,51
7295,62
7296,60
7297,15
7298,16
7299,16
7300,16
7301,17
7302,18
7303,18
7304,7
7305,7
7306,7
7307,7
7308,7
7309,8
7310,8
7311,6
7312,6
7313,6
7314,7
7315,7
7316,7
7317,7
7318,6
7319,6
7320,6
7321,6
7322,6
7323,6
7324,7
7325,6
7326,6
7327,6
7328,6
7329,6
7330,6
7331,7
7332,6
7333,6
7334,6
7335,6
7336,6
7337,6
7338,7
7339,6
7340,6
7341,6
7342,6
7343,6
7344,6
7345,7
7346,6
7347,6
7348,6
7349,6
7350,6
7351,6
7352,7
7353,6
7354,6
7355,6
7356,6
7357,6
7358,6
7359,7
7360,6
7361,6
7362,6
7363,6
7364,6
7365,6
7366,7
7367,6
7368,6
7369,6
7370,6
7371,6
7372,6
7373,7
7374,6
7375,6
7376,6
7377,6
7378,6
7379,6
7380,63
7381,81
7382,60
7383,74
7384,58
7385,84
7386,84
7387,17
7388,17
7389,17
7390,18
7391,18
7392,18
7393,19
7394,7
7395,7
7396,7
7397,7
7398,7
7399,8
7400,8
7401,6
7402,6
7403,6
7404,7
7405,7
7406,7
7407,7
7408,6
7409,6
7410,6
7411,6
7412,6
7413,6
7414,7
7415,6
7416,6
7417,6
7418,6
7419,6
7420,6
7421,7
7422,6
7423,6
7424,6
7425,6
7426,6
7427,6
7428,7
7429,6
7430,6
7431,6
7432,6
7433,6
7434,6
7435,7
7436,6
7437,6
7438,6
7439,6
7440,6
7441,6
7442,7
7443,6
7444,6
7445,6
7446,6
7447,6
7448,6
7449,7
7450,6
7451,6
7452,6
7453,6
7454,6
7455,6
7456,7
7457,6
7458,6
7459,6
7460,6
7461,6
7462,6
7463,7
7464,6
7465,6
7466,6
7467,6
7468,6
7469,6
7470,33
7471,26
7472,21
7473,22
7474,25
7475,26
7476,29
7477,10
7478,9
7479,9
7480,10
7481,12
7482,12
7483,13
7484,6
7485,6
7486,6
7487,6
7488,7
7489,7
7490,7
7491,6
7492,6
7493,6
7494,6
7495,6
7496,7
7497,7
7498,6
7499,6
7500,6
7501,6
7502,6
7503,7
7504,7
7505,6
7506,6
7507,6
7508,6
7509,6
7510,6
7511,7
7512,6
7513,6
7514,6
7515,6
7516,6
7517,7
7518,7
7519,6
7520,6
7521,6
7522,6
7523,6
7524,6
7525,7
7526,6
7527,6
7528,6
7529,6
7530,6
7531,7
7532,7
7533,6
7534,6
7535,6
7536,6
7537,6
7538,7
7539,7
7540,6
7541,6
7542,6
7543,6
7544,6
7545,6
7546,7
7547,6
7548,6
7549,6
7550,6
7551,6
7552,6
7553,7
7554,6
7555,6
7556,6
7557,6
7558,6
7559,6
7560,56
7561,67
7562,65
7563,59
7564,78
7565,87
7566,66
7567,16
7568,17
7569,17
7570,17
7571,18
7572,18
7573,18
7574,7
7575,7
7576,7
7577,7
7578,7
7579,8
7580,8
7581,7
7582,6
7583,7
7584,6
7585,7
7586,7
7587,7
7588,6
7589,6
7590,6
7591,6
7592,6
7593,6
7594,7
7595,6
7596,6
7597,6
7598,6
7599,6
7600,6
7601,7
7602,6
7603,6
7604,6
7605,6
7606,6
7607,6
7608,7
7609,6
7610,6
7611,6
7612,6
7613,6
7614,6
7615,7
7616,6
7617,6
7618,6
7619,6
7620,6
7621,6
7622,7
7623,6
7624,6
7625,6
7626,6
7627,6
7628,6
7629,7
7630,6
7631,6
7632,6
7633,6
7634,6
7635,6
7636,7
7637,6
7638,6
7639,6
7640,6
7641,6
7642,6
7643,7
7644,6
7645,6
7646,6
7647,6
7648,6
7649,6
7650,69
7651,81
7652,84
7653,90
7654,93
7655,98
7656,105
7657,17
7658,18
7659,18
7660,18
7661,18
7662,19
7663,19
7664,7
7665,7
7666,7
7667,7
7668,7
7669,8
7670,8
7671,6
7672,6
7673,7
7674,7
7675,7
7676,7
7677,7
7678,6
7679,6
7680,6
7681,6
7682,6
7683,6
7684,7
7685,6
7686,6
7687,6
7688,6
7689,6
7690,6
7691,7
7692,6
7693,6
7694,6
7695,6
7696,6
7697,6
7698,7
7699,6
7700,6
7701,6
7702,6
7703,6
7704,6
7705,7
7706,6
7707,6
7708,6
7709,6
7710,6
7711,6
7712,7
7713,6
7714,6
7715,6
7716,6
7717,6
7718,6
7719,7
7720,6
7721,6
7722,6
7723,6
7724,6
7725,6
7726,7
7727,6
7728,6
7729,6
7730,6
7731,6
7732,6
7733,7
7734,6
7735,6
7736,6
7737,6
7738,6
7739,6
7740,22
7741,34
7742,31
7743,37
7744,37
7745,27
7746,30
7747,11
7748,11
7749,11
7750,11
7751,13
7752,12
7753,13
7754,6
7755,6
7756,6
7757,6
7758,7
7759,7
7760,7
7761,6
7762,6
7763,6
7764,6
7765,7
7766,7
7767,7
7768,6
7769,6
7770,6
7771,6
7772,6
7773,7
7774,7
7775,6
7776,6
7777,6
7778,6
7779,6
7780,6
7781,7
7782,6
7783,6
7784,6
7785,6
7786,6
7787,7
7788,7
7789,6
7790,6
7791,6
7792,6
7793,6
7794,6
7795,7
7796,6
7797,6
7798,6
7799,6
7800,6
7801,7
7802,7
7803,6
7804,6
7805,6
7806,6
7807,6
7808,6
7809,7
7810,6
7811,6
7812,6
7813,6
7814,6
7815,7
7816,7
7817,6
7818,6
7819,6
7820,6
7821,6
7822,6
7823,7
7824,6
7825,6
7826,6
7827,6
7828,6
7829,6
7830,66
7831,73
7832,83
7833,96
7834,110
7835,96
7836,119
7837,17
7838,17
7839,18
7840,18
7841,18
7842,19
7843,19
7844,7
7845,7
7846,7
7847,7
7848,7
7849,8
7850,8
7851,6
7852,6
7853,7
7854,7
7855,7
7856,7
7857,7
7858,6
7859,6
7860,6
7861,6
7862,6
7863,6
7864,7
7865,6
7866,6
7867,6
7868,6
7869,6
7870,6
7871,7
7872,6
7873,6
7874,6
7875,6
7876,6
7877,6
7878,7
7879,6
7880,6
7881,6
7882,6
7883,6
7884,6
7885,7
7886,6
7887,6
7888,6
7889,6
7890,6
7891,6
7892,7
7893,6
7894,6
7895,6
7896,6
7897,6
7898,6
7899,7
7900,6
7901,6
7902,6
7903,6
7904,6
7905,6
7906,7
7907,6
7908,6
7909,6
7910,6
7911,6
7912,6
7913,7
7914,6
7915,6
7916,6
7917,6
7918,6
7919,6
7920,45
7921,45
7922,34
7923,50
7924,49
7925,57
7926,47
7927,15
7928,15
7929,15
7930,16
7931,17
7932,17
7933,17
7934,7
7935,7
7936,6
7937,7
7938,7
7939,8
7940,8
7941,7
7942,6
7943,6
7944,6
7945,7
7946,7
7947,7
7948,6
7949,6
7950,6
7951,6
7952,6
7953,6
7954,7
7955,6
7956,6
7957,6
7958,6
7959,6
7960,6
7961,7
7962,6
7963,6
7964,6
7965,6
7966,6
7967,6
7968,7
7969,6
7970,6
7971,6
7972,6
7973,6
7974,6
7975,7
7976,6
7977,6
7978,6
7979,6
7980,6
7981,7
7982,7
7983,6
7984,6
7985,6
7986,6
7987,6
7988,6
7989,7
7990,6
7991,6
7992,6
7993,6
7994,6
7995,6
7996,7
7997,6
7998,6
7999,6
8000,6
8001,6
8002,6
8003,7
8004,6
8005,6
8006,6
8007,6
8008,6
8009,6
8010,37
8011,27
8012,28
8013,33
8014,36
8015,33
8016,46
8017,12
8018,11
8019,12
8020,13
8021,15
8022,16
8023,17
8024,6
8025,6
8026,6
8027,6
8028,7
8029,7
8030,8
8031,6
8032,6
8033,6
8034,6
8035,6
8036,7
8037,7
8038,6
8039,6
8040,6
8041,6
8042,6
8043,6
8044,7
8045,6
8046,6
8047,6
8048,6
8049,6
8050,6
8051,7
8052,6
8053,6
8054,6
8055,6
8056,6
8057,6
8058,7
8059,6
8060,6
8061,6
8062,6
8063,6
8064,7
8065,7
8066,6
8067,6
8068,6
8069,6
8070,6
8071,7
8072,7
8073,6
8074,6
8075,6
8076,6
8077,6
8078,6
8079,7
8080,6
8081,6
8082,6
8083,6
8084,6
8085,7
8086,7
8087,6
8088,6
8089,6
8090,6
8091,6
8092,6
8093,7
8094,6
8095,6
8096,6
8097,6
8098,6
8099,6
8100,23
8101,16
8102,20
8103,19
8104,21
8105,25
8106,31
8107,8
8108,8
8109,8
8110,8
8111,10
8112,12
8113,13
8114,6
8115,6
8116,6
8117,6
8118,6
8119,7
8120,7
8121,6
8122,6
8123,6
8124,6
8125,6
8126,7
8127,7
8128,6
8129,6
8130,6
8131,6
8132,6
8133,7
8134,7
8135,6
8136,6
8137,6
8138,6
8139,6
8140,7
8141,7
8142,6
8143,6
8144,6
8145,6
8146,6
8147,7
8148,7
8149,6
8150,6
8151,6
8152,6
8153,6
8154,7
8155,7
8156,6
8157,6
8158,6
8159,6
8160,6
8161,7
8162,7
8163,6
8164,6
8165,6
8166,6
8167,6
8168,7
8169,7
8170,6
8171,6
8172,6
8173,6
8174,6
8175,6
8176,7
8177,6
8178,6
8179,6
8180,6
8181,6
8182,7
8183,7
8184,6
8185,6
8186,6
8187,6
8188,6
8189,7
8190,31
8191,34
8192,34
8193,46
8194,55
8195,50
8196,51
8197,15
8198,15
8199,15
8200,16
8201,17
8202,17
8203,18
8204,6
8205,6
8206,6
8207,7
8208,7
8209,8
8210,8
8211,6
8212,6
8213,6
8214,6
8215,7
8216,7
8217,7
8218,6
8219,6
8220,6
8221,6
8222,6
8223,6
8224,7
8225,6
8226,6
8227,6
8228,6
8229,6
8230,6
8231,7
8232,6
8233,6
8234,6
8235,6
8236,6
8237,6
8238,7
8239,6
8240,6
8241,6
8242,6
8243,6
8244,6
8245,7
8246,6
8247,6
8248,6
8249,6
8250,6
8251,7
8252,7
8253,6
8254,6
8255,6
8256,6
8257,6
8258,6
8259,7
8260,6
8261,6
8262,6
8263,6
8264,6
8265,6
8266,7
8267,6
8268,6
8269,6
8270,6
8271,6
8272,6
8273,7
8274,6
8275,6
8276,6
8277,6
8278,6
8279,6
8280,47
8281,55
8282,46
8283,64
8284,59
8285,68
8286,63
8287,16
8288,16
8289,16
8290,17
8291,17
8292,18
8293,18
8294,7
8295,7
8296,7
8297,7
8298,7
8299,8
8300,8
8301,7
8302,6
8303,7
8304,6
8305,7
8306,7
8307,7
8308,6
8309,6
8310,6
8311,6
8312,6
8313,6
8314,7
8315,6
8316,6
8317,6
8318,6
8319,6
8320,6
8321,7
8322,6
8323,6
8324,6
8325,6
8326,6
8327,6
8328,7
8329,6
8330,6
8331,6
8332,6
8333,6
8334,6
8335,7
8336,6
8337,6
8338,6
8339,6
8340,6
8341,6
8342,7
8343,6
8344,6
8345,6
8346,6
8347,6
8348,6
8349,7
8350,6
8351,6
8352,6
8353,6
8354,6
8355,6
8356,7
8357,6
8358,6
8359,6
8360,6
8361,6
8362,6
8363,7
8364,6
8365,6
8366,6
8367,6
8368,6
8369,6
8370,26
8371,31
8372,31
8373,31
8374,36
8375,31
8376,25
8377,11
8378,11
8379,11
8380,11
8381,13
8382,13
8383,10
8384,6
8385,6
8386,6
8387,6
8388,7
8389,7
8390,7
8391,6
8392,6
8393,6
8394,6
8395,7
8396,7
8397,7
8398,6
8399,6
8400,6
8401,6
8402,6
8403,6
8404,7
8405,6
8406,6
8407,6
8408,6
8409,6
8410,7
8411,7
8412,6
8413,6
8414,6
8415,6
8416,6
8417,7
8418,7
8419,6
8420,6
8421,6
8422,6
8423,6
8424,7
8425,7
8426,6
8427,6
8428,6
8429,6
8430,6
8431,7
8432,7
8433,6
8434,6
8435,6
8436,6
8437,6
8438,6
8439,7
8440,6
8441,6
8442,6
8443,6
8444,6
8445,6
8446,7
8447,6
8448,6
8449,6
8450,6
8451,6
8452,6
8453,7
8454,6
8455,6
8456,6
8457,6
8458,6
8459,6
8460,73
8461,95
8462,99
8463,99
8464,91
8465,102
8466,116
8467,17
8468,18
8469,18
8470,18
8471,18
8472,19
8473,19
8474,7
8475,7
8476,7
8477,7
8478,7
8479,8
8480,8
8481,6
8482,6
8483,7
8484,7
8485,7
8486,7
8487,7
8488,6
8489,6
8490,6
8491,6
8492,6
8493,6
8494,7
8495,6
8496,6
8497,6
8498,6
8499,6
8500,6
8501,7
8502,6
8503,6
8504,6
8505,6
8506,6
8507,6
8508,7
8509,6
8510,6
8511,6
8512,6
8513,6
8514,6
8515,7
8516,6
8517,6
8518,6
8519,6
8520,6
8521,6
8522,7
8523,6
8524,6
8525,6
8526,6
8527,6
8528,6
8529,7
8530,6
8531,6
8532,6
8533,6
8534,6
8535,6
8536,7
8537,6
8538,6
8539,6
8540,6
8541,6
8542,6
8543,7
8544,6
8545,6
8546,6
8547,6
8548,6
8549,6
8550,51
8551,53
8552,59
8553,64
8554,78
8555,73
8556,77
8557,16
8558,16
8559,17
8560,17
8561,18
8562,18
8563,19
8564,7
8565,7
8566,7
8567,7
8568,7
8569,8
8570,8
8571,7
8572,6
8573,7
8574,6
8575,7
8576,7
8577,7
8578,6
8579,6
8580,6
8581,6
8582,6
8583,6
8584,7
8585,6
8586,6
8587,6
8588,6
8589,6
8590,6
8591,7
8592,6
8593,6
8594,6
8595,6
8596,6
8597,6
8598,7
8599,6
8600,6
8601,6
8602,6
8603,6
8604,6
8605,7
8606,6
8607,6
8608,6
8609,6
8610,6
8611,6
8612,7
8613,6
8614,6
8615,6
8616,6
8617,6
8618,6
8619,7
8620,6
8621,6
8622,6
8623,6
8624,6
8625,6
8626,7
8627,6
8628,6
8629,6
8630,6
8631,6
8632,6
8633,7
8634,6
8635,6
8636,6
8637,6
8638,6
8639,6
8640,22
8641,29
8642,22
8643,24
8644,32
8645,25
8646,25
8647,9
8648,10
8649,9
8650,10
8651,12
8652,10
8653,10
8654,6
8655,6
8656,6
8657,6
8658,7
8659,7
8660,7
8661,6
8662,6
8663,6
8664,6
8665,6
8666,7
8667,7
8668,6
8669,6
8670,6
8671,6
8672,6
8673,7
8674,7
8675,6
8676,6
8677,6
8678,6
8679,6
8680,6
8681,7
8682,6
8683,6
8684,6
8685,6
8686,6
8687,6
8688,7
8689,6
8690,6
8691,6
8692,6
8693,6
8694,7
8695,7
8696,6
8697,6
8698,6
8699,6
8700,6
8701,7
8702,7
8703,6
8704,6
8705,6
8706,6
8707,6
8708,6
8709,7
8710,6
8711,6
8712,6
8713,6
8714,6
8715,7
8716,7
8717,6
8718,6
8719,6
8720,6
8721,6
8722,7
8723,7
8724,6
8725,6
8726,6
8727,6
8728,6
8729,7
8730,48
8731,43
8732,48
8733,39
8734,57
8735,63
8736,65
8737,16
8738,16
8739,16
8740,16
8741,17
8742,18
8743,18
8744,7
8745,7
8746,7
8747,7
8748,7
8749,8
8750,8
8751,7
8752,6
8753,7
8754,7
8755,7
8756,7
8757,7
8758,6
8759,6
8760,6
8761,6
8762,6
8763,6
8764,7
8765,6
8766,6
8767,6
8768,6
8769,6
8770,6
8771,7
8772,6
8773,6
8774,6
8775,6
8776,6
8777,6
8778,7
8779,6
8780,6
8781,6
8782,6
8783,6
8784,6
8785,7
8786,6
8787,6
8788,6
8789,6
8790,6
8791,6
8792,7
8793,6
8794,6
8795,6
8796,6
8797,6
8798,6
8799,7
8800,6
8801,6
8802,6
8803,6
8804,6
8805,6
8806,7
8807,6
8808,6
8809,6
8810,6
8811,6
8812,6
8813,7
8814,6
8815,6
8816,6
8817,6
8818,6
8819,6
8820,27
8821,37
8822,30
8823,31
8824,33
8825,31
8826,44
8827,11
8828,11
8829,11
8830,12
8831,14
8832,15
8833,16
8834,6
8835,6
8836,6
8837,6
8838,7
8839,7
8840,8
8841,6
8842,6
8843,6
8844,6
8845,6
8846,7
8847,7
8848,6
8849,6
8850,6
8851,6
8852,6
8853,7
8854,7
8855,6
8856,6
8857,6
8858,6
8859,6
8860,6
8861,7
8862,6
8863,6
8864,6
8865,6
8866,6
8867,6
8868,7
8869,6
8870,6
8871,6
8872,6
8873,6
8874,6
8875,7
8876,6
8877,6
8878,6
8879,6
8880,6
8881,7
8882,7
8883,6
8884,6
8885,6
8886,6
8887,6
8888,6
8889,7
8890,6
8891,6
8892,6
8893,6
8894,6
8895,6
8896,7
8897,6
8898,6
8899,6
8900,6
8901,6
8902,6
8903,7
8904,6
8905,6
8906,6
8907,6
8908,6
8909,6
8910,58
8911,51
8912,78
8913,68
8914,68
8915,80
8916,74
8917,16
8918,17
8919,17
8920,17
8921,18
8922,18
8923,19
8924,7
8925,7
8926,7
8927,7
8928,7
8929,8
8930,8
8931,6
8932,6
8933,7
8934,7
8935,7
8936,7
8937,7
8938,6
8939,6
8940,6
8941,6
8942,6
8943,6
8944,7
8945,6
8946,6
8947,6
8948,6
8949,6
8950,6
8951,7
8952,6
8953,6
8954,6
8955,6
8956,6
8957,6
8958,7
8959,6
8960,6
8961,6
8962,6
8963,6
8964,6
8965,7
8966,6
8967,6
8968,6
8969,6
8970,6
8971,6
8972,7
8973,6
8974,6
8975,6
8976,6
8977,6
8978,6
8979,7
8980,6
8981,6
8982,6
8983,6
8984,6
8985,6
8986,7
8987,6
8988,6
8989,6
8990,6
8991,6
8992,6
8993,7
8994,6
8995,6
8996,6
8997,6
8998,6
8999,6
9000,14
9001,16
9002,17
9003,18
9004,21
9005,30
9006,19
9007,7
9008,7
9009,8
9010,8
9011,9
9012,11
9013,8
9014,6
9015,6
9016,6
9017,6
9018,6
9019,7
9020,7
9021,6
9022,6
9023,6
9024,6
9025,6
9026,7
9027,7
9028,6
9029,6
9030,6
9031,6
9032,6
9033,7
9034,7
9035,6
9036,6
9037,6
9038,6
9039,6
9040,7
9041,7
9042,6
9043,6
9044,6
9045,6
9046,6
9047,7
9048,7
9049,6
9050,6
9051,6
9052,6
9053,6
9054,7
9055,7
9056,6
9057,6
9058,6
9059,6
9060,6
9061,7
9062,7
9063,6
9064,6
9065,6
9066,6
9067,6
9068,7
9069,7
9070,6
9071,6
9072,6
9073,6
9074,6
9075,7
9076,7
9077,6
9078,6
9079,6
9080,6
9081,6
9082,6
9083,7
9084,6
9085,6
9086,6
9087,6
9088,6
9089,7
9090,53
9091,56
9092,61
9093,59
9094,56
9095,68
9096,69
9097,16
9098,16
9099,17
9100,17
9101,17
9102,18
9103,18
9104,7
9105,7
9106,7
9107,7
9108,7
9109,8
9110,8
9111,7
9112,6
9113,6
9114,6
9115,7
9116,7
9117,7
9118,6
9119,6
9120,6
9121,6
9122,6
9123,6
9124,7
9125,6
9126,6
9127,6
9128,6
9129,6
9130,6
9131,7
9132,6
9133,6
9134,6
9135,6
9136,6
9137,6
9138,7
9139,6
9140,6
9141,6
9142,6
9143,6
9144,6
9145,7
9146,6
9147,6
9148,6
9149,6
9150,6
9151,6
9152,7
9153,6
9154,6
9155,6
9156,6
9157,6
9158,6
9159,7
9160,6
9161,6
9162,6
9163,6
9164,6
9165,6
9166,7
9167,6
9168,6
9169,6
9170,6
9171,6
9172,6
9173,7
9174,6
9175,6
9176,6
9177,6
9178,6
9179,6
9180,33
9181,34
9182,38
9183,30
9184,32
9185,31
9186,36
9187,11
9188,12
9189,11
9190,12
9191,13
9192,14
9193,15
9194,6
9195,7
9196,7
9197,7
9198,7
9199,7
9200,7
9201,6
9202,6
9203,6
9204,6
9205,6
9206,7
9207,7
9208,6
9209,6
9210,6
9211,6
9212,6
9213,7
9214,7
9215,6
9216,6
9217,6
9218,6
9219,6
9220,7
9221,7
9222,6
9223,6
9224,6
9225,6
9226,6
9227,6
9228,7
9229,6
9230,6
9231,6
9232,6
9233,6
9234,6
9235,7
9236,6
9237,6
9238,6
9239,6
9240,6
9241,7
9242,7
9243,6
9244,6
9245,6
9246,6
9247,6
9248,6
9249,7
9250,6
9251,6
9252,6
9253,6
9254,6
9255,6
9256,7
9257,6
9258,6
9259,6
9260,6
9261,6
9262,6
9263,7
9264,6
9265,6
9266,6
9267,6
9268,6
9269,6
9270,17
9271,18
9272,22
9273,19
9274,25
9275,21
9276,30
9277,8
9278,8
9279,8
9280,8
9281,10
9282,11
9283,13
9284,6
9285,6
9286,6
9287,6
9288,7
9289,7
9290,7
9291,6
9292,6
9293,6
9294,6
9295,6
9296,7
9297,7
9298,6
9299,6
9300,6
9301,6
9302,6
9303,7
9304,7
9305,6
9306,6
9307,6
9308,6
9309,6
9310,7
9311,7
9312,6
9313,6
9314,6
9315,6
9316,6
9317,7
9318,7
9319,6
9320,6
9321,6
9322,6
9323,6
9324,7
9325,7
9326,6
9327,6
9328,6
9329,6
9330,6
9331,7
9332,7
9333,6
9334,6
9335,6
9336,6
9337,6
9338,6
9339,7
9340,6
9341,6
9342,6
9343,6
9344,6
9345,6
9346,7
9347,6
9348,6
9349,6
9350,6
9351,6
9352,6
9353,7
9354,6
9355,6
9356,6
9357,6
9358,6
9359,6
9360,16
9361,23
9362,17
9363,21
9364,23
9365,16
9366,21
9367,7
9368,7
9369,7
9370,7
9371,7
9372,8
9373,9
9374,6
9375,6
9376,6
9377,6
9378,6
9379,7
9380,7
9381,6
9382,6
9383,6
9384,6
9385,6
9386,7
9387,7
9388,6
9389,6
9390,6
9391,6
9392,6
9393,7
9394,7
9395,6
9396,6
9397,6
9398,6
9399,6
9400,7
9401,7
9402,6
9403,6
9404,6
9405,6
9406,6
9407,7
9408,7
9409,6
9410,6
9411,6
9412,6
9413,6
9414,7
9415,7
9416,6
9417,6
9418,6
9419,6
9420,6
9421,7
9422,7
9423,6
9424,6
9425,6
9426,6
9427,6
9428,7
9429,7
9430,6
9431,6
9432,6
9433,6
9434,6
9435,7
9436,7
9437,6
9438,6
9439,6
9440,6
9441,6
9442,6
9443,7
9444,6
9445,6
9446,6
9447,6
9448,6
9449,7
9450,48
9451,50
9452,53
9453,55
9454,47
9455,65
9456,66
9457,16
9458,16
9459,16
9460,17
9461,17
9462,18
9463,18
9464,7
9465,7
9466,7
9467,7
9468,7
9469,8
9470,8
9471,7
9472,6
9473,7
9474,6
9475,7
9476,7
9477,7
9478,6
9479,6
9480,6
9481,6
9482,6
9483,6
9484,7
9485,6
9486,6
9487,6
9488,6
9489,6
9490,6
9491,7
9492,6
9493,6
9494,6
9495,6
9496,6
9497,6
9498,7
9499,6
9500,6
9501,6
9502,6
9503,6
9504,6
9505,7
9506,6
9507,6
9508,6
9509,6
9510,6
9511,6
9512,7
9513,6
9514,6
9515,6
9516,6
9517,6
9518,6
9519,7
9520,6
9521,6
9522,6
9523,6
9524,6
9525,6
9526,7
9527,6
9528,6
9529,6
9530,6
9531,6
9532,6
9533,7
9534,6
9535,6
9536,6
9537,6
9538,6
9539,6
9540,47
9541,56
9542,53
9543,53
9544,52
9545,63
9546,74
9547,16
9548,16
9549,16
9550,17
9551,17
9552,18
9553,18
9554,7
9555,7
9556,7
9557,7
9558,7
9559,8
9560,8
9561,6
9562,6
9563,7
9564,6
9565,7
9566,7
9567,7
9568,6
9569,6
9570,6
9571,6
9572,6
9573,6
9574,7
9575,6
9576,6
9577,6
9578,6
9579,6
9580,6
9581,7
9582,6
9583,6
9584,6
9585,6
9586,6
9587,6
9588,7
9589,6
9590,6
9591,6
9592,6
9593,6
9594,6
9595,7
9596,6
9597,6
9598,6
9599,6
9600,6
9601,6
9602,7
9603,6
9604,6
9605,6
9606,6
9607,6
9608,6
9609,7
9610,6
9611,6
9612,6
9613,6
9614,6
9615,6
9616,7
9617,6
9618,6
9619,6
9620,6
9621,6
9622,6
9623,7
9624,6
9625,6
9626,6
9627,6
9628,6
9629,6
9630,54
9631,57
9632,68
9633,81
9634,71
9635,87
9636,77
9637,16
9638,17
9639,17
9640,17
9641,18
9642,19
9643,19
9644,7
9645,7
9646,7
9647,7
9648,7
9649,8
9650,8
9651,6
9652,6
9653,7
9654,6
9655,7
9656,7
9657,7
9658,6
9659,6
9660,6
9661,6
9662,6
9663,6
9664,7
9665,6
9666,6
9667,6
9668,6
9669,6
9670,6
9671,7
9672,6
9673,6
9674,6
9675,6
9676,6
9677,6
9678,7
9679,6
9680,6
9681,6
9682,6
9683,6
9684,6
9685,7
9686,6
9687,6
9688,6
9689,6
9690,6
9691,6
9692,7
9693,6
9694,6
9695,6
9696,6
9697,6
9698,6
9699,7
9700,6
9701,6
9702,6
9703,6
9704,6
9705,6
9706,7
9707,6
9708,6
9709,6
9710,6
9711,6
9712,6
9713,7
9714,6
9715,6
9716,6
9717,6
9718,6
9719,6
9720,38
9721,55
9722,46
9723,61
9724,54
9725,49
9726,58
9727,16
9728,16
9729,16
9730,16
9731,17
9732,17
9733,18
9734,7
9735,7
9736,7
9737,7
9738,7
9739,8
9740,8
9741,6
9742,6
9743,6
9744,7
9745,7
9746,7
9747,7
9748,6
9749,6
9750,6
9751,6
9752,6
9753,6
9754,7
9755,6
9756,6
9757,6
9758,6
9759,6
9760,6
9761,7
9762,6
9763,6
9764,6
9765,6
9766,6
9767,6
9768,7
9769,6
9770,6
9771,6
9772,6
9773,6
9774,6
9775,7
9776,6
9777,6
9778,6
9779,6
9780,6
9781,7
9782,7
9783,6
9784,6
9785,6
9786,6
9787,6
9788,6
9789,7
9790,6
9791,6
9792,6
9793,6
9794,6
9795,6
9796,7
9797,6
9798,6
9799,6
9800,6
9801,6
9802,6
9803,7
9804,6
9805,6
9806,6
9807,6
9808,6
9809,6
9810,46
9811,61
9812,51
9813,57
9814,62
9815,73
9816,69
9817,16
9818,17
9819,17
9820,17
9821,18
9822,18
9823,19
9824,7
9825,7
9826,7
9827,7
9828,7
9829,8
9830,8
9831,7
9832,6
9833,7
9834,7
9835,7
9836,7
9837,7
9838,6
9839,6
9840,6
9841,6
9842,6
9843,6
9844,7
9845,6
9846,6
9847,6
9848,6
9849,6
9850,6
9851,7
9852,6
9853,6
9854,6
9855,6
9856,6
9857,6
9858,7
9859,6
9860,6
9861,6
9862,6
9863,6
9864,6
9865,7
9866,6
9867,6
9868,6
9869,6
9870,6
9871,6
9872,7
9873,6
9874,6
9875,6
9876,6
9877,6
9878,6
9879,7
9880,6
9881,6
9882,6
9883,6
9884,6
9885,6
9886,7
9887,6
9888,6
9889,6
9890,6
9891,6
9892,6
9893,7
9894,6
9895,6
9896,6
9897,6
9898,6
9899,6
9900,67
9901,72
9902,68
9903,71
9904,80
9905,73
9906,90
9907,17
9908,17
9909,17
9910,17
9911,18
9912,18
9913,19
9914,7
9915,7
9916,7
9917,7
9918,7
9919,8
9920,8
9921,6
9922,6
9923,7
9924,7
9925,7
9926,7
9927,7
9928,6
9929,6
9930,6
9931,6
9932,6
9933,6
9934,7
9935,6
9936,6
9937,6
9938,6
9939,6
9940,6
9941,7
9942,6
9943,6
9944,6
9945,6
9946,6
9947,6
9948,7
9949,6
9950,6
9951,6
9952,6
9953,6
9954,6
9955,7
9956,6
9957,6
9958,6
9959,6
9960,6
9961,6
9962,7
9963,6
9964,6
9965,6
9966,6
9967,6
9968,6
9969,7
9970,6
9971,6
9972,6
9973,6
9974,6
9975,6
9976,7
9977,6
9978,6
9979,6
9980,6
9981,6
9982,6
9983,7
9984,6
9985,6
9986,6
9987,6
9988,6
9989,6
9990,57
9991,55
9992,72
9993,66
9994,89
9995,68
9996,90
9997,16
9998,17
9999,17
10000,17
10001,18
10002,19
10003,19
10004,7
10005,7
10006,7
10007,7
10008,7
10009,8
10010,8
10011,7
10012,6
10013,7
10014,7
10015,7
10016,7
10017,7
10018,6
10019,6
10020,6
10021,6
10022,6
10023,6
10024,7
10025,6
10026,6
10027,6
10028,6
10029,6
10030,6
10031,7
10032,6
10033,6
10034,6
10035,6
10036,6
10037,6
10038,7
10039,6
10040,6
10041,6
10042,6
10043,6
10044,6
10045,7
10046,6
10047,6
10048,6
10049,6
10050,6
10051,6
10052,7
10053,6
10054,6
10055,6
10056,6
10057,6
10058,6
10059,7
10060,6
10061,6
10062,6
10063,6
10064,6
10065,6
10066,7
10067,6
10068,6
10069,6
10070,6
10071,6
10072,6
10073,7
10074,6
10075,6
10076,6
10077,6
10078,6
10079,6
10080,70
10081,85
10082,86
10083,79
10084,87
10085,103
10086,99
10087,17
10088,17
10089,17
10090,18
10091,18
10092,19
10093,19
10094,7
10095,7
10096,7
10097,7
10098,7
10099,8
10100,8
10101,6
10102,6
10103,6
10104,7
10105,7
10106,7
10107,7
10108,6
10109,6
10110,6
10111,6
10112,6
10113,6
10114,7
10115,6
10116,6
10117,6
10118,6
10119,6
10120,6
10121,7
10122,6
10123,6
10124,6
10125,6
10126,6
10127,6
10128,7
10129,6
10130,6
10131,6
10132,6
10133,6
10134,6
10135,7
10136,6
10137,6
10138,6
10139,6
10140,6
10141,6
10142,7
10143,6
10144,6
10145,6
10146,6
10147,6
10148,6
10149,7
10150,6
10151,6
10152,6
10153,6
10154,6
10155,6
10156,7
10157,6
10158,6
10159,6
10160,6
10161,6
10162,6
10163,7
10164,6
10165,6
10166,6
10167,6
10168,6
10169,6
10170,48
10171,51
10172,41
10173,56
10174,59
10175,76
10176,73
10177,16
10178,16
10179,16
10180,17
10181,18
10182,18
10183,18
10184,7
10185,7
10186,7
10187,7
10188,7
10189,8
10190,8
10191,6
10192,6
10193,6
10194,7
10195,7
10196,7
10197,7
10198,6
10199,6
10200,6
10201,6
10202,6
10203,6
10204,7
10205,6
10206,6
10207,6
10208,6
10209,6
10210,6
10211,7
10212,6
10213,6
10214,6
10215,6
10216,6
10217,6
10218,7
10219,6
10220,6
10221,6
10222,6
10223,6
10224,6
10225,7
10226,6
10227,6
10228,6
10229,6
10230,6
10231,6
10232,7
10233,6
10234,6
10235,6
10236,6
10237,6
10238,6
10239,7
10240,6
10241,6
10242,6
10243,6
10244,6
10245,6
10246,7
10247,6
10248,6
10249,6
10250,6
10251,6
10252,6
10253,7
10254,6
10255,6
10256,6
10257,6
10258,6
10259,6
10260,75
10261,87
10262,77
10263,56
10264,93
10265,94
10266,104
10267,17
10268,17
10269,18
10270,17
10271,18
10272,19
10273,19
10274,7
10275,7
10276,7
10277,7
10278,7
10279,8
10280,8
10281,6
10282,6
10283,6
10284,7
10285,7
10286,7
10287,7
10288,6
10289,6
10290,6
10291,6
10292,6
10293,6
10294,7
10295,6
10296,6
10297,6
10298,6
10299,6
10300,6
10301,7
10302,6
10303,6
10304,6
10305,6
10306,6
10307,6
10308,7
10309,6
10310,6
10311,6
10312,6
10313,6
10314,6
10315,7
10316,6
10317,6
10318,6
10319,6
10320,6
10321,6
10322,7
10323,6
10324,6
10325,6
10326,6
10327,6
10328,6
10329,7
10330,6
10331,6
10332,6
10333,6
10334,6
10335,6
10336,7
10337,6
10338,6
10339,6
10340,6
10341,6
10342,6
10343,7
10344,6
10345,6
10346,6
10347,6
10348,6
10349,6
10350,21
10351,20
10352,23
10353,23
10354,28
10355,32
10356,41
10357,10
10358,10
10359,10
10360,11
10361,13
10362,14
10363,16
10364,6
10365,6
10366,6
10367,6
10368,7
10369,7
10370,8
10371,6
10372,6
10373,6
10374,6
10375,6
10376,7
10377,7
10378,6
10379,6
10380,6
10381,6
10382,6
10383,7
10384,7
10385,6
10386,6
10387,6
10388,6
10389,6
10390,7
10391,7
10392,6
10393,6
10394,6
10395,6
10396,6
10397,7
10398,7
10399,6
10400,6
10401,6
10402,6
10403,6
10404,7
10405,7
10406,6
10407,6
10408,6
10409,6
10410,6
10411,7
10412,7
10413,6
10414,6
10415,6
10416,6
10417,6
10418,7
10419,7
10420,6
10421,6
10422,6
10423,6
10424,6
10425,7
10426,7
10427,6
10428,6
10429,6
10430,6
10431,6
10432,6
10433,7
10434,6
10435,6
10436,6
10437,6
10438,6
10439,7
10440,21
10441,33
10442,32
10443,30
10444,39
10445,35
10446,36
10447,11
10448,11
10449,11
10450,12
10451,14
10452,15
10453,15
10454,6
10455,6
10456,6
10457,6
10458,7
10459,7
10460,7
10461,6
10462,6
10463,6
10464,6
10465,7
10466,7
10467,7
10468,6
10469,6
10470,6
10471,6
10472,6
10473,6
10474,7
10475,6
10476,6
10477,6
10478,6
10479,6
10480,6
10481,7
10482,6
10483,6
10484,6
10485,6
10486,6
10487,6
10488,7
10489,6
10490,6
10491,6
10492,6
10493,6
10494,6
10495,7
10496,6
10497,6
10498,6
10499,6
10500,6
10501,7
10502,7
10503,6
10504,6
10505,6
10506,6
10507,6
10508,6
10509,7
10510,6
10511,6
10512,6
10513,6
10514,6
10515,6
10516,7
10517,6
10518,6
10519,6
10520,6
10521,6
10522,7
10523,7
10524,6
10525,6
10526,6
10527,6
10528,6
10529,6
10530,60
10531,75
10532,100
10533,77
10534,89
10535,89
10536,106
10537,17
10538,17
10539,18
10540,18
10541,18
10542,19
10543,19
10544,7
10545,7
10546,7
10547,7
10548,7
10549,8
10550,8
10551,6
10552,6
10553,7
10554,7
10555,7
10556,7
10557,7
10558,6
10559,6
10560,6
10561,6
10562,6
10563,6
10564,7
10565,6
10566,6
10567,6
10568,6
10569,6
10570,6
10571,7
10572,6
10573,6
10574,6
10575,6
10576,6
10577,6
10578,7
10579,6
10580,6
10581,6
10582,6
10583,6
10584,6
10585,7
10586,6
10587,6
10588,6
10589,6
10590,6
10591,6
10592,7
10593,6
10594,6
10595,6
10596,6
10597,6
10598,6
10599,7
10600,6
10601,6
10602,6
10603,6
10604,6
10605,6
10606,7
10607,6
10608,6
10609,6
10610,6
10611,6
10612,6
10613,7
10614,6
10615,6
10616,6
10617,6
10618,6
10619,6
10620,29
10621,32
10622,28
10623,36
10624,38
10625,34
10626,47
10627,12
10628,12
10629,12
10630,14
10631,15
10632,16
10633,17
10634,6
10635,6
10636,6
10637,6
10638,7
10639,7
10640,8
10641,6
10642,6
10643,6
10644,6
10645,7
10646,7
10647,7
10648,6
10649,6
10650,6
10651,6
10652,6
10653,6
10654,7
10655,6
10656,6
10657,6
10658,6
10659,6
10660,6
10661,7
10662,6
10663,6
10664,6
10665,6
10666,6
10667,6
10668,7
10669,6
10670,6
10671,6
10672,6
10673,6
10674,6
10675,7
10676,6
10677,6
10678,6
10679,6
10680,6
10681,7
10682,7
10683,6
10684,6
10685,6
10686,6
10687,6
10688,6
10689,7
10690,6
10691,6
10692,6
10693,6
10694,6
10695,6
10696,7
10697,6
10698,6
10699,6
10700,6
10701,6
10702,6
10703,7
10704,6
10705,6
10706,6
10707,6
10708,6
10709,6
10710,45
10711,45
10712,38
10713,37
10714,54
10715,54
10716,55
10717,15
10718,15
10719,15
10720,16
10721,17
10722,18
10723,18
10724,7
10725,7
10726,6
10727,7
10728,7
10729,8
10730,8
10731,6
10732,6
10733,6
10734,6
10735,7
10736,7
10737,7
10738,6
10739,6
10740,6
10741,6
10742,6
10743,6
10744,7
10745,6
10746,6
10747,6
10748,6
10749,6
10750,6
10751,7
10752,6
10753,6
10754,6
10755,6
10756,6
10757,6
10758,7
10759,6
10760,6
10761,6
10762,6
10763,6
10764,6
10765,7
10766,6
10767,6
10768,6
10769,6
10770,6
10771,7
10772,7
10773,6
10774,6
10775,6
10776,6
10777,6
10778,6
10779,7
10780,6
10781,6
10782,6
10783,6
10784,6
10785,6
10786,7
10787,6
10788,6
10789,6
10790,6
10791,6
10792,6
10793,7
10794,6
10795,6
10796,6
10797,6
10798,6
10799,6
10800,25
10801,36
10802,44
10803,39
10804,33
10805,49
10806,46
10807,13
10808,15
10809,15
10810,15
10811,16
10812,17
10813,17
10814,6
10815,6
10816,7
10817,7
10818,7
10819,8
10820,8
10821,6
10822,6
10823,6
10824,6
10825,6
10826,7
10827,7
10828,6
10829,6
10830,6
10831,6
10832,6
10833,6
10834,7
10835,6
10836,6
10837,6
10838,6
10839,6
10840,6
10841,7
10842,6
10843,6
10844,6
10845,6
10846,6
10847,6
10848,7
10849,6
10850,6
10851,6
10852,6
10853,6
10854,6
10855,7
10856,6
10857,6
10858,6
10859,6
10860,6
10861,7
10862,7
10863,6
10864,6
10865,6
10866,6
10867,6
10868,6
10869,7
10870,6
10871,6
10872,6
10873,6
10874,6
10875,6
10876,7
10877,6
10878,6
10879,6
10880,6
10881,6
10882,6
10883,7
10884,6
10885,6
10886,6
10887,6
10888,6
10889,6
10890,67
10891,54
10892,68
10893,82
10894,85
10895,81
10896,97
10897,17
10898,17
10899,17
10900,18
10901,18
10902,18
10903,19
10904,7
10905,7
10906,7
10907,7
10908,7
10909,8
10910,8
10911,6
10912,6
10913,7
10914,7
10915,7
10916,7
10917,7
10918,6
10919,6
10920,6
10921,6
10922,6
10923,6
10924,7
10925,6
10926,6
10927,6
10928,6
10929,6
10930,6
10931,7
10932,6
10933,6
10934,6
10935,6
10936,6
10937,6
10938,7
10939,6
10940,6
10941,6
10942,6
10943,6
10944,6
10945,7
10946,6
10947,6
10948,6
10949,6
10950,6
10951,6
10952,7
10953,6
10954,6
10955,6
10956,6
10957,6
10958,6
10959,7
10960,6
10961,6
10962,6
10963,6
10964,6
10965,6
10966,7
10967,6
10968,6
10969,6
10970,6
10971,6
10972,6
10973,7
10974,6
10975,6
10976,6
10977,6
10978,6
10979,6
10980,16
10981,17
10982,26
10983,28
10984,32
10985,40
10986,33
10987,10
10988,10
10989,11
10990,12
10991,14
10992,15
10993,14
10994,6
10995,6
10996,6
10997,6
10998,7
10999,7
11000,8
11001,6
11002,6
11003,6
11004,6
11005,6
11006,7
11007,7
11008,6
11009,6
11010,6
11011,6
11012,6
11013,7
11014,7
11015,6
11016,6
11017,6
11018,6
11019,6
11020,7
11021,7
11022,6
11023,6
11024,6
11025,6
11026,6
11027,6
11028,7
11029,6
11030,6
11031,6
11032,6
11033,6
11034,6
11035,7
11036,6
11037,6
11038,6
11039,6
11040,6
11041,7
11042,7
11043,6
11044,6
11045,6
11046,6
11047,6
11048,6
11049,7
11050,6
11051,6
11052,6
11053,6
11054,6
11055,7
11056,7
11057,6
11058,6
11059,6
11060,6
11061,6
11062,6
11063,7
11064,6
11065,6
11066,6
11067,6
11068,6
11069,6
11070,60
11071,82
11072,51
11073,72
11074,73
11075,106
11076,100
11077,17
11078,17
11079,17
11080,17
11081,18
11082,19
11083,19
11084,7
11085,7
11086,7
11087,7
11088,7
11089,8
11090,8
11091,6
11092,6
11093,7
11094,6
11095,7
11096,7
11097,7
11098,6
11099,6
11100,6
11101,6
11102,6
11103,6
11104,7
11105,6
11106,6
11107,6
11108,6
11109,6
11110,6
11111,7
11112,6
11113,6
11114,6
11115,6
11116,6
11117,6
11118,7
11119,6
11120,6
11121,6
11122,6
11123,6
11124,6
11125,7
11126,6
11127,6
11128,6
11129,6
11130,6
11131,6
11132,7
11133,6
11134,6
11135,6
11136,6
11137,6
11138,6
11139,7
11140,6
11141,6
11142,6
11143,6
11144,6
11145,6
11146,7
11147,6
11148,6
11149,6
11150,6
11151,6
11152,6
11153,7
11154,6
11155,6
11156,6
11157,6
11158,6
11159,6
11160,73
11161,89
11162,78
11163,65
11164,74
11165,94
11166,88
11167,17
11168,17
11169,18
11170,17
11171,18
11172,19
11173,19
11174,7
11175,7
11176,7
11177,7
11178,7
11179,8
11180,8
11181,6
11182,6
11183,7
11184,7
11185,7
11186,7
11187,7
11188,6
11189,6
11190,6
11191,6
11192,6
11193,6
11194,7
11195,6
11196,6
11197,6
11198,6
11199,6
11200,6
11201,7
11202,6
11203,6
11204,6
11205,6
11206,6
11207,6
11208,7
11209,6
11210,6
11211,6
11212,6
11213,6
11214,6
11215,7
11216,6
11217,6
11218,6
11219,6
11220,6
11221,6
11222,7
11223,6
11224,6
11225,6
11226,6
11227,6
11228,6
11229,7
11230,6
11231,6
11232,6
11233,6
11234,6
11235,6
11236,7
11237,6
11238,6
11239,6
11240,6
11241,6
11242,6
11243,7
11244,6
11245,6
11246,6
11247,6
11248,6
11249,6
11250,33
11251,30
11252,41
11253,47
11254,44
11255,51
11256,49
11257,15
11258,15
11259,15
11260,16
11261,16
11262,17
11263,18
11264,6
11265,6
11266,7
11267,7
11268,7
11269,8
11270,8
11271,6
11272,6
11273,6
11274,6
11275,7
11276,7
11277,7
11278,6
11279,6
11280,6
11281,6
11282,6
11283,6
11284,7
11285,6
11286,6
11287,6
11288,6
11289,6
11290,6
11291,7
11292,6
11293,6
11294,6
11295,6
11296,6
11297,6
11298,7
11299,6
11300,6
11301,6
11302,6
11303,6
11304,6
11305,7
11306,6
11307,6
11308,6
11309,6
11310,6
11311,7
11312,7
11313,6
11314,6
11315,6
11316,6
11317,6
11318,6
11319,7
11320,6
11321,6
11322,6
11323,6
11324,6
11325,6
11326,7
11327,6
11328,6
11329,6
11330,6
11331,6
11332,6
11333,7
11334,6
11335,6
11336,6
11337,6
11338,6
11339,6
11340,12
11341,19
11342,26
11343,19
11344,23
11345,26
11346,31
11347,8
11348,8
11349,9
11350,9
11351,11
11352,13
11353,13
11354,6
11355,6
11356,6
11357,6
11358,6
11359,7
11360,7
11361,6
11362,6
11363,6
11364,6
11365,6
11366,7
11367,7
11368,6
11369,6
11370,6
11371,6
11372,6
11373,7
11374,7
11375,6
11376,6
11377,6
11378,6
11379,6
11380,6
11381,7
11382,6
11383,6
11384,6
11385,6
11386,6
11387,7
11388,7
11389,6
11390,6
11391,6
11392,6
11393,6
11394,6
11395,7
11396,6
11397,6
11398,6
11399,6
11400,6
11401,7
11402,7
11403,6
11404,6
11405,6
11406,6
11407,6
11408,6
11409,7
11410,6
11411,6
11412,6
11413,6
11414,6
11415,6
11416,7
11417,6
11418,6
11419,6
11420,6
11421,6
11422,7
11423,7
11424,6
11425,6
11426,6
11427,6
11428,6
11429,6
11430,76
11431,76
11432,65
11433,80
11434,85
11435,96
11436,92
11437,17
11438,17
11439,17
11440,18
11441,18
11442,19
11443,19
11444,7
11445,7
11446,7
11447,7
11448,7
11449,8
11450,8
11451,6
11452,6
11453,7
11454,7
11455,7
11456,7
11457,7
11458,6
11459,6
11460,6
11461,6
11462,6
11463,6
11464,7
11465,6
11466,6
11467,6
11468,6
11469,6
11470,6
11471,7
11472,6
11473,6
11474,6
11475,6
11476,6
11477,6
11478,7
11479,6
11480,6
11481,6
11482,6
11483,6
11484,6
11485,7
11486,6
11487,6
11488,6
11489,6
11490,6
11491,6
11492,7
11493,6
11494,6
11495,6
11496,6
11497,6
11498,6
11499,7
11500,6
11501,6
11502,6
11503,6
11504,6
11505,6
11506,7
11507,6
11508,6
11509,6
11510,6
11511,6
11512,6
11513,7
11514,6
11515,6
11516,6
11517,6
11518,6
11519,6
11520,66
11521,69
11522,62
11523,66
11524,71
11525,79
11526,87
11527,17
11528,17
11529,17
11530,17
11531,18
11532,18
11533,19
11534,7
11535,7
11536,7
11537,7
11538,7
11539,8
11540,8
11541,6
11542,6
11543,6
11544,7
11545,7
11546,7
11547,7
11548,6
11549,6
11550,6
11551,6
11552,6
11553,6
11554,7
11555,6
11556,6
11557,6
11558,6
11559,6
11560,6
11561,7
11562,6
11563,6
11564,6
11565,6
11566,6
11567,6
11568,7
11569,6
11570,6
11571,6
11572,6
11573,6
11574,6
11575,7
11576,6
11577,6
11578,6
11579,6
11580,6
11581,6
11582,7
11583,6
11584,6
11585,6
11586,6
11587,6
11588,6
11589,7
11590,6
11591,6
11592,6
11593,6
11594,6
11595,6
11596,7
11597,6
11598,6
11599,6
11600,6
11601,6
11602,6
11603,7
11604,6
11605,6
11606,6
11607,6
11608,6
11609,6
11610,24
11611,38
11612,45
11613,34
11614,37
11615,55
11616,50
11617,14
11618,15
11619,15
11620,15
11621,16
11622,17
11623,18
11624,6
11625,6
11626,7
11627,7
11628,7
11629,7
11630,8
11631,6
11632,6
11633,6
11634,6
11635,7
11636,7
11637,7
11638,6
11639,6
11640,6
11641,6
11642,6
11643,7
11644,7
11645,6
11646,6
11647,6
11648,6
11649,6
11650,6
11651,7
11652,6
11653,6
11654,6
11655,6
11656,6
11657,6
11658,7
11659,6
11660,6
11661,6
11662,6
11663,6
11664,6
11665,7
11666,6
11667,6
11668,6
11669,6
11670,6
11671,7
11672,7
11673,6
11674,6
11675,6
11676,6
11677,6
11678,6
11679,7
11680,6
11681,6
11682,6
11683,6
11684,6
11685,6
11686,7
11687,6
11688,6
11689,6
11690,6
11691,6
11692,6
11693,7
11694,6
11695,6
11696,6
11697,6
11698,6
11699,6
11700,46
11701,40
11702,45
11703,52
11704,61
11705,68
11706,73
11707,16
11708,16
11709,16
11710,17
11711,17
11712,18
11713,18
11714,7
11715,7
11716,7
11717,7
11718,7
11719,8
11720,8
11721,7
11722,6
11723,6
11724,6
11725,7
11726,7
11727,7
11728,6
11729,6
11730,6
11731,6
11732,6
11733,6
11734,7
11735,6
11736,6
11737,6
11738,6
11739,6
11740,6
11741,7
11742,6
11743,6
11744,6
11745,6
11746,6
11747,6
11748,7
11749,6
11750,6
11751,6
11752,6
11753,6
11754,6
11755,7
11756,6
11757,6
11758,6
11759,6
11760,6
11761,6
11762,7
11763,6
11764,6
11765,6
11766,6
11767,6
11768,6
11769,7
11770,6
11771,6
11772,6
11773,6
11774,6
11775,6
11776,7
11777,6
11778,6
11779,6
11780,6
11781,6
11782,6
11783,7
11784,6
11785,6
11786,6
11787,6
11788,6
11789,6
11790,31
11791,41
11792,44
11793,51
11794,50
11795,52
11796,53
11797,15
11798,15
11799,16
11800,16
11801,17
11802,17
11803,18
11804,6
11805,7
11806,7
11807,7
11808,7
11809,8
11810,8
11811,6
11812,6
11813,6
11814,6
11815,7
11816,7
11817,7
11818,6
11819,6
11820,6
11821,6
11822,6
11823,7
11824,7
11825,6
11826,6
11827,6
11828,6
11829,6
11830,6
11831,7
11832,6
11833,6
11834,6
11835,6
11836,6
11837,6
11838,7
11839,6
11840,6
11841,6
11842,6
11843,6
11844,6
11845,7
11846,6
11847,6
11848,6
11849,6
11850,6
11851,7
11852,7
11853,6
11854,6
11855,6
11856,6
11857,6
11858,6
11859,7
11860,6
11861,6
11862,6
11863,6
11864,6
11865,6
11866,7
11867,6
11868,6
11869,6
11870,6
11871,6
11872,6
11873,7
11874,6
11875,6
11876,6
11877,6
11878,6
11879,6
11880,57
11881,72
11882,54
11883,68
11884,79
11885,74
11886,90
11887,16
11888,17
11889,17
11890,18
11891,18
11892,18
11893,19
11894,7
11895,7
11896,7
11897,7
11898,7
11899,8
11900,8
11901,6
11902,6
11903,7
11904,7
11905,7
11906,7
11907,7
11908,6
11909,6
11910,6
11911,6
11912,6
11913,6
11914,7
11915,6
11916,6
11917,6
11918,6
11919,6
11920,6
11921,7
11922,6
11923,6
11924,6
11925,6
11926,6
11927,6
11928,7
11929,6
11930,6
11931,6
11932,6
11933,6
11934,6
11935,7
11936,6
11937,6
11938,6
11939,6
11940,6
11941,6
11942,7
11943,6
11944,6
11945,6
11946,6
11947,6
11948,6
11949,7
11950,6
11951,6
11952,6
11953,6
11954,6
11955,6
11956,7
11957,6
11958,6
11959,6
11960,6
11961,6
11962,6
11963,7
11964,6
11965,6
11966,6
11967,6
11968,6
11969,6
11970,20
11971,18
11972,29
11973,19
11974,22
11975,30
11976,36
11977,9
11978,9
11979,10
11980,10
11981,12
11982,13
11983,15
11984,6
11985,6
11986,6
11987,6
11988,7
11989,7
11990,7
11991,6
11992,6
11993,6
11994,6
11995,6
11996,7
11997,7
11998,6
11999,6
12000,6
12001,6
12002,6
12003,7
12004,7
12005,6
12006,6
12007,6
12008,6
12009,6
12010,7
12011,7
12012,6
12013,6
12014,6
12015,6
12016,6
12017,7
12018,7
12019,6
12020,6
12021,6
12022,6
12023,6
12024,7
12025,7
12026,6
12027,6
12028,6
12029,6
12030,6
12031,7
12032,7
12033,6
12034,6
12035,6
12036,6
12037,6
12038,7
12039,7
12040,6
12041,6
12042,6
12043,6
12044,6
12045,6
12046,7
12047,6
12048,6
12049,6
12050,6
12051,6
12052,6
12053,7
12054,6
12055,6
12056,6
12057,6
12058,6
12059,6
12060,46
12061,72
12062,49
12063,66
12064,66
12065,77
12066,84
12067,16
12068,17
12069,16
12070,17
12071,18
12072,18
12073,19
12074,7
12075,7
12076,7
12077,7
12078,7
12079,8
12080,8
12081,6
12082,6
12083,7
12084,6
12085,7
12086,7
12087,7
12088,6
12089,6
12090,6
12091,6
12092,6
12093,6
12094,7
12095,6
12096,6
12097,6
12098,6
12099,6
12100,6
12101,7
12102,6
12103,6
12104,6
12105,6
12106,6
12107,6
12108,7
12109,6
12110,6
12111,6
12112,6
12113,6
12114,6
12115,7
12116,6
12117,6
12118,6
12119,6
12120,6
12121,6
12122,7
12123,6
12124,6
12125,6
12126,6
12127,6
12128,6
12129,7
12130,6
12131,6
12132,6
12133,6
12134,6
12135,6
12136,7
12137,6
12138,6
12139,6
12140,6
12141,6
12142,6
12143,7
12144,6
12145,6
12146,6
12147,6
12148,6
12149,6
12150,57
12151,68
12152,74
12153,65
12154,86
12155,82
12156,97
12157,17
12158,17
12159,17
12160,18
12161,18
12162,19
12163,19
12164,7
12165,7
12166,7
12167,7
12168,7
12169,8
12170,8
12171,6
12172,6
12173,7
12174,7
12175,7
12176,7
12177,7
12178,6
12179,6
12180,6
12181,6
12182,6
12183,6
12184,7
12185,6
12186,6
12187,6
12188,6
12189,6
12190,6
12191,7
12192,6
12193,6
12194,6
12195,6
12196,6
12197,6
12198,7
12199,6
12200,6
12201,6
12202,6
12203,6
12204,6
12205,7
12206,6
12207,6
12208,6
12209,6
12210,6
12211,6
12212,7
12213,6
12214,6
12215,6
12216,6
12217,6
12218,6
12219,7
12220,6
12221,6
12222,6
12223,6
12224,6
12225,6
12226,7
12227,6
12228,6
12229,6
12230,6
12231,6
12232,6
12233,7
12234,6
12235,6
12236,6
12237,6
12238,6
12239,6
12240,17
12241,29
12242,27
12243,22
12244,26
12245,30
12246,36
12247,10
12248,10
12249,11
12250,11
12251,13
12252,13
12253,15
12254,6
12255,6
12256,6
12257,6
12258,7
12259,7
12260,7
12261,6
12262,6
12263,6
12264,6
12265,6
12266,7
12267,7
12268,6
12269,6
12270,6
12271,6
12272,6
12273,7
12274,7
12275,6
12276,6
12277,6
12278,6
12279,6
12280,6
12281,7
12282,6
12283,6
12284,6
12285,6
12286,6
12287,7
12288,7
12289,6
12290,6
12291,6
12292,6
12293,6
12294,6
12295,7
12296,6
12297,6
12298,6
12299,6
12300,6
12301,7
12302,7
12303,6
12304,6
12305,6
12306,6
12307,6
12308,6
12309,7
12310,6
12311,6
12312,6
12313,6
12314,6
12315,7
12316,7
12317,6
12318,6
12319,6
12320,6
12321,6
12322,6
12323,7
12324,6
12325,6
12326,6
12327,6
12328,6
12329,6
12330,51
12331,69
12332,75
12333,81
12334,83
12335,80
12336,100
12337,17
12338,17
12339,17
12340,18
12341,18
12342,19
12343,19
12344,7
12345,7
12346,7
12347,7
12348,7
12349,8
12350,8
12351,6
12352,6
12353,7
12354,7
12355,7
12356,7
12357,7
12358,6
12359,6
12360,6
12361,6
12362,6
12363,6
12364,7
12365,6
12366,6
12367,6
12368,6
12369,6
12370,6
12371,7
12372,6
12373,6
12374,6
12375,6
12376,6
12377,6
12378,7
12379,6
12380,6
12381,6
12382,6
12383,6
12384,6
12385,7
12386,6
12387,6
12388,6
12389,6
12390,6
12391,6
12392,7
12393,6
12394,6
12395,6
12396,6
12397,6
12398,6
12399,7
12400,6
12401,6
12402,6
12403,6
12404,6
12405,6
12406,7
12407,6
12408,6
12409,6
12410,6
12411,6
12412,6
12413,7
12414,6
12415,6
12416,6
12417,6
12418,6
12419,6
12420,33
12421,34
12422,41
12423,44
12424,57
12425,54
12426,46
12427,15
12428,15
12429,15
12430,16
12431,17
12432,17
12433,17
12434,6
12435,6
12436,7
12437,7
12438,7
12439,8
12440,8
12441,6
12442,6
12443,6
12444,6
12445,7
12446,7
12447,7
12448,6
12449,6
12450,6
12451,6
12452,6
12453,6
12454,7
12455,6
12456,6
12457,6
12458,6
12459,6
12460,6
12461,7
12462,6
12463,6
12464,6
12465,6
12466,6
12467,6
12468,7
12469,6
12470,6
12471,6
12472,6
12473,6
12474,6
12475,7
12476,6
12477,6
12478,6
12479,6
12480,6
12481,7
12482,7
12483,6
12484,6
12485,6
12486,6
12487,6
12488,6
12489,7
12490,6
12491,6
12492,6
12493,6
12494,6
12495,6
12496,7
12497,6
12498,6
12499,6
12500,6
12501,6
12502,6
12503,7
12504,6
12505,6
12506,6
12507,6
12508,6
12509,6
12510,28
12511,24
12512,33
12513,34
12514,27
12515,32
12516,38
12517,11
12518,11
12519,11
12520,12
12521,12
12522,13
12523,16
12524,6
12525,6
12526,6
12527,6
12528,7
12529,7
12530,7
12531,6
12532,6
12533,6
12534,6
12535,6
12536,7
12537,7
12538,6
12539,6
12540,6
12541,6
12542,6
12543,7
12544,7
12545,6
12546,6
12547,6
12548,6
12549,6
12550,7
12551,7
12552,6
12553,6
12554,6
12555,6
12556,6
12557,7
12558,7
12559,6
12560,6
12561,6
12562,6
12563,6
12564,7
12565,7
12566,6
12567,6
12568,6
12569,6
12570,6
12571,7
12572,7
12573,6
12574,6
12575,6
12576,6
12577,6
12578,6
12579,7
12580,6
12581,6
12582,6
12583,6
12584,6
12585,6
12586,7
12587,6
12588,6
12589,6
12590,6
12591,6
12592,7
12593,7
12594,6
12595,6
12596,6
12597,6
12598,6
12599,6
12600,14
12601,13
12602,18
12603,25
12604,22
12605,18
12606,28
12607,7
12608,7
12609,8
12610,8
12611,9
12612,9
12613,13
12614,6
12615,6
12616,6
12617,6
12618,6
12619,7
12620,7
12621,6
12622,6
12623,6
12624,6
12625,6
12626,7
12627,7
12628,6
12629,6
12630,6
12631,6
12632,6
12633,7
12634,7
12635,6
12636,6
12637,6
12638,6
12639,6
12640,7
12641,7
12642,6
12643,6
12644,6
12645,6
12646,6
12647,7
12648,7
12649,6
12650,6
12651,6
12652,6
12653,6
12654,7
12655,7
12656,6
12657,6
12658,6
12659,6
12660,6
12661,7
12662,7
12663,6
12664,6
12665,6
12666,6
12667,6
12668,6
12669,7
12670,6
12671,6
12672,6
12673,6
12674,6
12675,7
12676,7
12677,6
12678,6
12679,6
12680,6
12681,6
12682,7
12683,7
12684,6
12685,6
12686,6
12687,6
12688,6
12689,7
12690,27
12691,28
12692,40
12693,42
12694,36
12695,45
12696,38
12697,12
12698,13
12699,15
12700,15
12701,15
12702,16
12703,16
12704,6
12705,6
12706,7
12707,7
12708,7
12709,8
12710,8
12711,6
12712,6
12713,6
12714,6
12715,7
12716,7
12717,7
12718,6
12719,6
12720,6
12721,6
12722,6
12723,7
12724,7
12725,6
12726,6
12727,6
12728,6
12729,6
12730,6
12731,7
12732,6
12733,6
12734,6
12735,6
12736,6
12737,6
12738,7
12739,6
12740,6
12741,6
12742,6
12743,6
12744,6
12745,7
12746,6
12747,6
12748,6
12749,6
12750,6
12751,7
12752,7
12753,6
12754,6
12755,6
12756,6
12757,6
12758,6
12759,7
12760,6
12761,6
12762,6
12763,6
12764,6
12765,6
12766,7
12767,6
12768,6
12769,6
12770,6
12771,6
12772,6
12773,7
12774,6
12775,6
12776,6
12777,6
12778,6
12779,6
12780,38
12781,43
12782,39
12783,41
12784,52
12785,48
12786,46
12787,15
12788,15
12789,15
12790,16
12791,17
12792,17
12793,17
12794,7
12795,7
12796,7
12797,7
12798,7
12799,8
12800,8
12801,6
12802,6
12803,6
12804,6
12805,7
12806,7
12807,7
12808,6
12809,6
12810,6
12811,6
12812,6
12813,6
12814,7
12815,6
12816,6
12817,6
12818,6
12819,6
12820,6
12821,7
12822,6
12823,6
12824,6
12825,6
12826,6
12827,6
12828,7
12829,6
12830,6
12831,6
12832,6
12833,6
12834,6
12835,7
12836,6
12837,6
12838,6
12839,6
12840,6
12841,6
12842,7
12843,6
12844,6
12845,6
12846,6
12847,6
12848,6
12849,7
12850,6
12851,6
12852,6
12853,6
12854,6
12855,6
12856,7
12857,6
12858,6
12859,6
12860,6
12861,6
12862,6
12863,7
12864,6
12865,6
12866,6
12867,6
12868,6
12869,6
12870,18
12871,29
12872,24
12873,28
12874,34
12875,28
12876,37
12877,10
12878,11
12879,11
12880,11
12881,13
12882,13
12883,16
12884,6
12885,6
12886,6
12887,6
12888,7
12889,7
12890,7
12891,6
12892,6
12893,6
12894,6
12895,6
12896,7
12897,7
12898,6
12899,6
12900,6
12901,6
12902,6
12903,7
12904,7
12905,6
12906,6
12907,6
12908,6
12909,6
12910,6
12911,7
12912,6
12913,6
12914,6
12915,6
12916,6
12917,6
12918,7
12919,6
12920,6
12921,6
12922,6
12923,6
12924,6
12925,7
12926,6
12927,6
12928,6
12929,6
12930,6
12931,7
12932,7
12933,6
12934,6
12935,6
12936,6
12937,6
12938,7
12939,7
12940,6
12941,6
12942,6
12943,6
12944,6
12945,7
12946,7
12947,6
12948,6
12949,6
12950,6
12951,6
12952,7
12953,7
12954,6
12955,6
12956,6
12957,6
12958,6
12959,6
12960,63
12961,65
12962,88
12963,95
12964,91
12965,94
12966,103
12967,17
12968,17
12969,18
12970,18
12971,18
12972,19
12973,19
12974,7
12975,7
12976,7
12977,7
12978,7
12979,8
12980,8
12981,6
12982,6
12983,6
12984,7
12985,7
12986,7
12987,7
12988,6
12989,6
12990,6
12991,6
12992,6
12993,6
12994,7
12995,6
12996,6
12997,6
12998,6
12999,6
13000,6
13001,7
13002,6
13003,6
13004,6
13005,6
13006,6
13007,6
13008,7
13009,6
13010,6
13011,6
13012,6
13013,6
13014,6
13015,7
13016,6
13017,6
13018,6
13019,6
13020,6
13021,6
13022,7
13023,6
13024,6
13025,6
13026,6
13027,6
13028,6
13029,7
13030,6
13031,6
13032,6
13033,6
13034,6
13035,6
13036,7
13037,6
13038,6
13039,6
13040,6
13041,6
13042,6
13043,7
13044,6
13045,6
13046,6
13047,6
13048,6
13049,6
13050,46
13051,49
13052,60
13053,71
13054,46
13055,68
13056,71
13057,16
13058,16
13059,17
13060,17
13061,17
13062,18
13063,18
13064,7
13065,7
13066,7
13067,7
13068,7
13069,8
13070,8
13071,7
13072,6
13073,6
13074,6
13075,7
13076,7
13077,7
13078,6
13079,6
13080,6
13081,6
13082,6
13083,6
13084,7
13085,6
13086,6
13087,6
13088,6
13089,6
13090,6
13091,7
13092,6
13093,6
13094,6
13095,6
13096,6
13097,6
13098,7
13099,6
13100,6
13101,6
13102,6
13103,6
13104,6
13105,7
13106,6
13107,6
13108,6
13109,6
13110,6
13111,6
13112,7
13113,6
13114,6
13115,6
13116,6
13117,6
13118,6
13119,7
13120,6
13121,6
13122,6
13123,6
13124,6
13125,6
13126,7
13127,6
13128,6
13129,6
13130,6
13131,6
13132,6
13133,7
13134,6
13135,6
13136,6
13137,6
13138,6
13139,6
13140,23
13141,21
13142,21
13143,19
13144,19
13145,22
13146,26
13147,8
13148,8
13149,8
13150,8
13151,9
13152,9
13153,11
13154,6
13155,6
13156,6
13157,6
13158,6
13159,7
13160,7
13161,6
13162,6
13163,6
13164,6
13165,6
13166,7
13167,7
13168,6
13169,6
13170,6
13171,6
13172,6
13173,7
13174,7
13175,6
13176,6
13177,6
13178,6
13179,6
13180,7
13181,7
13182,6
13183,6
13184,6
13185,6
13186,6
13187,7
13188,7
13189,6
13190,6
13191,6
13192,6
13193,6
13194,7
13195,7
13196,6
13197,6
13198,6
13199,6
13200,6
13201,7
13202,7
13203,6
13204,6
13205,6
13206,6
13207,6
13208,7
13209,7
13210,6
13211,6
13212,6
13213,6
13214,6
13215,7
13216,7
13217,6
13218,6
13219,6
13220,6
13221,6
13222,7
13223,7
13224,6
13225,6
13226,6
13227,6
13228,6
13229,7
13230,46
13231,52
13232,43
13233,52
13234,55
13235,62
13236,59
13237,16
13238,16
13239,16
13240,16
13241,17
13242,18
13243,18
13244,7
13245,7
13246,7
13247,7
13248,7
13249,8
13250,8
13251,7
13252,6
13253,6
13254,6
13255,7
13256,7
13257,7
13258,6
13259,6
13260,6
13261,6
13262,6
13263,6
13264,7
13265,6
13266,6
13267,6
13268,6
13269,6
13270,6
13271,7
13272,6
13273,6
13274,6
13275,6
13276,6
13277,6
13278,7
13279,6
13280,6
13281,6
13282,6
13283,6
13284,6
13285,7
13286,6
13287,6
13288,6
13289,6
13290,6
13291,6
13292,7
13293,6
13294,6
13295,6
13296,6
13297,6
13298,6
13299,7
13300,6
13301,6
13302,6
13303,6
13304,6
13305,6
13306,7
13307,6
13308,6
13309,6
13310,6
13311,6
13312,6
13313,7
13314,6
13315,6
13316,6
13317,6
13318,6
13319,6
13320,17
13321,28
13322,24
13323,37
13324,32
13325,46
13326,26
13327,11
13328,11
13329,11
13330,12
13331,14
13332,15
13333,11
13334,6
13335,6
13336,6
13337,6
13338,7
13339,7
13340,7
13341,6
13342,6
13343,6
13344,6
13345,6
13346,7
13347,7
13348,6
13349,6
13350,6
13351,6
13352,6
13353,7
13354,7
13355,6
13356,6
13357,6
13358,6
13359,6
13360,7
13361,7
13362,6
13363,6
13364,6
13365,6
13366,6
13367,7
13368,7
13369,6
13370,6
13371,6
13372,6
13373,6
13374,7
13375,7
13376,6
13377,6
13378,6
13379,6
13380,6
13381,7
13382,7
13383,6
13384,6
13385,6
13386,6
13387,6
13388,6
13389,7
13390,6
13391,6
13392,6
13393,6
13394,6
13395,6
13396,7
13397,6
13398,6
13399,6
13400,6
13401,6
13402,7
13403,7
13404,6
13405,6
13406,6
13407,6
13408,6
13409,6
13410,54
13411,69
13412,53
13413,74
13414,68
13415,63
13416,78
13417,16
13418,17
13419,17
13420,17
13421,17
13422,18
13423,19
13424,7
13425,7
13426,7
13427,7
13428,7
13429,8
13430,8
13431,6
13432,6
13433,7
13434,7
13435,7
13436,7
13437,7
13438,6
13439,6
13440,6
13441,6
13442,6
13443,6
13444,7
13445,6
13446,6
13447,6
13448,6
13449,6
13450,6
13451,7
13452,6
13453,6
13454,6
13455,6
13456,6
13457,6
13458,7
13459,6
13460,6
13461,6
13462,6
13463,6
13464,6
13465,7
13466,6
13467,6
13468,6
13469,6
13470,6
13471,6
13472,7
13473,6
13474,6
13475,6
13476,6
13477,6
13478,6
13479,7
13480,6
13481,6
13482,6
13483,6
13484,6
13485,6
13486,7
13487,6
13488,6
13489,6
13490,6
13491,6
13492,6
13493,7
13494,6
13495,6
13496,6
13497,6
13498,6
13499,6
13500,17
13501,18
13502,16
13503,25
13504,27
13505,21
13506,23
13507,8
13508,8
13509,8
13510,9
13511,9
13512,9
13513,10
13514,6
13515,6
13516,6
13517,6
13518,7
13519,7
13520,7
13521,6
13522,6
13523,6
13524,6
13525,6
13526,7
13527,7
13528,6
13529,6
13530,6
13531,6
13532,6
13533,7
13534,7
13535,6
13536,6
13537,6
13538,6
13539,6
13540,6
13541,7
13542,6
13543,6
13544,6
13545,6
13546,6
13547,6
13548,7
13549,6
13550,6
13551,6
13552,6
13553,6
13554,6
13555,7
13556,6
13557,6
13558,6
13559,6
13560,6
13561,7
13562,7
13563,6
13564,6
13565,6
13566,6
13567,6
13568,7
13569,7
13570,6
13571,6
13572,6
13573,6
13574,6
13575,7
13576,7
13577,6
13578,6
13579,6
13580,6
13581,6
13582,6
13583,7
13584,6
13585,6
13586,6
13587,6
13588,6
13589,6
13590,42
13591,48
13592,56
13593,49
13594,47
13595,53
13596,58
13597,16
13598,16
13599,16
13600,16
13601,17
13602,18
13603,18
13604,7
13605,7
13606,7
13607,7
13608,7
13609,8
13610,8
13611,6
13612,6
13613,6
13614,6
13615,7
13616,7
13617,7
13618,6
13619,6
13620,6
13621,6
13622,6
13623,6
13624,7
13625,6
13626,6
13627,6
13628,6
13629,6
13630,6
13631,7
13632,6
13633,6
13634,6
13635,6
13636,6
13637,6
13638,7
13639,6
13640,6
13641,6
13642,6
13643,6
13644,6
13645,7
13646,6
13647,6
13648,6
13649,6
13650,6
13651,6
13652,7
13653,6
13654,6
13655,6
13656,6
13657,6
13658,6
13659,7
13660,6
13661,6
13662,6
13663,6
13664,6
13665,6
13666,7
13667,6
13668,6
13669,6
13670,6
13671,6
13672,6
13673,7
13674,6
13675,6
13676,6
13677,6
13678,6
13679,6
13680,25
13681,39
13682,31
13683,33
13684,33
13685,45
13686,46
13687,12
13688,13
13689,13
13690,14
13691,15
13692,16
13693,17
13694,6
13695,7
13696,6
13697,6
13698,7
13699,7
13700,8
13701,6
13702,6
13703,6
13704,6
13705,6
13706,7
13707,7
13708,6
13709,6
13710,6
13711,6
13712,6
13713,7
13714,7
13715,6
13716,6
13717,6
13718,6
13719,6
13720,6
13721,7
13722,6
13723,6
13724,6
13725,6
13726,6
13727,6
13728,7
13729,6
13730,6
13731,6
13732,6
13733,6
13734,6
13735,7
13736,6
13737,6
13738,6
13739,6
13740,6
13741,7
13742,7
13743,6
13744,6
13745,6
13746,6
13747,6
13748,6
13749,7
13750,6
13751,6
13752,6
13753,6
13754,6
13755,6
13756,7
13757,6
13758,6
13759,6
13760,6
13761,6
13762,6
13763,7
13764,6
13765,6
13766,6
13767,6
13768,6
13769,6
13770,16
13771,19
13772,25
13773,24
13774,29
13775,26
13776,30
13777,8
13778,9
13779,10
13780,10
13781,12
13782,12
13783,13
13784,6
13785,6
13786,6
13787,6
13788,7
13789,7
13790,7
13791,6
13792,6
13793,6
13794,6
13795,6
13796,7
13797,7
13798,6
13799,6
13800,6
13801,6
13802,6
13803,7
13804,7
13805,6
13806,6
13807,6
13808,6
13809,6
13810,7
13811,7
13812,6
13813,6
13814,6
13815,6
13816,6
13817,7
13818,7
13819,6
13820,6
13821,6
13822,6
13823,6
13824,7
13825,7
13826,6
13827,6
13828,6
13829,6
13830,6
13831,7
13832,7
13833,6
13834,6
13835,6
13836,6
13837,6
13838,7
13839,7
13840,6
13841,6
13842,6
13843,6
13844,6
13845,7
13846,7
13847,6
13848,6
13849,6
13850,6
13851,6
13852,7
13853,7
13854,6
13855,6
13856,6
13857,6
13858,6
13859,6
13860,11
13861,9
13862,16
13863,22
13864,18
13865,23
13866,19
13867,6
13868,6
13869,7
13870,8
13871,7
13872,8
13873,8
13874,6
13875,6
13876,6
13877,6
13878,6
13879,7
13880,7
13881,6
13882,6
13883,6
13884,6
13885,6
13886,7
13887,7
13888,6
13889,6
13890,6
13891,6
13892,6
13893,6
13894,7
13895,6
13896,6
13897,6
13898,6
13899,6
13900,7
13901,7
13902,6
13903,6
13904,6
13905,6
13906,6
13907,7
13908,7
13909,6
13910,6
13911,6
13912,6
13913,6
13914,6
13915,7
13916,6
13917,6
13918,6
13919,6
13920,6
13921,7
13922,7
13923,6
13924,6
13925,6
13926,6
13927,6
13928,7
13929,7
13930,6
13931,6
13932,6
13933,6
13934,6
13935,7
13936,7
13937,6
13938,6
13939,6
13940,6
13941,6
13942,7
13943,7
13944,6
13945,6
13946,6
13947,6
13948,6
13949,6
13950,37
13951,47
13952,36
13953,51
13954,56
13955,52
13956,73
13957,16
13958,16
13959,16
13960,16
13961,17
13962,18
13963,18
13964,7
13965,7
13966,7
13967,7
13968,7
13969,8
13970,8
13971,6
13972,6
13973,6
13974,6
13975,7
13976,7
13977,7
13978,6
13979,6
13980,6
13981,6
13982,6
13983,6
13984,7
13985,6
13986,6
13987,6
13988,6
13989,6
13990,6
13991,7
13992,6
13993,6
13994,6
13995,6
13996,6
13997,6
13998,7
13999,6
14000,6
14001,6
14002,6
14003,6
14004,6
14005,7
14006,6
14007,6
14008,6
14009,6
14010,6
14011,6
14012,7
14013,6
14014,6
14015,6
14016,6
14017,6
14018,6
14019,7
14020,6
14021,6
14022,6
14023,6
14024,6
14025,6
14026,7
14027,6
14028,6
14029,6
14030,6
14031,6
14032,6
14033,7
14034,6
14035,6
14036,6
14037,6
14038,6
14039,6
14040,47
14041,48
14042,51
14043,57
14044,52
14045,66
14046,64
14047,16
14048,16
14049,16
14050,16
14051,17
14052,18
14053,18
14054,7
14055,7
14056,7
14057,7
14058,7
14059,8
14060,8
14061,6
14062,6
14063,7
14064,6
14065,7
14066,7
14067,7
14068,6
14069,6
14070,6
14071,6
14072,6
14073,6
14074,7
14075,6
14076,6
14077,6
14078,6
14079,6
14080,6
14081,7
14082,6
14083,6
14084,6
14085,6
14086,6
14087,6
14088,7
14089,6
14090,6
14091,6
14092,6
14093,6
14094,6
14095,7
14096,6
14097,6
14098,6
14099,6
14100,6
14101,6
14102,7
14103,6
14104,6
14105,6
14106,6
14107,6
14108,6
14109,7
14110,6
14111,6
14112,6
14113,6
14114,6
14115,6
14116,7
14117,6
14118,6
14119,6
14120,6
14121,6
14122,6
14123,7
14124,6
14125,6
14126,6
14127,6
14128,6
14129,6
14130,61
14131,63
14132,71
14133,59
14134,55
14135,77
14136,90
14137,17
14138,17
14139,17
14140,17
14141,18
14142,18
14143,19
14144,7
14145,7
14146,7
14147,7
14148,7
14149,8
14150,8
14151,6
14152,6
14153,6
14154,7
14155,7
14156,7
14157,7
14158,6
14159,6
14160,6
14161,6
14162,6
14163,6
14164,7
14165,6
14166,6
14167,6
14168,6
14169,6
14170,6
14171,7
14172,6
14173,6
14174,6
14175,6
14176,6
14177,6
14178,7
14179,6
14180,6
14181,6
14182,6
14183,6
14184,6
14185,7
14186,6
14187,6
14188,6
14189,6
14190,6
14191,6
14192,7
14193,6
14194,6
14195,6
14196,6
14197,6
14198,6
14199,7
14200,6
14201,6
14202,6
14203,6
14204,6
14205,6
14206,7
14207,6
14208,6
14209,6
14210,6
14211,6
14212,6
14213,7
14214,6
14215,6
14216,6
14217,6
14218,6
14219,6
14220,32
14221,56
14222,37
14223,44
14224,59
14225,47
14226,62
14227,15
14228,16
14229,16
14230,16
14231,17
14232,17
14233,18
14234,6
14235,7
14236,6
14237,7
14238,7
14239,8
14240,8
14241,6
14242,6
14243,6
14244,6
14245,7
14246,7
14247,7
14248,6
14249,6
14250,6
14251,6
14252,6
14253,6
14254,7
14255,6
14256,6
14257,6
14258,6
14259,6
14260,6
14261,7
14262,6
14263,6
14264,6
14265,6
14266,6
14267,6
14268,7
14269,6
14270,6
14271,6
14272,6
14273,6
14274,6
14275,7
14276,6
14277,6
14278,6
14279,6
14280,6
14281,7
14282,7
14283,6
14284,6
14285,6
14286,6
14287,6
14288,6
14289,7
14290,6
14291,6
14292,6
14293,6
14294,6
14295,6
14296,7
14297,6
14298,6
14299,6
14300,6
14301,6
14302,6
14303,7
14304,6
14305,6
14306,6
14307,6
14308,6
14309,6
14310,56
14311,54
14312,57
14313,54
14314,66
14315,74
14316,70
14317,16
14318,16
14319,17
14320,17
14321,18
14322,18
14323,18
14324,7
14325,7
14326,7
14327,7
14328,7
14329,8
14330,8
14331,6
14332,6
14333,6
14334,7
14335,7
14336,7
14337,7
14338,6
14339,6
14340,6
14341,6
14342,6
14343,6
14344,7
14345,6
14346,6
14347,6
14348,6
14349,6
14350,6
14351,7
14352,6
14353,6
14354,6
14355,6
14356,6
14357,6
14358,7
14359,6
14360,6
14361,6
14362,6
14363,6
14364,6
14365,7
14366,6
14367,6
14368,6
14369,6
14370,6
14371,6
14372,7
14373,6
14374,6
14375,6
14376,6
14377,6
14378,6
14379,7
14380,6
14381,6
14382,6
14383,6
14384,6
14385,6
14386,7
14387,6
14388,6
14389,6
14390,6
14391,6
14392,6
14393,7
14394,6
14395,6
14396,6
14397,6
14398,6
14399,6
14400,57
14401,71
14402,63
14403,65
14404,74
14405,76
14406,80
14407,16
14408,17
14409,17
14410,17
14411,18
14412,18
14413,18
14414,7
14415,7
14416,7
14417,7
14418,7
14419,8
14420,8
14421,7
14422,6
14423,7
14424,6
14425,7
14426,7
14427,7
14428,6
14429,6
14430,6
14431,6
14432,6
14433,6
14434,7
14435,6
14436,6
14437,6
14438,6
14439,6
14440,6
14441,7
14442,6
14443,6
14444,6
14445,6
14446,6
14447,6
14448,7
14449,6
14450,6
14451,6
14452,6
14453,6
14454,6
14455,7
14456,6
14457,6
14458,6
14459,6
14460,6
14461,6
14462,7
14463,6
14464,6
14465,6
14466,6
14467,6
14468,6
14469,7
14470,6
14471,6
14472,6
14473,6
14474,6
14475,6
14476,7
14477,6
14478,6
14479,6
14480,6
14481,6
14482,6
14483,7
14484,6
14485,6
14486,6
14487,6
14488,6
14489,6
14490,56
14491,77
14492,54
14493,64
14494,74
14495,77
14496,80
14497,16
14498,17
14499,17
14500,17
14501,18
14502,18
14503,18
14504,7
14505,7
14506,7
14507,7
14508,7
14509,8
14510,8
14511,6
14512,6
14513,6
14514,7
14515,7
14516,7
14517,7
14518,6
14519,6
14520,6
14521,6
14522,6
14523,6
14524,7
14525,6
14526,6
14527,6
14528,6
14529,6
14530,6
14531,7
14532,6
14533,6
14534,6
14535,6
14536,6
14537,6
14538,7
14539,6
14540,6
14541,6
14542,6
14543,6
14544,6
14545,7
14546,6
14547,6
14548,6
14549,6
14550,6
14551,6
14552,7
14553,6
14554,6
14555,6
14556,6
14557,6
14558,6
14559,7
14560,6
14561,6
14562,6
14563,6
14564,6
14565,6
14566,7
14567,6
14568,6
14569,6
14570,6
14571,6
14572,6
14573,7
14574,6
14575,6
14576,6
14577,6
14578,6
14579,6
14580,71
14581,74
14582,80
14583,79
14584,77
14585,99
14586,112
14587,17
14588,17
14589,17
14590,17
14591,18
14592,19
14593,19
14594,7
14595,7
14596,7
14597,7
14598,7
14599,8
14600,8
14601,6
14602,6
14603,7
14604,7
14605,7
14606,7
14607,7
14608,6
14609,6
14610,6
14611,6
14612,6
14613,6
14614,7
14615,6
14616,6
14617,6
14618,6
14619,6
14620,6
14621,7
14622,6
14623,6
14624,6
14625,6
14626,6
14627,6
14628,7
14629,6
14630,6
14631,6
14632,6
14633,6
14634,6
14635,7
14636,6
14637,6
14638,6
14639,6
14640,6
14641,6
14642,7
14643,6
14644,6
14645,6
14646,6
14647,6
14648,6
14649,7
14650,6
14651,6
14652,6
14653,6
14654,6
14655,6
14656,7
14657,6
14658,6
14659,6
14660,6
14661,6
14662,6
14663,7
14664,6
14665,6
14666,6
14667,6
14668,6
14669,6
14670,39
14671,54
14672,54
14673,59
14674,52
14675,55
14676,65
14677,16
14678,16
14679,16
14680,16
14681,17
14682,18
14683,18
14684,7
14685,7
14686,7
14687,7
14688,7
14689,8
14690,8
14691,6
14692,6
14693,6
14694,7
14695,7
14696,7
14697,7
14698,6
14699,6
14700,6
14701,6
14702,6
14703,6
14704,7
14705,6
14706,6
14707,6
14708,6
14709,6
14710,6
14711,7
14712,6
14713,6
14714,6
14715,6
14716,6
14717,6
14718,7
14719,6
14720,6
14721,6
14722,6
14723,6
14724,6
14725,7
14726,6
14727,6
14728,6
14729,6
14730,6
14731,7
14732,7
14733,6
14734,6
14735,6
14736,6
14737,6
14738,6
14739,7
14740,6
14741,6
14742,6
14743,6
14744,6
14745,6
14746,7
14747,6
14748,6
14749,6
14750,6
14751,6
14752,6
14753,7
14754,6
14755,6
14756,6
14757,6
14758,6
14759,6
14760,64
14761,65
14762,74
14763,67
14764,96
14765,94
14766,101
14767,17
14768,17
14769,18
14770,18
14771,18
14772,18
14773,19
14774,7
14775,7
14776,7
14777,7
14778,7
14779,8
14780,8
14781,6
14782,6
14783,7
14784,7
14785,7
14786,7
14787,7
14788,6
14789,6
14790,6
14791,6
14792,6
14793,6
14794,7
14795,6
14796,6
14797,6
14798,6
14799,6
14800,6
14801,7
14802,6
14803,6
14804,6
14805,6
14806,6
14807,6
14808,7
14809,6
14810,6
14811,6
14812,6
14813,6
14814,6
14815,7
14816,6
14817,6
14818,6
14819,6
14820,6
14821,6
14822,7
14823,6
14824,6
14825,6
14826,6
14827,6
14828,6
14829,7
14830,6
14831,6
14832,6
14833,6
14834,6
14835,6
14836,7
14837,6
14838,6
14839,6
14840,6
14841,6
14842,6
14843,7
14844,6
14845,6
14846,6
14847,6
14848,6
14849,6
14850,18
14851,19
14852,24
14853,14
14854,22
14855,27
14856,27
14857,8
14858,8
14859,8
14860,8
14861,10
14862,12
14863,12
14864,6
14865,6
14866,6
14867,6
14868,6
14869,7
14870,7
14871,6
14872,6
14873,6
14874,6
14875,6
14876,7
14877,7
14878,6
14879,6
14880,6
14881,6
14882,6
14883,7
14884,7
14885,6
14886,6
14887,6
14888,6
14889,6
14890,6
14891,7
14892,6
14893,6
14894,6
14895,6
14896,6
14897,7
14898,7
14899,6
14900,6
14901,6
14902,6
14903,6
14904,7
14905,7
14906,6
14907,6
14908,6
14909,6
14910,6
14911,7
14912,7
14913,6
14914,6
14915,6
14916,6
14917,6
14918,7
14919,7
14920,6
14921,6
14922,6
14923,6
14924,6
14925,7
14926,7
14927,6
14928,6
14929,6
14930,6
14931,6
14932,6
14933,7
14934,6
14935,6
14936,6
14937,6
14938,6
14939,7
14940,18
14941,24
14942,25
14943,26
14944,40
14945,19
14946,26
14947,9
14948,10
14949,10
14950,11
14951,12
14952,9
14953,11
14954,6
14955,6
14956,6
14957,6
14958,7
14959,7
14960,7
14961,6
14962,6
14963,6
14964,6
14965,7
14966,7
14967,7
14968,6
14969,6
14970,6
14971,6
14972,6
14973,7
14974,7
14975,6
14976,6
14977,6
14978,6
14979,6
14980,6
14981,7
14982,6
14983,6
14984,6
14985,6
14986,6
14987,6
14988,7
14989,6
14990,6
14991,6
14992,6
14993,6
14994,6
14995,7
14996,6
14997,6
14998,6
14999,6
15000,6
15001,7
15002,7
15003,6
15004,6
15005,6
15006,6
15007,6
15008,6
15009,7
15010,6
15011,6
15012,6
15013,6
15014,6
15015,6
15016,7
15017,6
15018,6
15019,6
15020,6
15021,6
15022,6
15023,7
15024,6
15025,6
15026,6
15027,6
15028,6
15029,6
15030,65
15031,75
15032,71
15033,87
15034,69
15035,92
15036,86
15037,17
15038,17
15039,17
15040,17
15041,18
15042,19
15043,19
15044,7
15045,7
15046,7
15047,7
15048,7
15049,8
15050,8
15051,6
15052,6
15053,7
15054,6
15055,7
15056,7
15057,7
15058,6
15059,6
15060,6
15061,6
15062,6
15063,6
15064,7
15065,6
15066,6
15067,6
15068,6
15069,6
15070,6
15071,7
15072,6
15073,6
15074,6
15075,6
15076,6
15077,6
15078,7
15079,6
15080,6
15081,6
15082,6
15083,6
15084,6
15085,7
15086,6
15087,6
15088,6
15089,6
15090,6
15091,6
15092,7
15093,6
15094,6
15095,6
15096,6
15097,6
15098,6
15099,7
15100,6
15101,6
15102,6
15103,6
15104,6
15105,6
15106,7
15107,6
15108,6
15109,6
15110,6
15111,6
15112,6
15113,7
15114,6
15115,6
15116,6
15117,6
15118,6
15119,6
15120,34
15121,35
15122,40
15123,34
15124,44
15125,46
15126,39
15127,14
15128,14
15129,15
15130,15
15131,16
15132,16
15133,16
15134,6
15135,6
15136,7
15137,7
15138,7
15139,8
15140,8
15141,6
15142,6
15143,6
15144,6
15145,7
15146,7
15147,7
15148,6
15149,6
15150,6
15151,6
15152,6
15153,7
15154,7
15155,6
15156,6
15157,6
15158,6
15159,6
15160,7
15161,7
15162,6
15163,6
15164,6
15165,6
15166,6
15167,6
15168,7
15169,6
15170,6
15171,6
15172,6
15173,6
15174,7
15175,7
15176,6
15177,6
15178,6
15179,6
15180,6
15181,7
15182,7
15183,6
15184,6
15185,6
15186,6
15187,6
15188,6
15189,7
15190,6
15191,6
15192,6
15193,6
15194,6
15195,6
15196,7
15197,6
15198,6
15199,6
15200,6
15201,6
15202,6
15203,7
15204,6
15205,6
15206,6
15207,6
15208,6
15209,6
15210,38
15211,38
15212,36
15213,41
15214,46
15215,47
15216,53
15217,15
15218,15
15219,15
15220,15
15221,16
15222,17
15223,18
15224,6
15225,6
15226,6
15227,7
15228,7
15229,8
15230,8
15231,6
15232,6
15233,6
15234,6
15235,7
15236,7
15237,7
15238,6
15239,6
15240,6
15241,6
15242,6
15243,6
15244,7
15245,6
15246,6
15247,6
15248,6
15249,6
15250,6
15251,7
15252,6
15253,6
15254,6
15255,6
15256,6
15257,6
15258,7
15259,6
15260,6
15261,6
15262,6
15263,6
15264,6
15265,7
15266,6
15267,6
15268,6
15269,6
15270,6
15271,7
15272,7
15273,6
15274,6
15275,6
15276,6
15277,6
15278,6
15279,7
15280,6
15281,6
15282,6
15283,6
15284,6
15285,6
15286,7
15287,6
15288,6
15289,6
15290,6
15291,6
15292,6
15293,7
15294,6
15295,6
15296,6
15297,6
15298,6
15299,6
15300,28
15301,41
15302,34
15303,38
15304,43
15305,34
15306,49
15307,13
15308,15
15309,15
15310,15
15311,16
15312,16
15313,18
15314,6
15315,7
15316,7
15317,7
15318,7
15319,7
15320,8
15321,6
15322,6
15323,6
15324,6
15325,7
15326,7
15327,7
15328,6
15329,6
15330,6
15331,6
15332,6
15333,7
15334,7
15335,6
15336,6
15337,6
15338,6
15339,6
15340,6
15341,7
15342,6
15343,6
15344,6
15345,6
15346,6
15347,6
15348,7
15349,6
15350,6
15351,6
15352,6
15353,6
15354,6
15355,7
15356,6
15357,6
15358,6
15359,6
15360,6
15361,7
15362,7
15363,6
15364,6
15365,6
15366,6
15367,6
15368,6
15369,7
15370,6
15371,6
15372,6
15373,6
15374,6
15375,6
15376,7
15377,6
15378,6
15379,6
15380,6
15381,6
15382,6
15383,7
15384,6
15385,6
15386,6
15387,6
15388,6
15389,6
15390,47
15391,58
15392,81
15393,63
15394,83
15395,79
15396,91
15397,16
15398,17
15399,17
15400,17
15401,18
15402,19
15403,19
15404,7
15405,7
15406,7
15407,7
15408,7
15409,8
15410,8
15411,6
15412,6
15413,6
15414,7
15415,7
15416,7
15417,7
15418,6
15419,6
15420,6
15421,6
15422,6
15423,6
15424,7
15425,6
15426,6
15427,6
15428,6
15429,6
15430,6
15431,7
15432,6
15433,6
15434,6
15435,6
15436,6
15437,6
15438,7
15439,6
15440,6
15441,6
15442,6
15443,6
15444,6
15445,7
15446,6
15447,6
15448,6
15449,6
15450,6
15451,6
15452,7
15453,6
15454,6
15455,6
15456,6
15457,6
15458,6
15459,7
15460,6
15461,6
15462,6
15463,6
15464,6
15465,6
15466,7
15467,6
15468,6
15469,6
15470,6
15471,6
15472,6
15473,7
15474,6
15475,6
15476,6
15477,6
15478,6
15479,6
15480,26
15481,24
15482,29
15483,27
15484,23
15485,23
15486,22
15487,9
15488,9
15489,9
15490,9
15491,9
15492,9
15493,9
15494,6
15495,6
15496,6
15497,6
15498,7
15499,7
15500,7
15501,6
15502,6
15503,6
15504,6
15505,6
15506,7
15507,7
15508,6
15509,6
15510,6
15511,6
15512,6
15513,7
15514,7
15515,6
15516,6
15517,6
15518,6
15519,6
15520,7
15521,7
15522,6
15523,6
15524,6
15525,6
15526,6
15527,7
15528,7
15529,6
15530,6
15531,6
15532,6
15533,6
15534,6
15535,7
15536,6
15537,6
15538,6
15539,6
15540,6
15541,7
15542,7
15543,6
15544,6
15545,6
15546,6
15547,6
15548,6
15549,7
15550,6
15551,6
15552,6
15553,6
15554,6
15555,6
15556,7
15557,6
15558,6
15559,6
15560,6
15561,6
15562,6
15563,7
15564,6
15565,6
15566,6
15567,6
15568,6
15569,6
15570,50
15571,59
15572,54
15573,60
15574,67
15575,65
15576,53
15577,16
15578,16
15579,17
15580,17
15581,17
15582,18
15583,18
15584,7
15585,7
15586,7
15587,7
15588,7
15589,8
15590,8
15591,7
15592,6
15593,6
15594,7
15595,7
15596,7
15597,7
15598,6
15599,6
15600,6
15601,6
15602,6
15603,6
15604,7
15605,6
15606,6
15607,6
15608,6
15609,6
15610,6
15611,7
15612,6
15613,6
15614,6
15615,6
15616,6
15617,6
15618,7
15619,6
15620,6
15621,6
15622,6
15623,6
15624,6
15625,7
15626,6
15627,6
15628,6
15629,6
15630,6
15631,6
15632,7
15633,6
15634,6
15635,6
15636,6
15637,6
15638,6
15639,7
15640,6
15641,6
15642,6
15643,6
15644,6
15645,6
15646,7
15647,6
15648,6
15649,6
15650,6
15651,6
15652,6
15653,7
15654,6
15655,6
15656,6
15657,6
15658,6
15659,6
15660,48
15661,72
15662,64
15663,73
15664,84
15665,79
15666,109
15667,17
15668,17
15669,17
15670,18
15671,18
15672,19
15673,19
15674,7
15675,7
15676,7
15677,7
15678,7
15679,8
15680,8
15681,6
15682,6
15683,7
15684,7
15685,7
15686,7
15687,7
15688,6
15689,6
15690,6
15691,6
15692,6
15693,6
15694,7
15695,6
15696,6
15697,6
15698,6
15699,6
15700,6
15701,7
15702,6
15703,6
15704,6
15705,6
15706,6
15707,6
15708,7
15709,6
15710,6
15711,6
15712,6
15713,6
15714,6
15715,7
15716,6
15717,6
15718,6
15719,6
15720,6
15721,6
15722,7
15723,6
15724,6
15725,6
15726,6
15727,6
15728,6
15729,7
15730,6
15731,6
15732,6
15733,6
15734,6
15735,6
15736,7
15737,6
15738,6
15739,6
15740,6
15741,6
15742,6
15743,7
15744,6
15745,6
15746,6
15747,6
15748,6
15749,6
15750,29
15751,37
15752,47
15753,36
15754,44
15755,38
15756,45
15757,14
15758,15
15759,15
15760,15
15761,16
15762,16
15763,17
15764,6
15765,6
15766,7
15767,7
15768,7
15769,7
15770,8
15771,6
15772,6
15773,6
15774,6
15775,7
15776,7
15777,7
15778,6
15779,6
15780,6
15781,6
15782,6
15783,6
15784,7
15785,6
15786,6
15787,6
15788,6
15789,6
15790,6
15791,7
15792,6
15793,6
15794,6
15795,6
15796,6
15797,6
15798,7
15799,6
15800,6
15801,6
15802,6
15803,6
15804,6
15805,7
15806,6
15807,6
15808,6
15809,6
15810,6
15811,7
15812,7
15813,6
15814,6
15815,6
15816,6
15817,6
15818,6
15819,7
15820,6
15821,6
15822,6
15823,6
15824,6
15825,6
15826,7
15827,6
15828,6
15829,6
15830,6
15831,6
15832,6
15833,7
15834,6
15835,6
15836,6
15837,6
15838,6
15839,6
15840,24
15841,14
15842,16
15843,17
15844,24
15845,23
15846,27
15847,7
15848,7
15849,8
15850,8
15851,10
15852,10
15853,12
15854,6
15855,6
15856,6
15857,6
15858,6
15859,7
15860,7
15861,6
15862,6
15863,6
15864,6
15865,6
15866,7
15867,7
15868,6
15869,6
15870,6
15871,6
15872,6
15873,6
15874,7
15875,6
15876,6
15877,6
15878,6
15879,6
15880,7
15881,7
15882,6
15883,6
15884,6
15885,6
15886,6
15887,7
15888,7
15889,6
15890,6
15891,6
15892,6
15893,6
15894,7
15895,7
15896,6
15897,6
15898,6
15899,6
15900,6
15901,7
15902,7
15903,6
15904,6
15905,6
15906,6
15907,6
15908,7
15909,7
15910,6
15911,6
15912,6
15913,6
15914,6
15915,7
15916,7
15917,6
15918,6
15919,6
15920,6
15921,6
15922,7
15923,7
15924,6
15925,6
15926,6
15927,6
15928,6
15929,7
15930,49
15931,80
15932,82
15933,79
15934,70
15935,90
15936,105
15937,17
15938,17
15939,17
15940,18
15941,18
15942,18
15943,19
15944,7
15945,7
15946,7
15947,7
15948,7
15949,8
15950,8
15951,6
15952,6
15953,7
15954,7
15955,7
15956,7
15957,7
15958,6
15959,6
15960,6
15961,6
15962,6
15963,6
15964,7
15965,6
15966,6
15967,6
15968,6
15969,6
15970,6
15971,7
15972,6
15973,6
15974,6
15975,6
15976,6
15977,6
15978,7
15979,6
15980,6
15981,6
15982,6
15983,6
15984,6
15985,7
15986,6
15987,6
15988,6
15989,6
15990,6
15991,6
15992,7
15993,6
15994,6
15995,6
15996,6
15997,6
15998,6
15999,7
16000,6
16001,6
16002,6
16003,6
16004,6
16005,6
16006,7
16007,6
16008,6
16009,6
16010,6
16011,6
16012,6
16013,7
16014,6
16015,6
16016,6
16017,6
16018,6
16019,6
16020,56
16021,61
16022,47
16023,62
16024,69
16025,62
16026,77
16027,16
16028,17
16029,16
16030,17
16031,18
16032,18
16033,18
16034,7
16035,7
16036,7
16037,7
16038,7
16039,8
16040,8
16041,6
16042,6
16043,7
16044,6
16045,7
16046,7
16047,7
16048,6
16049,6
16050,6
16051,6
16052,6
16053,6
16054,7
16055,6
16056,6
16057,6
16058,6
16059,6
16060,6
16061,7
16062,6
16063,6
16064,6
16065,6
16066,6
16067,6
16068,7
16069,6
16070,6
16071,6
16072,6
16073,6
16074,6
16075,7
16076,6
16077,6
16078,6
16079,6
16080,6
16081,6
16082,7
16083,6
16084,6
16085,6
16086,6
16087,6
16088,6
16089,7
16090,6
16091,6
16092,6
16093,6
16094,6
16095,6
16096,7
16097,6
16098,6
16099,6
16100,6
16101,6
16102,6
16103,7
16104,6
16105,6
16106,6
16107,6
16108,6
16109,6
16110,24
16111,32
16112,30
16113,37
16114,40
16115,34
16116,50
16117,12
16118,13
16119,14
16120,15
16121,16
16122,16
16123,17
16124,6
16125,7
16126,6
16127,7
16128,7
16129,7
16130,8
16131,6
16132,6
16133,6
16134,6
16135,7
16136,7
16137,7
16138,6
16139,6
16140,6
16141,6
16142,6
16143,6
16144,7
16145,6
16146,6
16147,6
16148,6
16149,6
16150,6
16151,7
16152,6
16153,6
16154,6
16155,6
16156,6
16157,6
16158,7
16159,6
16160,6
16161,6
16162,6
16163,6
16164,6
16165,7
16166,6
16167,6
16168,6
16169,6
16170,6
16171,7
16172,7
16173,6
16174,6
16175,6
16176,6
16177,6
16178,6
16179,7
16180,6
16181,6
16182,6
16183,6
16184,6
16185,6
16186,7
16187,6
16188,6
16189,6
16190,6
16191,6
16192,6
16193,7
16194,6
16195,6
16196,6
16197,6
16198,6
16199,6
16200,39
16201,52
16202,42
16203,48
16204,64
16205,68
16206,71
16207,16
16208,16
16209,16
16210,17
16211,17
16212,18
16213,18
16214,7
16215,7
16216,7
16217,7
16218,7
16219,8
16220,8
16221,6
16222,6
16223,6
16224,6
16225,7
16226,7
16227,7
16228,6
16229,6
16230,6
16231,6
16232,6
16233,6
16234,7
16235,6
16236,6
16237,6
16238,6
16239,6
16240,6
16241,7
16242,6
16243,6
16244,6
16245,6
16246,6
16247,6
16248,7
16249,6
16250,6
16251,6
16252,6
16253,6
16254,6
16255,7
16256,6
16257,6
16258,6
16259,6
16260,6
16261,7
16262,7
16263,6
16264,6
16265,6
16266,6
16267,6
16268,6
16269,7
16270,6
16271,6
16272,6
16273,6
16274,6
16275,6
16276,7
16277,6
16278,6
16279,6
16280,6
16281,6
16282,6
16283,7
16284,6
16285,6
16286,6
16287,6
16288,6
16289,6
16290,25
16291,37
16292,38
16293,38
16294,43
16295,47
16296,44
16297,14
16298,15
16299,15
16300,15
16301,16
16302,16
16303,17
16304,6
16305,6
16306,7
16307,7
16308,7
16309,8
16310,8
16311,6
16312,6
16313,6
16314,6
16315,7
16316,7
16317,7
16318,6
16319,6
16320,6
16321,6
16322,6
16323,6
16324,7
16325,6
16326,6
16327,6
16328,6
16329,6
16330,6
16331,7
16332,6
16333,6
16334,6
16335,6
16336,6
16337,6
16338,7
16339,6
16340,6
16341,6
16342,6
16343,6
16344,6
16345,7
16346,6
16347,6
16348,6
16349,6
16350,6
16351,7
16352,7
16353,6
16354,6
16355,6
16356,6
16357,6
16358,6
16359,7
16360,6
16361,6
16362,6
16363,6
16364,6
16365,6
16366,7
16367,6
16368,6
16369,6
16370,6
16371,6
16372,6
16373,7
16374,6
16375,6
16376,6
16377,6
16378,6
16379,6
16380,50
16381,50
16382,56
16383,57
16384,64
16385,76
16386,80
16387,16
16388,16
16389,17
16390,17
16391,18
16392,18
16393,18
16394,7
16395,7
16396,7
16397,7
16398,7
16399,8
16400,8
16401,6
16402,6
16403,7
16404,7
16405,7
16406,7
16407,7
16408,6
16409,6
16410,6
16411,6
16412,6
16413,6
16414,7
16415,6
16416,6
16417,6
16418,6
16419,6
16420,6
16421,7
16422,6
16423,6
16424,6
16425,6
16426,6
16427,6
16428,7
16429,6
16430,6
16431,6
16432,6
16433,6
16434,6
16435,7
16436,6
16437,6
16438,6
16439,6
16440,6
16441,7
16442,7
16443,6
16444,6
16445,6
16446,6
16447,6
16448,6
16449,7
16450,6
16451,6
16452,6
16453,6
16454,6
16455,6
16456,7
16457,6
16458,6
16459,6
16460,6
16461,6
16462,6
16463,7
16464,6
16465,6
16466,6
16467,6
16468,6
16469,6
16470,19
16471,22
16472,21
16473,18
16474,23
16475,32
16476,30
16477,8
16478,8
16479,9
16480,10
16481,12
16482,13
16483,13
16484,6
16485,6
16486,6
16487,6
16488,6
16489,7
16490,7
16491,6
16492,6
16493,6
16494,6
16495,6
16496,7
16497,7
16498,6
16499,6
16500,6
16501,6
16502,6
16503,7
16504,7
16505,6
16506,6
16507,6
16508,6
16509,6
16510,7
16511,7
16512,6
16513,6
16514,6
16515,6
16516,6
16517,7
16518,7
16519,6
16520,6
16521,6
16522,6
16523,6
16524,6
16525,7
16526,6
16527,6
16528,6
16529,6
16530,6
16531,7
16532,7
16533,6
16534,6
16535,6
16536,6
16537,6
16538,6
16539,7
16540,6
16541,6
16542,6
16543,6
16544,6
16545,6
16546,7
16547,6
16548,6
16549,6
16550,6
16551,6
16552,7
16553,7
16554,6
16555,6
16556,6
16557,6
16558,6
16559,7
16560,48
16561,50
16562,59
16563,54
16564,67
16565,60
16566,62
16567,16
16568,16
16569,16
16570,17
16571,17
16572,18
16573,18
16574,7
16575,7
16576,7
16577,7
16578,7
16579,8
16580,8
16581,7
16582,6
16583,6
16584,7
16585,7
16586,7
16587,7
16588,6
16589,6
16590,6
16591,6
16592,6
16593,6
16594,7
16595,6
16596,6
16597,6
16598,6
16599,6
16600,6
16601,7
16602,6
16603,6
16604,6
16605,6
16606,6
16607,6
16608,7
16609,6
16610,6
16611,6
16612,6
16613,6
16614,6
16615,7
16616,6
16617,6
16618,6
16619,6
16620,6
16621,6
16622,7
16623,6
16624,6
16625,6
16626,6
16627,6
16628,6
16629,7
16630,6
16631,6
16632,6
16633,6
16634,6
16635,6
16636,7
16637,6
16638,6
16639,6
16640,6
16641,6
16642,6
16643,7
16644,6
16645,6
16646,6
16647,6
16648,6
16649,6
16650,58
16651,68
16652,68
16653,72
16654,81
16655,78
16656,91
16657,17
16658,17
16659,17
16660,17
16661,18
16662,18
16663,19
16664,7
16665,7
16666,7
16667,7
16668,7
16669,8
16670,8
16671,6
16672,6
16673,7
16674,6
16675,7
16676,7
16677,7
16678,6
16679,6
16680,6
16681,6
16682,6
16683,6
16684,7
16685,6
16686,6
16687,6
16688,6
16689,6
16690,6
16691,7
16692,6
16693,6
16694,6
16695,6
16696,6
16697,6
16698,7
16699,6
16700,6
16701,6
16702,6
16703,6
16704,6
16705,7
16706,6
16707,6
16708,6
16709,6
16710,6
16711,6
16712,7
16713,6
16714,6
16715,6
16716,6
16717,6
16718,6
16719,7
16720,6
16721,6
16722,6
16723,6
16724,6
16725,6
16726,7
16727,6
16728,6
16729,6
16730,6
16731,6
16732,6
16733,7
16734,6
16735,6
16736,6
16737,6
16738,6
16739,6
16740,14
16741,19
16742,19
16743,26
16744,25
16745,29
16746,29
16747,8
16748,9
16749,10
16750,11
16751,12
16752,13
16753,13
16754,6
16755,6
16756,6
16757,6
16758,7
16759,7
16760,7
16761,6
16762,6
16763,6
16764,6
16765,6
16766,7
16767,7
16768,6
16769,6
16770,6
16771,6
16772,6
16773,7
16774,7
16775,6
16776,6
16777,6
16778,6
16779,6
16780,7
16781,7
16782,6
16783,6
16784,6
16785,6
16786,6
16787,7
16788,7
16789,6
16790,6
16791,6
16792,6
16793,6
16794,7
16795,7
16796,6
16797,6
16798,6
16799,6
16800,6
16801,7
16802,7
16803,6
16804,6
16805,6
16806,6
16807,6
16808,6
16809,7
16810,6
16811,6
16812,6
16813,6
16814,6
16815,7
16816,7
16817,6
16818,6
16819,6
16820,6
16821,6
16822,7
16823,7
16824,6
16825,6
16826,6
16827,6
16828,6
16829,7
16830,68
16831,64
16832,55
16833,89
16834,68
16835,92
16836,71
16837,17
16838,17
16839,17
16840,18
16841,18
16842,19
16843,19
16844,7
16845,7
16846,7
16847,7
16848,7
16849,8
16850,8
16851,6
16852,6
16853,7
16854,7
16855,7
16856,7
16857,7
16858,6
16859,6
16860,6
16861,6
16862,6
16863,6
16864,7
16865,6
16866,6
16867,6
16868,6
16869,6
16870,6
16871,7
16872,6
16873,6
16874,6
16875,6
16876,6
16877,6
16878,7
16879,6
16880,6
16881,6
16882,6
16883,6
16884,6
16885,7
16886,6
16887,6
16888,6
16889,6
16890,6
16891,6
16892,7
16893,6
16894,6
16895,6
16896,6
16897,6
16898,6
16899,7
16900,6
16901,6
16902,6
16903,6
16904,6
16905,6
16906,7
16907,6
16908,6
16909,6
16910,6
16911,6
16912,6
16913,7
16914,6
16915,6
16916,6
16917,6
16918,6
16919,6
16920,35
16921,34
16922,36
16923,42
16924,36
16925,46
16926,40
16927,14
16928,14
16929,14
16930,15
16931,16
16932,16
16933,16
16934,6
16935,6
16936,6
16937,7
16938,7
16939,8
16940,8
16941,6
16942,6
16943,6
16944,6
16945,6
16946,7
16947,7
16948,6
16949,6
16950,6
16951,6
16952,6
16953,6
16954,7
16955,6
16956,6
16957,6
16958,6
16959,6
16960,6
16961,7
16962,6
16963,6
16964,6
16965,6
16966,6
16967,6
16968,7
16969,6
16970,6
16971,6
16972,6
16973,6
16974,6
16975,7
16976,6
16977,6
16978,6
16979,6
16980,6
16981,7
16982,7
16983,6
16984,6
16985,6
16986,6
16987,6
16988,6
16989,7
16990,6
16991,6
16992,6
16993,6
16994,6
16995,6
16996,7
16997,6
16998,6
16999,6
17000,6
17001,6
17002,6
17003,7
17004,6
17005,6
17006,6
17007,6
17008,6
17009,6
17010,18
17011,27
17012,32
17013,27
17014,27
17015,28
17016,24
17017,9
17018,10
17019,10
17020,10
17021,11
17022,11
17023,10
17024,6
17025,6
17026,6
17027,6
17028,7
17029,7
17030,7
17031,6
17032,6
17033,6
17034,6
17035,6
17036,7
17037,7
17038,6
17039,6
17040,6
17041,6
17042,6
17043,7
17044,7
17045,6
17046,6
17047,6
17048,6
17049,6
17050,7
17051,7
17052,6
17053,6
17054,6
17055,6
17056,6
17057,7
17058,7
17059,6
17060,6
17061,6
17062,6
17063,6
17064,7
17065,7
17066,6
17067,6
17068,6
17069,6
17070,6
17071,7
17072,7
17073,6
17074,6
17075,6
17076,6
17077,6
17078,6
17079,7
17080,6
17081,6
17082,6
17083,6
17084,6
17085,6
17086,7
17087,6
17088,6
17089,6
17090,6
17091,6
17092,6
17093,7
17094,6
17095,6
17096,6
17097,6
17098,6
17099,7
17100,11
17101,27
17102,18
17103,15
17104,17
17105,23
17106,29
17107,7
17108,8
17109,7
17110,7
17111,9
17112,11
17113,13
17114,6
17115,6
17116,6
17117,6
17118,6
17119,7
17120,7
17121,6
17122,6
17123,6
17124,6
17125,6
17126,7
17127,7
17128,6
17129,6
17130,6
17131,6
17132,6
17133,7
17134,7
17135,6
17136,6
17137,6
17138,6
17139,6
17140,7
17141,7
17142,6
17143,6
17144,6
17145,6
17146,6
17147,7
17148,7
17149,6
17150,6
17151,6
17152,6
17153,6
17154,7
17155,7
17156,6
17157,6
17158,6
17159,6
17160,6
17161,7
17162,7
17163,6
17164,6
17165,6
17166,6
17167,6
17168,7
17169,7
17170,6
17171,6
17172,6
17173,6
17174,6
17175,7
17176,7
17177,6
17178,6
17179,6
17180,6
17181,6
17182,7
17183,7
17184,6
17185,6
17186,6
17187,6
17188,6
17189,6
17190,22
17191,29
17192,25
17193,31
17194,31
17195,31
17196,47
17197,11
17198,11
17199,11
17200,12
17201,14
17202,16
17203,17
17204,6
17205,6
17206,6
17207,6
17208,7
17209,7
17210,8
17211,6
17212,6
17213,6
17214,6
17215,6
17216,7
17217,7
17218,6
17219,6
17220,6
17221,6
17222,6
17223,6
17224,7
17225,6
17226,6
17227,6
17228,6
17229,6
17230,6
17231,7
17232,6
17233,6
17234,6
17235,6
17236,6
17237,6
17238,7
17239,6
17240,6
17241,6
17242,6
17243,6
17244,6
17245,7
17246,6
17247,6
17248,6
17249,6
17250,6
17251,7
17252,7
17253,6
17254,6
17255,6
17256,6
17257,6
17258,6
17259,7
17260,6
17261,6
17262,6
17263,6
17264,6
17265,6
17266,7
17267,6
17268,6
17269,6
17270,6
17271,6
17272,6
17273,7
17274,6
17275,6
17276,6
17277,6
17278,6
17279,7
17280,38
17281,52
17282,44
17283,50
17284,44
17285,47
17286,56
17287,15
17288,16
17289,15
17290,16
17291,17
17292,17
17293,18
17294,7
17295,7
17296,7
17297,7
17298,7
17299,8
17300,8
17301,6
17302,6
17303,6
17304,6
17305,7
17306,7
17307,7
17308,6
17309,6
17310,6
17311,6
17312,6
17313,7
17314,7
17315,6
17316,6
17317,6
17318,6
17319,6
17320,6
17321,7
17322,6
17323,6
17324,6
17325,6
17326,6
17327,6
17328,7
17329,6
17330,6
17331,6
17332,6
17333,6
17334,6
17335,7
17336,6
17337,6
17338,6
17339,6
17340,6
17341,7
17342,7
17343,6
17344,6
17345,6
17346,6
17347,6
17348,6
17349,7
17350,6
17351,6
17352,6
17353,6
17354,6
17355,6
17356,7
17357,6
17358,6
17359,6
17360,6
17361,6
17362,6
17363,7
17364,6
17365,6
17366,6
17367,6
17368,6
17369,6
17370,23
17371,15
17372,19
17373,24
17374,24
17375,35
17376,37
17377,9
17378,9
17379,10
17380,11
17381,12
17382,15
17383,16
17384,6
17385,6
17386,6
17387,6
17388,7
17389,7
17390,7
17391,6
17392,6
17393,6
17394,6
17395,6
17396,7
17397,7
17398,6
17399,6
17400,6
17401,6
17402,6
17403,7
17404,7
17405,6
17406,6
17407,6
17408,6
17409,6
17410,7
17411,7
17412,6
17413,6
17414,6
17415,6
17416,6
17417,7
17418,7
17419,6
17420,6
17421,6
17422,6
17423,6
17424,6
17425,7
17426,6
17427,6
17428,6
17429,6
17430,6
17431,7
17432,7
17433,6
17434,6
17435,6
17436,6
17437,6
17438,6
17439,7
17440,6
17441,6
17442,6
17443,6
17444,6
17445,7
17446,7
17447,6
17448,6
17449,6
17450,6
17451,6
17452,7
17453,7
17454,6
17455,6
17456,6
17457,6
17458,6
17459,6
17460,50
17461,80
17462,77
17463,69
17464,67
17465,86
17466,69
17467,16
17468,17
17469,17
17470,17
17471,18
17472,18
17473,19
17474,7
17475,7
17476,7
17477,7
17478,7
17479,8
17480,8
17481,6
17482,6
17483,7
17484,7
17485,7
17486,7
17487,7
17488,6
17489,6
17490,6
17491,6
17492,6
17493,6
17494,7
17495,6
17496,6
17497,6
17498,6
17499,6
17500,6
17501,7
17502,6
17503,6
17504,6
17505,6
17506,6
17507,6
17508,7
17509,6
17510,6
17511,6
17512,6
17513,6
17514,6
17515,7
17516,6
17517,6
17518,6
17519,6
17520,6
17521,6
17522,7
17523,6
17524,6
17525,6
17526,6
17527,6
17528,6
17529,7
17530,6
17531,6
17532,6
17533,6
17534,6
17535,6
17536,7
17537,6
17538,6
17539,6
17540,6
17541,6
17542,6
17543,7
17544,6
17545,6
17546,6
17547,6
17548,6
17549,6
17550,37
17551,58
17552,46
17553,53
17554,53
17555,70
17556,63
17557,16
17558,16
17559,16
17560,17
17561,17
17562,18
17563,18
17564,7
17565,7
17566,7
17567,7
17568,7
17569,8
17570,8
17571,6
17572,6
17573,6
17574,6
17575,7
17576,7
17577,7
17578,6
17579,6
17580,6
17581,6
17582,6
17583,6
17584,7
17585,6
17586,6
17587,6
17588,6
17589,6
17590,6
17591,7
17592,6
17593,6
17594,6
17595,6
17596,6
17597,6
17598,7
17599,6
17600,6
17601,6
17602,6
17603,6
17604,6
17605,7
17606,6
17607,6
17608,6
17609,6
17610,6
17611,6
17612,7
17613,6
17614,6
17615,6
17616,6
17617,6
17618,6
17619,7
17620,6
17621,6
17622,6
17623,6
17624,6
17625,6
17626,7
17627,6
17628,6
17629,6
17630,6
17631,6
17632,6
17633,7
17634,6
17635,6
17636,6
17637,6
17638,6
17639,6
17640,17
17641,16
17642,24
17643,24
17644,31
17645,24
17646,26
17647,8
17648,8
17649,9
17650,10
17651,11
17652,10
17653,11
17654,6
17655,6
17656,6
17657,6
17658,6
17659,7
17660,7
17661,6
17662,6
17663,6
17664,6
17665,6
17666,7
17667,7
17668,6
17669,6
17670,6
17671,6
17672,6
17673,6
17674,7
17675,6
17676,6
17677,6
17678,6
17679,6
17680,7
17681,7
17682,6
17683,6
17684,6
17685,6
17686,6
17687,7
17688,7
17689,6
17690,6
17691,6
17692,6
17693,6
17694,7
17695,7
17696,6
17697,6
17698,6
17699,6
17700,6
17701,7
17702,7
17703,6
17704,6
17705,6
17706,6
17707,6
17708,7
17709,7
17710,6
17711,6
17712,6
17713,6
17714,6
17715,7
17716,7
17717,6
17718,6
17719,6
17720,6
17721,6
17722,7
17723,7
17724,6
17725,6
17726,6
17727,6
17728,6
17729,7
17730,43
17731,47
17732,37
17733,55
17734,53
17735,49
17736,43
17737,15
17738,15
17739,15
17740,16
17741,17
17742,17
17743,17
17744,7
17745,7
17746,6
17747,7
17748,7
17749,8
17750,8
17751,6
17752,6
17753,6
17754,6
17755,7
17756,7
17757,7
17758,6
17759,6
17760,6
17761,6
17762,6
17763,6
17764,7
17765,6
17766,6
17767,6
17768,6
17769,6
17770,6
17771,7
17772,6
17773,6
17774,6
17775,6
17776,6
17777,6
17778,7
17779,6
17780,6
17781,6
17782,6
17783,6
17784,6
17785,7
17786,6
17787,6
17788,6
17789,6
17790,6
17791,6
17792,7
17793,6
17794,6
17795,6
17796,6
17797,6
17798,6
17799,7
17800,6
17801,6
17802,6
17803,6
17804,6
17805,6
17806,7
17807,6
17808,6
17809,6
17810,6
17811,6
17812,6
17813,7
17814,6
17815,6
17816,6
17817,6
17818,6
17819,6
17820,22
17821,21
17822,22
17823,26
17824,23
17825,32
17826,30
17827,9
17828,9
17829,10
17830,11
17831,12
17832,13
17833,13
17834,6
17835,6
17836,6
17837,6
17838,7
17839,7
17840,7
17841,6
17842,6
17843,6
17844,6
17845,6
17846,7
17847,7
17848,6
17849,6
17850,6
17851,6
17852,6
17853,7
17854,7
17855,6
17856,6
17857,6
17858,6
17859,6
17860,7
17861,7
17862,6
17863,6
17864,6
17865,6
17866,6
17867,6
17868,7
17869,6
17870,6
17871,6
17872,6
17873,6
17874,7
17875,7
17876,6
17877,6
17878,6
17879,6
17880,6
17881,7
17882,7
17883,6
17884,6
17885,6
17886,6
17887,6
17888,7
17889,7
17890,6
17891,6
17892,6
17893,6
17894,6
17895,6
17896,7
17897,6
17898,6
17899,6
17900,6
17901,6
17902,6
17903,7
17904,6
17905,6
17906,6
17907,6
17908,6
17909,7
17910,43
17911,46
17912,49
17913,58
17914,57
17915,68
17916,81
17917,16
17918,16
17919,16
17920,17
17921,18
17922,18
17923,18
17924,7
17925,7
17926,7
17927,7
17928,7
17929,8
17930,8
17931,7
17932,6
17933,7
17934,6
17935,7
17936,7
17937,7
17938,6
17939,6
17940,6
17941,6
17942,6
17943,6
17944,7
17945,6
17946,6
17947,6
17948,6
17949,6
17950,6
17951,7
17952,6
17953,6
17954,6
17955,6
17956,6
17957,6
17958,7
17959,6
17960,6
17961,6
17962,6
17963,6
17964,6
17965,7
17966,6
17967,6
17968,6
17969,6
17970,6
17971,6
17972,7
17973,6
17974,6
17975,6
17976,6
17977,6
17978,6
17979,7
17980,6
17981,6
17982,6
17983,6
17984,6
17985,6
17986,7
17987,6
17988,6
17989,6
17990,6
17991,6
17992,6
17993,7
17994,6
17995,6
17996,6
17997,6
17998,6
17999,6
18000,17
18001,12
18002,15
18003,14
18004,18
18005,19
18006,24
18007,6
18008,6
18009,7
18010,7
18011,7
18012,9
18013,10
18014,6
18015,6
18016,6
18017,6
18018,6
18019,6
18020,7
18021,6
18022,6
18023,6
18024,6
18025,6
18026,7
18027,7
18028,6
18029,6
18030,6
18031,6
18032,6
18033,7
18034,7
18035,6
18036,6
18037,6
18038,6
18039,6
18040,7
18041,7
18042,6
18043,6
18044,6
18045,6
18046,6
18047,6
18048,7
18049,6
18050,6
18051,6
18052,6
18053,6
18054,7
18055,7
18056,6
18057,6
18058,6
18059,6
18060,6
18061,7
18062,7
18063,6
18064,6
18065,6
18066,6
18067,6
18068,6
18069,7
18070,6
18071,6
18072,6
18073,6
18074,6
18075,7
18076,7
18077,6
18078,6
18079,6
18080,6
18081,6
18082,6
18083,7
18084,6
18085,6
18086,6
18087,6
18088,6
18089,7
18090,30
18091,37
18092,30
18093,33
18094,42
18095,30
18096,51
18097,12
18098,13
18099,13
18100,14
18101,16
18102,16
18103,18
18104,6
18105,7
18106,6
18107,6
18108,7
18109,7
18110,8
18111,6
18112,6
18113,6
18114,6
18115,7
18116,7
18117,7
18118,6
18119,6
18120,6
18121,6
18122,6
18123,7
18124,7
18125,6
18126,6
18127,6
18128,6
18129,6
18130,6
18131,7
18132,6
18133,6
18134,6
18135,6
18136,6
18137,6
18138,7
18139,6
18140,6
18141,6
18142,6
18143,6
18144,6
18145,7
18146,6
18147,6
18148,6
18149,6
18150,6
18151,7
18152,7
18153,6
18154,6
18155,6
18156,6
18157,6
18158,6
18159,7
18160,6
18161,6
18162,6
18163,6
18164,6
18165,6
18166,7
18167,6
18168,6
18169,6
18170,6
18171,6
18172,6
18173,7
18174,6
18175,6
18176,6
18177,6
18178,6
18179,6
18180,20
18181,23
18182,22
18183,26
18184,28
18185,28
18186,35
18187,9
18188,10
18189,10
18190,11
18191,12
18192,13
18193,14
18194,6
18195,6
18196,6
18197,6
18198,6
18199,7
18200,7
18201,6
18202,6
18203,6
18204,6
18205,6
18206,7
18207,7
18208,6
18209,6
18210,6
18211,6
18212,6
18213,7
18214,7
18215,6
18216,6
18217,6
18218,6
18219,6
18220,7
18221,7
18222,6
18223,6
18224,6
18225,6
18226,6
18227,7
18228,7
18229,6
18230,6
18231,6
18232,6
18233,6
18234,7
18235,7
18236,6
18237,6
18238,6
18239,6
18240,6
18241,7
18242,7
18243,6
18244,6
18245,6
18246,6
18247,6
18248,7
18249,7
18250,6
18251,6
18252,6
18253,6
18254,6
18255,7
18256,7
18257,6
18258,6
18259,6
18260,6
18261,6
18262,7
18263,7
18264,6
18265,6
18266,6
18267,6
18268,6
18269,7
18270,9
18271,8
18272,12
18273,15
18274,12
18275,14
18276,15
18277,6
18278,6
18279,6
18280,6
18281,6
18282,7
18283,7
18284,6
18285,6
18286,6
18287,6
18288,6
18289,7
18290,7
18291,6
18292,6
18293,6
18294,6
18295,6
18296,6
18297,7
18298,6
18299,6
18300,6
18301,6
18302,6
18303,7
18304,7
18305,6
18306,6
18307,6
18308,6
18309,6
18310,6
18311,7
18312,6
18313,6
18314,6
18315,6
18316,6
18317,7
18318,7
18319,6
18320,6
18321,6
18322,6
18323,6
18324,6
18325,7
18326,6
18327,6
18328,6
18329,6
18330,6
18331,7
18332,7
18333,6
18334,6
18335,6
18336,6
18337,6
18338,6
18339,7
18340,6
18341,6
18342,6
18343,6
18344,6
18345,7
18346,7
18347,6
18348,6
18349,6
18350,6
18351,6
18352,7
18353,7
18354,6
18355,6
18356,6
18357,6
18358,6
18359,6
18360,8
18361,13
18362,15
18363,10
18364,13
18365,11
18366,17
18367,6
18368,6
18369,6
18370,6
18371,6
18372,7
18373,7
18374,6
18375,6
18376,6
18377,6
18378,6
18379,7
18380,7
18381,6
18382,6
18383,6
18384,6
18385,6
18386,6
18387,7
18388,6
18389,6
18390,6
18391,6
18392,6
18393,6
18394,7
18395,6
18396,6
18397,6
18398,6
18399,6
18400,6
18401,7
18402,6
18403,6
18404,6
18405,6
18406,6
18407,6
18408,7
18409,6
18410,6
18411,6
18412,6
18413,6
18414,6
18415,7
18416,6
18417,6
18418,6
18419,6
18420,6
18421,7
18422,7
18423,6
18424,6
18425,6
18426,6
18427,6
18428,7
18429,7
18430,6
18431,6
18432,6
18433,6
18434,6
18435,7
18436,7
18437,6
18438,6
18439,6
18440,6
18441,6
18442,7
18443,7
18444,6
18445,6
18446,6
18447,6
18448,6
18449,6
18450,28
18451,29
18452,27
18453,37
18454,38
18455,34
18456,41
18457,11
18458,12
18459,12
18460,14
18461,15
18462,16
18463,17
18464,6
18465,6
18466,6
18467,7
18468,7
18469,7
18470,8
18471,6
18472,6
18473,6
18474,6
18475,6
18476,7
18477,7
18478,6
18479,6
18480,6
18481,6
18482,6
18483,6
18484,7
18485,6
18486,6
18487,6
18488,6
18489,6
18490,6
18491,7
18492,6
18493,6
18494,6
18495,6
18496,6
18497,6
18498,7
18499,6
18500,6
18501,6
18502,6
18503,6
18504,6
18505,7
18506,6
18507,6
18508,6
18509,6
18510,6
18511,7
18512,7
18513,6
18514,6
18515,6
18516,6
18517,6
18518,6
18519,7
18520,6
18521,6
18522,6
18523,6
18524,6
18525,6
18526,7
18527,6
18528,6
18529,6
18530,6
18531,6
18532,6
18533,7
18534,6
18535,6
18536,6
18537,6
18538,6
18539,6
18540,25
18541,31
18542,38
18543,39
18544,40
18545,39
18546,45
18547,12
18548,14
18549,15
18550,15
18551,16
18552,16
18553,17
18554,6
18555,6
18556,7
18557,7
18558,7
18559,7
18560,8
18561,6
18562,6
18563,6
18564,6
18565,7
18566,7
18567,7
18568,6
18569,6
18570,6
18571,6
18572,6
18573,6
18574,7
18575,6
18576,6
18577,6
18578,6
18579,6
18580,6
18581,7
18582,6
18583,6
18584,6
18585,6
18586,6
18587,6
18588,7
18589,6
18590,6
18591,6
18592,6
18593,6
18594,6
18595,7
18596,6
18597,6
18598,6
18599,6
18600,6
18601,7
18602,7
18603,6
18604,6
18605,6
18606,6
18607,6
18608,6
18609,7
18610,6
18611,6
18612,6
18613,6
18614,6
18615,6
18616,7
18617,6
18618,6
18619,6
18620,6
18621,6
18622,6
18623,7
18624,6
18625,6
18626,6
18627,6
18628,6
18629,6
18630,44
18631,43
18632,41
18633,51
18634,52
18635,68
18636,68
18637,15
18638,16
18639,16
18640,16
18641,17
18642,18
18643,18
18644,7
18645,7
18646,7
18647,7
18648,7
18649,8
18650,8
18651,6
18652,6
18653,6
18654,7
18655,7
18656,7
18657,7
18658,6
18659,6
18660,6
18661,6
18662,6
18663,6
18664,7
18665,6
18666,6
18667,6
18668,6
18669,6
18670,6
18671,7
18672,6
18673,6
18674,6
18675,6
18676,6
18677,6
18678,7
18679,6
18680,6
18681,6
18682,6
18683,6
18684,6
18685,7
18686,6
18687,6
18688,6
18689,6
18690,6
18691,6
18692,7
18693,6
18694,6
18695,6
18696,6
18697,6
18698,6
18699,7
18700,6
18701,6
18702,6
18703,6
18704,6
18705,6
18706,7
18707,6
18708,6
18709,6
18710,6
18711,6
18712,6
18713,7
18714,6
18715,6
18716,6
18717,6
18718,6
18719,6
18720,22
18721,28
18722,30
18723,26
18724,34
18725,49
18726,45
18727,11
18728,12
18729,12
18730,14
18731,16
18732,17
18733,16
18734,6
18735,6
18736,6
18737,6
18738,7
18739,7
18740,8
18741,6
18742,6
18743,6
18744,6
18745,6
18746,7
18747,7
18748,6
18749,6
18750,6
18751,6
18752,6
18753,6
18754,7
18755,6
18756,6
18757,6
18758,6
18759,6
18760,7
18761,7
18762,6
18763,6
18764,6
18765,6
18766,6
18767,6
18768,7
18769,6
18770,6
18771,6
18772,6
18773,6
18774,6
18775,7
18776,6
18777,6
18778,6
18779,6
18780,6
18781,7
18782,7
18783,6
18784,6
18785,6
18786,6
18787,6
18788,6
18789,7
18790,6
18791,6
18792,6
18793,6
18794,6
18795,6
18796,7
18797,6
18798,6
18799,6
18800,6
18801,6
18802,6
18803,7
18804,6
18805,6
18806,6
18807,6
18808,6
18809,6
18810,43
18811,47
18812,52
18813,43
18814,49
18815,53
18816,50
18817,15
18818,16
18819,16
18820,16
18821,17
18822,17
18823,18
18824,7
18825,7
18826,7
18827,7
18828,7
18829,8
18830,8
18831,7
18832,6
18833,6
18834,6
18835,7
18836,7
18837,7
18838,6
18839,6
18840,6
18841,6
18842,6
18843,6
18844,7
18845,6
18846,6
18847,6
18848,6
18849,6
18850,6
18851,7
18852,6
18853,6
18854,6
18855,6
18856,6
18857,6
18858,7
18859,6
18860,6
18861,6
18862,6
18863,6
18864,6
18865,7
18866,6
18867,6
18868,6
18869,6
18870,6
18871,7
18872,7
18873,6
18874,6
18875,6
18876,6
18877,6
18878,6
18879,7
18880,6
18881,6
18882,6
18883,6
18884,6
18885,6
18886,7
18887,6
18888,6
18889,6
18890,6
18891,6
18892,6
18893,7
18894,6
18895,6
18896,6
18897,6
18898,6
18899,6
18900,31
18901,47
18902,46
18903,49
18904,49
18905,56
18906,45
18907,15
18908,15
18909,16
18910,16
18911,17
18912,17
18913,17
18914,6
18915,7
18916,7
18917,7
18918,7
18919,8
18920,8
18921,6
18922,6
18923,6
18924,7
18925,7
18926,7
18927,7
18928,6
18929,6
18930,6
18931,6
18932,6
18933,6
18934,7
18935,6
18936,6
18937,6
18938,6
18939,6
18940,6
18941,7
18942,6
18943,6
18944,6
18945,6
18946,6
18947,6
18948,7
18949,6
18950,6
18951,6
18952,6
18953,6
18954,6
18955,7
18956,6
18957,6
18958,6
18959,6
18960,6
18961,7
18962,7
18963,6
18964,6
18965,6
18966,6
18967,6
18968,6
18969,7
18970,6
18971,6
18972,6
18973,6
18974,6
18975,6
18976,7
18977,6
18978,6
18979,6
18980,6
18981,6
18982,6
18983,7
18984,6
18985,6
18986,6
18987,6
18988,6
18989,6
18990,29
18991,41
18992,44
18993,53
18994,43
18995,47
18996,43
18997,15
18998,15
18999,15
19000,16
19001,16
19002,16
19003,17
19004,6
19005,7
19006,7
19007,7
19008,7
19009,8
19010,8
19011,6
19012,6
19013,6
19014,6
19015,7
19016,7
19017,7
19018,6
19019,6
19020,6
19021,6
19022,6
19023,6
19024,7
19025,6
19026,6
19027,6
19028,6
19029,6
19030,6
19031,7
19032,6
19033,6
19034,6
19035,6
19036,6
19037,6
19038,7
19039,6
19040,6
19041,6
19042,6
19043,6
19044,6
19045,7
19046,6
19047,6
19048,6
19049,6
19050,6
19051,7
19052,7
19053,6
19054,6
19055,6
19056,6
19057,6
19058,6
19059,7
19060,6
19061,6
19062,6
19063,6
19064,6
19065,6
19066,7
19067,6
19068,6
19069,6
19070,6
19071,6
19072,6
19073,7
19074,6
19075,6
19076,6
19077,6
19078,6
19079,6
19080,42
19081,60
19082,54
19083,56
19084,53
19085,54
19086,57
19087,16
19088,16
19089,16
19090,16
19091,17
19092,18
19093,18
19094,7
19095,7
19096,7
19097,7
19098,7
19099,8
19100,8
19101,7
19102,6
19103,6
19104,7
19105,7
19106,7
19107,7
19108,6
19109,6
19110,6
19111,6
19112,6
19113,6
19114,7
19115,6
19116,6
19117,6
19118,6
19119,6
19120,6
19121,7
19122,6
19123,6
19124,6
19125,6
19126,6
19127,6
19128,7
19129,6
19130,6
19131,6
19132,6
19133,6
19134,6
19135,7
19136,6
19137,6
19138,6
19139,6
19140,6
19141,6
19142,7
19143,6
19144,6
19145,6
19146,6
19147,6
19148,6
19149,7
19150,6
19151,6
19152,6
19153,6
19154,6
19155,6
19156,7
19157,6
19158,6
19159,6
19160,6
19161,6
19162,6
19163,7
19164,6
19165,6
19166,6
19167,6
19168,6
19169,6
19170,30
19171,54
19172,34
19173,50
19174,49
19175,50
19176,53
19177,15
19178,15
19179,15
19180,16
19181,17
19182,17
19183,18
19184,6
19185,7
19186,6
19187,7
19188,7
19189,8
19190,8
19191,6
19192,6
19193,6
19194,6
19195,7
19196,7
19197,7
19198,6
19199,6
19200,6
19201,6
19202,6
19203,6
19204,7
19205,6
19206,6
19207,6
19208,6
19209,6
19210,6
19211,7
19212,6
19213,6
19214,6
19215,6
19216,6
19217,6
19218,7
19219,6
19220,6
19221,6
19222,6
19223,6
19224,6
19225,7
19226,6
19227,6
19228,6
19229,6
19230,6
19231,7
19232,7
19233,6
19234,6
19235,6
19236,6
19237,6
19238,6
19239,7
19240,6
19241,6
19242,6
19243,6
19244,6
19245,6
19246,7
19247,6
19248,6
19249,6
19250,6
19251,6
19252,6
19253,7
19254,6
19255,6
19256,6
19257,6
19258,6
19259,6
19260,53
19261,56
19262,53
19263,50
19264,62
19265,76
19266,71
19267,16
19268,16
19269,17
19270,17
19271,17
19272,18
19273,18
19274,7
19275,7
19276,7
19277,7
19278,7
19279,8
19280,8
19281,7
19282,6
19283,6
19284,6
19285,7
19286,7
19287,7
19288,6
19289,6
19290,6
19291,6
19292,6
19293,6
19294,7
19295,6
19296,6
19297,6
19298,6
19299,6
19300,6
19301,7
19302,6
19303,6
19304,6
19305,6
19306,6
19307,6
19308,7
19309,6
19310,6
19311,6
19312,6
19313,6
19314,6
19315,7
19316,6
19317,6
19318,6
19319,6
19320,6
19321,6
19322,7
19323,6
19324,6
19325,6
19326,6
19327,6
19328,6
19329,7
19330,6
19331,6
19332,6
19333,6
19334,6
19335,6
19336,7
19337,6
19338,6
19339,6
19340,6
19341,6
19342,6
19343,7
19344,6
19345,6
19346,6
19347,6
19348,6
19349,6
19350,7
19351,13
19352,15
19353,13
19354,20
19355,12
19356,25
19357,6
19358,6
19359,6
19360,7
19361,7
19362,7
19363,11
19364,6
19365,6
19366,6
19367,6
19368,6
19369,6
19370,7
19371,6
19372,6
19373,6
19374,6
19375,6
19376,7
19377,7
19378,6
19379,6
19380,6
19381,6
19382,6
19383,6
19384,7
19385,6
19386,6
19387,6
19388,6
19389,6
19390,7
19391,7
19392,6
19393,6
19394,6
19395,6
19396,6
19397,6
19398,7
19399,6
19400,6
19401,6
19402,6
19403,6
19404,6
19405,7
19406,6
19407,6
19408,6
19409,6
19410,6
19411,7
19412,7
19413,6
19414,6
19415,6
19416,6
19417,6
19418,7
19419,7
19420,6
19421,6
19422,6
19423,6
19424,6
19425,7
19426,7
19427,6
19428,6
19429,6
19430,6
19431,6
19432,6
19433,7
19434,6
19435,6
19436,6
19437,6
19438,6
19439,6
19440,16
19441,17
19442,18
19443,23
19444,21
19445,19
19446,23
19447,7
19448,7
19449,8
19450,8
19451,8
19452,8
19453,10
19454,6
19455,6
19456,6
19457,6
19458,6
19459,7
19460,7
19461,6
19462,6
19463,6
19464,6
19465,6
19466,7
19467,7
19468,6
19469,6
19470,6
19471,6
19472,6
19473,6
19474,7
19475,6
19476,6
19477,6
19478,6
19479,6
19480,7
19481,7
19482,6
19483,6
19484,6
19485,6
19486,6
19487,7
19488,7
19489,6
19490,6
19491,6
19492,6
19493,6
19494,7
19495,7
19496,6
19497,6
19498,6
19499,6
19500,6
19501,7
19502,7
19503,6
19504,6
19505,6
19506,6
19507,6
19508,7
19509,7
19510,6
19511,6
19512,6
19513,6
19514,6
19515,7
19516,7
19517,6
19518,6
19519,6
19520,6
19521,6
19522,7
19523,7
19524,6
19525,6
19526,6
19527,6
19528,6
19529,7
19530,47
19531,52
19532,53
19533,51
19534,66
19535,56
19536,78
19537,16
19538,16
19539,16
19540,17
19541,17
19542,18
19543,19
19544,7
19545,7
19546,7
19547,7
19548,7
19549,8
19550,8
19551,7
19552,6
19553,6
19554,6
19555,7
19556,7
19557,7
19558,6
19559,6
19560,6
19561,6
19562,6
19563,6
19564,7
19565,6
19566,6
19567,6
19568,6
19569,6
19570,6
19571,7
19572,6
19573,6
19574,6
19575,6
19576,6
19577,6
19578,7
19579,6
19580,6
19581,6
19582,6
19583,6
19584,6
19585,7
19586,6
19587,6
19588,6
19589,6
19590,6
19591,7
19592,7
19593,6
19594,6
19595,6
19596,6
19597,6
19598,6
19599,7
19600,6
19601,6
19602,6
19603,6
19604,6
19605,6
19606,7
19607,6
19608,6
19609,6
19610,6
19611,6
19612,6
19613,7
19614,6
19615,6
19616,6
19617,6
19618,6
19619,6
19620,22
19621,28
19622,20
19623,26
19624,20
19625,31
19626,26
19627,9
19628,9
19629,9
19630,10
19631,10
19632,13
19633,11
19634,6
19635,6
19636,6
19637,6
19638,6
19639,7
19640,7
19641,6
19642,6
19643,6
19644,6
19645,6
19646,7
19647,7
19648,6
19649,6
19650,6
19651,6
19652,6
19653,7
19654,7
19655,6
19656,6
19657,6
19658,6
19659,6
19660,7
19661,7
19662,6
19663,6
19664,6
19665,6
19666,6
19667,7
19668,7
19669,6
19670,6
19671,6
19672,6
19673,6
19674,7
19675,7
19676,6
19677,6
19678,6
19679,6
19680,6
19681,7
19682,7
19683,6
19684,6
19685,6
19686,6
19687,6
19688,6
19689,7
19690,6
19691,6
19692,6
19693,6
19694,6
19695,6
19696,7
19697,6
19698,6
19699,6
19700,6
19701,6
19702,6
19703,7
19704,6
19705,6
19706,6
19707,6
19708,6
19709,6
19710,26
19711,28
19712,35
19713,29
19714,27
19715,36
19716,32
19717,11
19718,11
19719,11
19720,12
19721,13
19722,14
19723,13
19724,6
19725,6
19726,6
19727,6
19728,7
19729,7
19730,7
19731,6
19732,6
19733,6
19734,6
19735,6
19736,7
19737,7
19738,6
19739,6
19740,6
19741,6
19742,6
19743,7
19744,7
19745,6
19746,6
19747,6
19748,6
19749,6
19750,6
19751,7
19752,6
19753,6
19754,6
19755,6
19756,6
19757,7
19758,7
19759,6
19760,6
19761,6
19762,6
19763,6
19764,7
19765,7
19766,6
19767,6
19768,6
19769,6
19770,6
19771,7
19772,7
19773,6
19774,6
19775,6
19776,6
19777,6
19778,6
19779,7
19780,6
19781,6
19782,6
19783,6
19784,6
19785,6
19786,7
19787,6
19788,6
19789,6
19790,6
19791,6
19792,6
19793,7
19794,6
19795,6
19796,6
19797,6
19798,6
19799,6
19800,21
19801,19
19802,26
19803,27
19804,25
19805,21
19806,31
19807,9
19808,9
19809,9
19810,10
19811,10
19812,11
19813,13
19814,6
19815,6
19816,6
19817,6
19818,7
19819,7
19820,7
19821,6
19822,6
19823,6
19824,6
19825,6
19826,7
19827,7
19828,6
19829,6
19830,6
19831,6
19832,6
19833,7
19834,7
19835,6
19836,6
19837,6
19838,6
19839,6
19840,6
19841,7
19842,6
19843,6
19844,6
19845,6
19846,6
19847,7
19848,7
19849,6
19850,6
19851,6
19852,6
19853,6
19854,7
19855,7
19856,6
19857,6
19858,6
19859,6
19860,6
19861,7
19862,7
19863,6
19864,6
19865,6
19866,6
19867,6
19868,7
19869,7
19870,6
19871,6
19872,6
19873,6
19874,6
19875,6
19876,7
19877,6
19878,6
19879,6
19880,6
19881,6
19882,6
19883,7
19884,6
19885,6
19886,6
19887,6
19888,6
19889,7
19890,35
19891,55
19892,48
19893,62
19894,57
19895,60
19896,50
19897,16
19898,16
19899,16
19900,16
19901,17
19902,18
19903,18
19904,7
19905,7
19906,7
19907,7
19908,7
19909,8
19910,8
19911,6
19912,6
19913,6
19914,6
19915,7
19916,7
19917,7
19918,6
19919,6
19920,6
19921,6
19922,6
19923,6
19924,7
19925,6
19926,6
19927,6
19928,6
19929,6
19930,6
19931,7
19932,6
19933,6
19934,6
19935,6
19936,6
19937,6
19938,7
19939,6
19940,6
19941,6
19942,6
19943,6
19944,6
19945,7
19946,6
19947,6
19948,6
19949,6
19950,6
19951,7
19952,7
19953,6
19954,6
19955,6
19956,6
19957,6
19958,6
19959,7
19960,6
19961,6
19962,6
19963,6
19964,6
19965,6
19966,7
19967,6
19968,6
19969,6
19970,6
19971,6
19972,6
19973,7
19974,6
19975,6
19976,6
19977,6
19978,6
19979,6
19980,22
19981,21
19982,12
19983,21
19984,13
19985,13
19986,19
19987,7
19988,6
19989,6
19990,7
19991,6
19992,7
19993,8
19994,6
19995,6
19996,6
19997,6
19998,6
19999,7
20000,7
20001,6
20002,6
20003,6
20004,6
20005,6
20006,6
20007,7
20008,6
20009,6
20010,6
20011,6
20012,6
20013,7
20014,7
20015,6
20016,6
20017,6
20018,6
20019,6
20020,7
20021,7
20022,6
20023,6
20024,6
20025,6
20026,6
20027,7
20028,7
20029,6
20030,6
20031,6
20032,6
20033,6
20034,6
20035,7
20036,6
20037,6
20038,6
20039,6
20040,6
20041,7
20042,7
20043,6
20044,6
20045,6
20046,6
20047,6
20048,6
20049,7
20050,6
20051,6
20052,6
20053,6
20054,6
20055,7
20056,7
20057,6
20058,6
20059,6
20060,6
20061,6
20062,7
20063,7
20064,6
20065,6
20066,6
20067,6
20068,6
20069,6
20070,37
20071,43
20072,37
20073,47
20074,37
20075,46
20076,46
20077,15
20078,15
20079,15
20080,15
20081,16
20082,17
20083,17
20084,6
20085,7
20086,6
20087,7
20088,7
20089,8
20090,8
20091,6
20092,6
20093,6
20094,6
20095,7
20096,7
20097,7
20098,6
20099,6
20100,6
20101,6
20102,6
20103,6
20104,7
20105,6
20106,6
20107,6
20108,6
20109,6
20110,6
20111,7
20112,6
20113,6
20114,6
20115,6
20116,6
20117,6
20118,7
20119,6
20120,6
20121,6
20122,6
20123,6
20124,6
20125,7
20126,6
20127,6
20128,6
20129,6
20130,6
20131,7
20132,7
20133,6
20134,6
20135,6
20136,6
20137,6
20138,6
20139,7
20140,6
20141,6
20142,6
20143,6
20144,6
20145,6
20146,7
20147,6
20148,6
20149,6
20150,6
20151,6
20152,6
20153,7
20154,6
20155,6
20156,6
20157,6
20158,6
20159,6
20160,44
20161,47
20162,45
20163,39
20164,62
20165,64
20166,60
20167,15
20168,16
20169,16
20170,16
20171,17
20172,18
20173,18
20174,7
20175,7
20176,7
20177,7
20178,7
20179,8
20180,8
20181,7
20182,6
20183,6
20184,6
20185,7
20186,7
20187,7
20188,6
20189,6
20190,6
20191,6
20192,6
20193,6
20194,7
20195,6
20196,6
20197,6
20198,6
20199,6
20200,6
20201,7
20202,6
20203,6
20204,6
20205,6
20206,6
20207,6
20208,7
20209,6
20210,6
20211,6
20212,6
20213,6
20214,6
20215,7
20216,6
20217,6
20218,6
20219,6
20220,6
20221,6
20222,7
20223,6
20224,6
20225,6
20226,6
20227,6
20228,6
20229,7
20230,6
20231,6
20232,6
20233,6
20234,6
20235,6
20236,7
20237,6
20238,6
20239,6
20240,6
20241,6
20242,6
20243,7
20244,6
20245,6
20246,6
20247,6
20248,6
20249,6
20250,28
20251,24
20252,31
20253,23
20254,23
20255,27
20256,42
20257,10
20258,10
20259,11
20260,11
20261,12
20262,14
20263,16
20264,6
20265,6
20266,6
20267,6
20268,7
20269,7
20270,8
20271,6
20272,6
20273,6
20274,6
20275,6
20276,7
20277,7
20278,6
20279,6
20280,6
20281,6
20282,6
20283,7
20284,7
20285,6
20286,6
20287,6
20288,6
20289,6
20290,6
20291,7
20292,6
20293,6
20294,6
20295,6
20296,6
20297,6
20298,7
20299,6
20300,6
20301,6
20302,6
20303,6
20304,7
20305,7
20306,6
20307,6
20308,6
20309,6
20310,6
20311,7
20312,7
20313,6
20314,6
20315,6
20316,6
20317,6
20318,6
20319,7
20320,6
20321,6
20322,6
20323,6
20324,6
20325,6
20326,7
20327,6
20328,6
20329,6
20330,6
20331,6
20332,6
20333,7
20334,6
20335,6
20336,6
20337,6
20338,6
20339,7
20340,8
20341,17
20342,11
20343,17
20344,13
20345,16
20346,17
20347,6
20348,6
20349,6
20350,6
20351,7
20352,7
20353,8
20354,6
20355,6
20356,6
20357,6
20358,6
20359,6
20360,7
20361,6
20362,6
20363,6
20364,6
20365,6
20366,6
20367,7
20368,6
20369,6
20370,6
20371,6
20372,6
20373,7
20374,7
20375,6
20376,6
20377,6
20378,6
20379,6
20380,6
20381,7
20382,6
20383,6
20384,6
20385,6
20386,6
20387,7
20388,7
20389,6
20390,6
20391,6
20392,6
20393,6
20394,6
20395,7
20396,6
20397,6
20398,6
20399,6
20400,6
20401,7
20402,7
20403,6
20404,6
20405,6
20406,6
20407,6
20408,7
20409,7
20410,6
20411,6
20412,6
20413,6
20414,6
20415,7
20416,7
20417,6
20418,6
20419,6
20420,6
20421,6
20422,6
20423,7
20424,6
20425,6
20426,6
20427,6
20428,6
20429,6
20430,44
20431,55
20432,53
20433,63
20434,70
20435,81
20436,78
20437,16
20438,16
20439,17
20440,17
20441,18
20442,18
20443,18
20444,7
20445,7
20446,7
20447,7
20448,7
20449,8
20450,8
20451,7
20452,6
20453,6
20454,7
20455,7
20456,7
20457,7
20458,6
20459,6
20460,6
20461,6
20462,6
20463,6
20464,7
20465,6
20466,6
20467,6
20468,6
20469,6
20470,6
20471,7
20472,6
20473,6
20474,6
20475,6
20476,6
20477,6
20478,7
20479,6
20480,6
20481,6
20482,6
20483,6
20484,6
20485,7
20486,6
20487,6
20488,6
20489,6
20490,6
20491,6
20492,7
20493,6
20494,6
20495,6
20496,6
20497,6
20498,6
20499,7
20500,6
20501,6
20502,6
20503,6
20504,6
20505,6
20506,7
20507,6
20508,6
20509,6
20510,6
20511,6
20512,6
20513,7
20514,6
20515,6
20516,6
20517,6
20518,6
20519,6
20520,32
20521,52
20522,44
20523,38
20524,44
20525,47
20526,57
20527,15
20528,15
20529,15
20530,15
20531,16
20532,17
20533,18
20534,6
20535,7
20536,7
20537,7
20538,7
20539,8
20540,8
20541,6
20542,6
20543,6
20544,6
20545,7
20546,7
20547,7
20548,6
20549,6
20550,6
20551,6
20552,6
20553,6
20554,7
20555,6
20556,6
20557,6
20558,6
20559,6
20560,6
20561,7
20562,6
20563,6
20564,6
20565,6
20566,6
20567,6
20568,7
20569,6
20570,6
20571,6
20572,6
20573,6
20574,6
20575,7
20576,6
20577,6
20578,6
20579,6
20580,6
20581,7
20582,7
20583,6
20584,6
20585,6
20586,6
20587,6
20588,6
20589,7
20590,6
20591,6
20592,6
20593,6
20594,6
20595,6
20596,7
20597,6
20598,6
20599,6
20600,6
20601,6
20602,6
20603,7
20604,6
20605,6
20606,6
20607,6
20608,6
20609,6
20610,19
20611,16
20612,18
20613,25
20614,34
20615,31
20616,36
20617,9
20618,10
20619,10
20620,11
20621,13
20622,13
20623,15
20624,6
20625,6
20626,6
20627,6
20628,7
20629,7
20630,7
20631,6
20632,6
20633,6
20634,6
20635,6
20636,7
20637,7
20638,6
20639,6
20640,6
20641,6
20642,6
20643,7
20644,7
20645,6
20646,6
20647,6
20648,6
20649,6
20650,6
20651,7
20652,6
20653,6
20654,6
20655,6
20656,6
20657,6
20658,7
20659,6
20660,6
20661,6
20662,6
20663,6
20664,7
20665,7
20666,6
20667,6
20668,6
20669,6
20670,6
20671,7
20672,7
20673,6
20674,6
20675,6
20676,6
20677,6
20678,6
20679,7
20680,6
20681,6
20682,6
20683,6
20684,6
20685,6
20686,7
20687,6
20688,6
20689,6
20690,6
20691,6
20692,7
20693,7
20694,6
20695,6
20696,6
20697,6
20698,6
20699,7
20700,23
20701,39
20702,38
20703,35
20704,41
20705,39
20706,50
20707,13
20708,15
20709,15
20710,15
20711,16
20712,16
20713,17
20714,6
20715,6
20716,7
20717,7
20718,7
20719,7
20720,8
20721,6
20722,6
20723,6
20724,6
20725,7
20726,7
20727,7
20728,6
20729,6
20730,6
20731,6
20732,6
20733,6
20734,7
20735,6
20736,6
20737,6
20738,6
20739,6
20740,6
20741,7
20742,6
20743,6
20744,6
20745,6
20746,6
20747,6
20748,7
20749,6
20750,6
20751,6
20752,6
20753,6
20754,6
20755,7
20756,6
20757,6
20758,6
20759,6
20760,6
20761,7
20762,7
20763,6
20764,6
20765,6
20766,6
20767,6
20768,6
20769,7
20770,6
20771,6
20772,6
20773,6
20774,6
20775,6
20776,7
20777,6
20778,6
20779,6
20780,6
20781,6
20782,6
20783,7
20784,6
20785,6
20786,6
20787,6
20788,6
20789,6
20790,19
20791,26
20792,24
20793,31
20794,40
20795,33
20796,27
20797,11
20798,11
20799,11
20800,11
20801,13
20802,13
20803,12
20804,6
20805,6
20806,6
20807,6
20808,7
20809,7
20810,7
20811,6
20812,6
20813,6
20814,6
20815,7
20816,7
20817,7
20818,6
20819,6
20820,6
20821,6
20822,6
20823,7
20824,7
20825,6
20826,6
20827,6
20828,6
20829,6
20830,6
20831,7
20832,6
20833,6
20834,6
20835,6
20836,6
20837,6
20838,7
20839,6
20840,6
20841,6
20842,6
20843,6
20844,7
20845,7
20846,6
20847,6
20848,6
20849,6
20850,6
20851,7
20852,7
20853,6
20854,6
20855,6
20856,6
20857,6
20858,6
20859,7
20860,6
20861,6
20862,6
20863,6
20864,6
20865,6
20866,7
20867,6
20868,6
20869,6
20870,6
20871,6
20872,6
20873,7
20874,6
20875,6
20876,6
20877,6
20878,6
20879,6
20880,30
20881,45
20882,37
20883,39
20884,34
20885,44
20886,53
20887,14
20888,15
20889,15
20890,15
20891,16
20892,17
20893,18
20894,6
20895,7
20896,6
20897,7
20898,7
20899,8
20900,8
20901,6
20902,6
20903,6
20904,6
20905,6
20906,7
20907,7
20908,6
20909,6
20910,6
20911,6
20912,6
20913,6
20914,7
20915,6
20916,6
20917,6
20918,6
20919,6
20920,6
20921,7
20922,6
20923,6
20924,6
20925,6
20926,6
20927,6
20928,7
20929,6
20930,6
20931,6
20932,6
20933,6
20934,6
20935,7
20936,6
20937,6
20938,6
20939,6
20940,6
20941,7
20942,7
20943,6
20944,6
20945,6
20946,6
20947,6
20948,6
20949,7
20950,6
20951,6
20952,6
20953,6
20954,6
20955,6
20956,7
20957,6
20958,6
20959,6
20960,6
20961,6
20962,6
20963,7
20964,6
20965,6
20966,6
20967,6
20968,6
20969,6
20970,13
20971,19
20972,14
20973,15
20974,10
20975,19
20976,16
20977,6
20978,6
20979,6
20980,6
20981,7
20982,7
20983,7
20984,6
20985,6
20986,6
20987,6
20988,6
20989,6
20990,7
20991,6
20992,6
20993,6
20994,6
20995,6
20996,7
20997,7
20998,6
20999,6
21000,6
21001,6
21002,6
21003,7
21004,7
21005,6
21006,6
21007,6
21008,6
21009,6
21010,6
21011,7
21012,6
21013,6
21014,6
21015,6
21016,6
21017,6
21018,7
21019,6
21020,6
21021,6
21022,6
21023,6
21024,7
21025,7
21026,6
21027,6
21028,6
21029,6
21030,6
21031,7
21032,7
21033,6
21034,6
21035,6
21036,6
21037,6
21038,7
21039,7
21040,6
21041,6
21042,6
21043,6
21044,6
21045,7
21046,7
21047,6
21048,6
21049,6
21050,6
21051,6
21052,6
21053,7
21054,6
21055,6
21056,6
21057,6
21058,6
21059,7
21060,36
21061,47
21062,42
21063,37
21064,44
21065,59
21066,45
21067,15
21068,15
21069,15
21070,16
21071,17
21072,17
21073,17
21074,6
21075,7
21076,7
21077,7
21078,7
21079,8
21080,8
21081,6
21082,6
21083,6
21084,6
21085,7
21086,7
21087,7
21088,6
21089,6
21090,6
21091,6
21092,6
21093,6
21094,7
21095,6
21096,6
21097,6
21098,6
21099,6
21100,6
21101,7
21102,6
21103,6
21104,6
21105,6
21106,6
21107,6
21108,7
21109,6
21110,6
21111,6
21112,6
21113,6
21114,6
21115,7
21116,6
21117,6
21118,6
21119,6
21120,6
21121,7
21122,7
21123,6
21124,6
21125,6
21126,6
21127,6
21128,6
21129,7
21130,6
21131,6
21132,6
21133,6
21134,6
21135,6
21136,7
21137,6
21138,6
21139,6
21140,6
21141,6
21142,6
21143,7
21144,6
21145,6
21146,6
21147,6
21148,6
21149,6
21150,34
21151,42
21152,46
21153,55
21154,48
21155,67
21156,58
21157,15
21158,16
21159,16
21160,16
21161,17
21162,18
21163,18
21164,6
21165,7
21166,7
21167,7
21168,7
21169,8
21170,8
21171,6
21172,6
21173,6
21174,6
21175,7
21176,7
21177,7
21178,6
21179,6
21180,6
21181,6
21182,6
21183,6
21184,7
21185,6
21186,6
21187,6
21188,6
21189,6
21190,6
21191,7
21192,6
21193,6
21194,6
21195,6
21196,6
21197,6
21198,7
21199,6
21200,6
21201,6
21202,6
21203,6
21204,6
21205,7
21206,6
21207,6
21208,6
21209,6
21210,6
21211,6
21212,7
21213,6
21214,6
21215,6
21216,6
21217,6
21218,6
21219,7
21220,6
21221,6
21222,6
21223,6
21224,6
21225,6
21226,7
21227,6
21228,6
21229,6
21230,6
21231,6
21232,6
21233,7
21234,6
21235,6
21236,6
21237,6
21238,6
21239,6
21240,17
21241,10
21242,19
21243,15
21244,23
21245,29
21246,12
21247,7
21248,7
21249,7
21250,7
21251,9
21252,9
21253,7
21254,6
21255,6
21256,6
21257,6
21258,6
21259,7
21260,7
21261,6
21262,6
21263,6
21264,6
21265,6
21266,7
21267,7
21268,6
21269,6
21270,6
21271,6
21272,6
21273,7
21274,7
21275,6
21276,6
21277,6
21278,6
21279,6
21280,7
21281,7
21282,6
21283,6
21284,6
21285,6
21286,6
21287,7
21288,7
21289,6
21290,6
21291,6
21292,6
21293,6
21294,6
21295,7
21296,6
21297,6
21298,6
21299,6
21300,6
21301,7
21302,7
21303,6
21304,6
21305,6
21306,6
21307,6
21308,7
21309,7
21310,6
21311,6
21312,6
21313,6
21314,6
21315,7
21316,7
21317,6
21318,6
21319,6
21320,6
21321,6
21322,7
21323,7
21324,6
21325,6
21326,6
21327,6
21328,6
21329,6
21330,45
21331,50
21332,46
21333,61
21334,68
21335,61
21336,65
21337,16
21338,16
21339,16
21340,17
21341,17
21342,18
21343,18
21344,7
21345,7
21346,7
21347,7
21348,7
21349,8
21350,8
21351,7
21352,6
21353,6
21354,6
21355,7
21356,7
21357,7
21358,6
21359,6
21360,6
21361,6
21362,6
21363,6
21364,7
21365,6
21366,6
21367,6
21368,6
21369,6
21370,6
21371,7
21372,6
21373,6
21374,6
21375,6
21376,6
21377,6
21378,7
21379,6
21380,6
21381,6
21382,6
21383,6
21384,6
21385,7
21386,6
21387,6
21388,6
21389,6
21390,6
21391,6
21392,7
21393,6
21394,6
21395,6
21396,6
21397,6
21398,6
21399,7
21400,6
21401,6
21402,6
21403,6
21404,6
21405,6
21406,7
21407,6
21408,6
21409,6
21410,6
21411,6
21412,6
21413,7
21414,6
21415,6
21416,6
21417,6
21418,6
21419,6
21420,30
21421,23
21422,31
21423,27
21424,32
21425,37
21426,35
21427,11
21428,11
21429,11
21430,11
21431,13
21432,15
21433,14
21434,6
21435,6
21436,6
21437,6
21438,7
21439,7
21440,7
21441,6
21442,6
21443,6
21444,6
21445,6
21446,7
21447,7
21448,6
21449,6
21450,6
21451,6
21452,6
21453,7
21454,7
21455,6
21456,6
21457,6
21458,6
21459,6
21460,7
21461,7
21462,6
21463,6
21464,6
21465,6
21466,6
21467,7
21468,7
21469,6
21470,6
21471,6
21472,6
21473,6
21474,7
21475,7
21476,6
21477,6
21478,6
21479,6
21480,6
21481,7
21482,7
21483,6
21484,6
21485,6
21486,6
21487,6
21488,6
21489,7
21490,6
21491,6
21492,6
21493,6
21494,6
21495,7
21496,7
21497,6
21498,6
21499,6
21500,6
21501,6
21502,6
21503,7
21504,6
21505,6
21506,6
21507,6
21508,6
21509,6
21510,13
21511,13
21512,16
21513,21
21514,21
21515,14
21516,25
21517,7
21518,6
21519,7
21520,7
21521,7
21522,8
21523,11
21524,6
21525,6
21526,6
21527,6
21528,6
21529,7
21530,7
21531,6
21532,6
21533,6
21534,6
21535,6
21536,7
21537,7
21538,6
21539,6
21540,6
21541,6
21542,6
21543,7
21544,7
21545,6
21546,6
21547,6
21548,6
21549,6
21550,7
21551,7
21552,6
21553,6
21554,6
21555,6
21556,6
21557,6
21558,7
21559,6
21560,6
21561,6
21562,6
21563,6
21564,7
21565,7
21566,6
21567,6
21568,6
21569,6
21570,6
21571,7
21572,7
21573,6
21574,6
21575,6
21576,6
21577,6
21578,7
21579,7
21580,6
21581,6
21582,6
21583,6
21584,6
21585,7
21586,7
21587,6
21588,6
21589,6
21590,6
21591,6
21592,7
21593,7
21594,6
21595,6
21596,6
21597,6
21598,6
21599,7
21600,9
21601,10
21602,20
21603,16
21604,11
21605,15
21606,14
21607,6
21608,6
21609,6
21610,6
21611,6
21612,7
21613,7
21614,6
21615,6
21616,6
21617,6
21618,6
21619,6
21620,7
21621,6
21622,6
21623,6
21624,6
21625,6
21626,6
21627,7
21628,6
21629,6
21630,6
21631,6
21632,6
21633,6
21634,7
21635,6
21636,6
21637,6
21638,6
21639,6
21640,7
21641,7
21642,6
21643,6
21644,6
21645,6
21646,6
21647,6
21648,7
21649,6
21650,6
21651,6
21652,6
21653,6
21654,6
21655,7
21656,6
21657,6
21658,6
21659,6
21660,6
21661,7
21662,7
21663,6
21664,6
21665,6
21666,6
21667,6
21668,7
21669,7
21670,6
21671,6
21672,6
21673,6
21674,6
21675,7
21676,7
21677,6
21678,6
21679,6
21680,6
21681,6
21682,7
21683,7
21684,6
21685,6
21686,6
21687,6
21688,6
21689,7
21690,19
21691,20
21692,21
21693,31
21694,26
21695,26
21696,23
21697,8
21698,9
21699,9
21700,10
21701,11
21702,10
21703,10
21704,6
21705,6
21706,6
21707,6
21708,7
21709,7
21710,7
21711,6
21712,6
21713,6
21714,6
21715,6
21716,7
21717,7
21718,6
21719,6
21720,6
21721,6
21722,6
21723,7
21724,7
21725,6
21726,6
21727,6
21728,6
21729,6
21730,7
21731,7
21732,6
21733,6
21734,6
21735,6
21736,6
21737,7
21738,7
21739,6
21740,6
21741,6
21742,6
21743,6
21744,7
21745,7
21746,6
21747,6
21748,6
21749,6
21750,6
21751,7
21752,7
21753,6
21754,6
21755,6
21756,6
21757,6
21758,7
21759,7
21760,6
21761,6
21762,6
21763,6
21764,6
21765,7
21766,7
21767,6
21768,6
21769,6
21770,6
21771,6
21772,7
21773,7
21774,6
21775,6
21776,6
21777,6
21778,6
21779,6
21780,28
21781,30
21782,26
21783,35
21784,36
21785,39
21786,31
21787,11
21788,11
21789,11
21790,12
21791,14
21792,15
21793,13
21794,6
21795,6
21796,6
21797,6
21798,7
21799,7
21800,7
21801,6
21802,6
21803,6
21804,6
21805,6
21806,7
21807,7
21808,6
21809,6
21810,6
21811,6
21812,6
21813,6
21814,7
21815,6
21816,6
21817,6
21818,6
21819,6
21820,7
21821,7
21822,6
21823,6
21824,6
21825,6
21826,6
21827,7
21828,7
21829,6
21830,6
21831,6
21832,6
21833,6
21834,6
21835,7
21836,6
21837,6
21838,6
21839,6
21840,6
21841,7
21842,7
21843,6
21844,6
21845,6
21846,6
21847,6
21848,6
21849,7
21850,6
21851,6
21852,6
21853,6
21854,6
21855,6
21856,7
21857,6
21858,6
21859,6
21860,6
21861,6
21862,6
21863,7
21864,6
21865,6
21866,6
21867,6
21868,6
21869,6
21870,16
21871,15
21872,16
21873,22
21874,17
21875,25
21876,22
21877,7
21878,7
21879,7
21880,8
21881,8
21882,9
21883,9
21884,6
21885,6
21886,6
21887,6
21888,6
21889,7
21890,7
21891,6
21892,6
21893,6
21894,6
21895,6
21896,7
21897,7
21898,6
21899,6
21900,6
21901,6
21902,6
21903,6
21904,7
21905,6
21906,6
21907,6
21908,6
21909,6
21910,7
21911,7
21912,6
21913,6
21914,6
21915,6
21916,6
21917,7
21918,7
21919,6
21920,6
21921,6
21922,6
21923,6
21924,6
21925,7
21926,6
21927,6
21928,6
21929,6
21930,6
21931,7
21932,7
21933,6
21934,6
21935,6
21936,6
21937,6
21938,6
21939,7
21940,6
21941,6
21942,6
21943,6
21944,6
21945,7
21946,7
21947,6
21948,6
21949,6
21950,6
21951,6
21952,7
21953,7
21954,6
21955,6
21956,6
21957,6
21958,6
21959,7
21960,44
21961,44
21962,51
21963,60
21964,56
21965,63
21966,62
21967,16
21968,16
21969,16
21970,16
21971,17
21972,18
21973,18
21974,7
21975,7
21976,7
21977,7
21978,7
21979,8
21980,8
21981,7
21982,6
21983,6
21984,6
21985,7
21986,7
21987,7
21988,6
21989,6
21990,6
21991,6
21992,6
21993,6
21994,7
21995,6
21996,6
21997,6
21998,6
21999,6
22000,6
22001,7
22002,6
22003,6
22004,6
22005,6
22006,6
22007,6
22008,7
22009,6
22010,6
22011,6
22012,6
22013,6
22014,6
22015,7
22016,6
22017,6
22018,6
22019,6
22020,6
22021,6
22022,7
22023,6
22024,6
22025,6
22026,6
22027,6
22028,6
22029,7
22030,6
22031,6
22032,6
22033,6
22034,6
22035,6
22036,7
22037,6
22038,6
22039,6
22040,6
22041,6
22042,6
22043,7
22044,6
22045,6
22046,6
22047,6
22048,6
22049,6
22050,35
22051,41
22052,36
22053,36
22054,54
22055,45
22056,36
22057,14
22058,15
22059,15
22060,15
22061,16
22062,16
22063,15
22064,6
22065,7
22066,6
22067,7
22068,7
22069,8
22070,8
22071,6
22072,6
22073,6
22074,6
22075,7
22076,7
22077,7
22078,6
22079,6
22080,6
22081,6
22082,6
22083,6
22084,7
22085,6
22086,6
22087,6
22088,6
22089,6
22090,6
22091,7
22092,6
22093,6
22094,6
22095,6
22096,6
22097,6
22098,7
22099,6
22100,6
22101,6
22102,6
22103,6
22104,6
22105,7
22106,6
22107,6
22108,6
22109,6
22110,6
22111,7
22112,7
22113,6
22114,6
22115,6
22116,6
22117,6
22118,6
22119,7
22120,6
22121,6
22122,6
22123,6
22124,6
22125,6
22126,7
22127,6
22128,6
22129,6
22130,6
22131,6
22132,6
22133,7
22134,6
22135,6
22136,6
22137,6
22138,6
22139,6
22140,12
22141,9
22142,10
22143,18
22144,20
22145,13
22146,18
22147,6
22148,6
22149,6
22150,7
22151,7
22152,7
22153,7
22154,6
22155,6
22156,6
22157,6
22158,6
22159,6
22160,7
22161,6
22162,6
22163,6
22164,6
22165,6
22166,7
22167,7
22168,6
22169,6
22170,6
22171,6
22172,6
22173,6
22174,7
22175,6
22176,6
22177,6
22178,6
22179,6
22180,7
22181,7
22182,6
22183,6
22184,6
22185,6
22186,6
22187,6
22188,7
22189,6
22190,6
22191,6
22192,6
22193,6
22194,6
22195,7
22196,6
22197,6
22198,6
22199,6
22200,6
22201,7
22202,7
22203,6
22204,6
22205,6
22206,6
22207,6
22208,7
22209,7
22210,6
22211,6
22212,6
22213,6
22214,6
22215,6
22216,7
22217,6
22218,6
22219,6
22220,6
22221,6
22222,6
22223,7
22224,6
22225,6
22226,6
22227,6
22228,6
22229,6
22230,30
22231,42
22232,26
22233,29
22234,42
22235,45
22236,46
22237,13
22238,13
22239,13
22240,15
22241,16
22242,16
22243,17
22244,6
22245,6
22246,6
22247,6
22248,7
22249,8
22250,8
22251,6
22252,6
22253,6
22254,6
22255,7
22256,7
22257,7
22258,6
22259,6
22260,6
22261,6
22262,6
22263,6
22264,7
22265,6
22266,6
22267,6
22268,6
22269,6
22270,6
22271,7
22272,6
22273,6
22274,6
22275,6
22276,6
22277,6
22278,7
22279,6
22280,6
22281,6
22282,6
22283,6
22284,6
22285,7
22286,6
22287,6
22288,6
22289,6
22290,6
22291,7
22292,7
22293,6
22294,6
22295,6
22296,6
22297,6
22298,6
22299,7
22300,6
22301,6
22302,6
22303,6
22304,6
22305,6
22306,7
22307,6
22308,6
22309,6
22310,6
22311,6
22312,6
22313,7
22314,6
22315,6
22316,6
22317,6
22318,6
22319,7
22320,10
22321,14
22322,22
22323,23
22324,16
22325,16
22326,22
22327,7
22328,7
22329,7
22330,7
22331,7
22332,8
22333,9
22334,6
22335,6
22336,6
22337,6
22338,6
22339,7
22340,7
22341,6
22342,6
22343,6
22344,6
22345,6
22346,7
22347,7
22348,6
22349,6
22350,6
22351,6
22352,6
22353,7
22354,7
22355,6
22356,6
22357,6
22358,6
22359,6
22360,6
22361,7
22362,6
22363,6
22364,6
22365,6
22366,6
22367,7
22368,7
22369,6
22370,6
22371,6
22372,6
22373,6
22374,7
22375,7
22376,6
22377,6
22378,6
22379,6
22380,6
22381,7
22382,7
22383,6
22384,6
22385,6
22386,6
22387,6
22388,7
22389,7
22390,6
22391,6
22392,6
22393,6
22394,6
22395,7
22396,7
22397,6
22398,6
22399,6
22400,6
22401,6
22402,7
22403,7
22404,6
22405,6
22406,6
22407,6
22408,6
22409,7
22410,33
22411,37
22412,35
22413,39
22414,37
22415,59
22416,37
22417,14
22418,15
22419,15
22420,15
22421,16
22422,17
22423,15
22424,6
22425,7
22426,7
22427,7
22428,7
22429,8
22430,8
22431,6
22432,6
22433,6
22434,6
22435,7
22436,7
22437,7
22438,6
22439,6
22440,6
22441,6
22442,6
22443,6
22444,7
22445,6
22446,6
22447,6
22448,6
22449,6
22450,6
22451,7
22452,6
22453,6
22454,6
22455,6
22456,6
22457,6
22458,7
22459,6
22460,6
22461,6
22462,6
22463,6
22464,6
22465,7
22466,6
22467,6
22468,6
22469,6
22470,6
22471,7
22472,7
22473,6
22474,6
22475,6
22476,6
22477,6
22478,6
22479,7
22480,6
22481,6
22482,6
22483,6
22484,6
22485,6
22486,7
22487,6
22488,6
22489,6
22490,6
22491,6
22492,6
22493,7
22494,6
22495,6
22496,6
22497,6
22498,6
22499,6
22500,10
22501,14
22502,14
22503,9
22504,16
22505,11
22506,19
22507,6
22508,6
22509,6
22510,6
22511,7
22512,7
22513,8
22514,6
22515,6
22516,6
22517,6
22518,6
22519,6
22520,7
22521,6
22522,6
22523,6
22524,6
22525,6
22526,7
22527,7
22528,6
22529,6
22530,6
22531,6
22532,6
22533,6
22534,7
22535,6
22536,6
22537,6
22538,6
22539,6
22540,6
22541,7
22542,6
22543,6
22544,6
22545,6
22546,6
22547,6
22548,7
22549,6
22550,6
22551,6
22552,6
22553,6
22554,6
22555,7
22556,6
22557,6
22558,6
22559,6
22560,6
22561,7
22562,7
22563,6
22564,6
22565,6
22566,6
22567,6
22568,7
22569,7
22570,6
22571,6
22572,6
22573,6
22574,6
22575,7
22576,7
22577,6
22578,6
22579,6
22580,6
22581,6
22582,7
22583,7
22584,6
22585,6
22586,6
22587,6
22588,6
22589,7
22590,32
22591,38
22592,41
22593,43
22594,37
22595,48
22596,51
22597,14
22598,15
22599,15
22600,15
22601,16
22602,17
22603,18
22604,6
22605,6
22606,7
22607,7
22608,7
22609,8
22610,8
22611,6
22612,6
22613,6
22614,6
22615,7
22616,7
22617,7
22618,6
22619,6
22620,6
22621,6
22622,6
22623,6
22624,7
22625,6
22626,6
22627,6
22628,6
22629,6
22630,6
22631,7
22632,6
22633,6
22634,6
22635,6
22636,6
22637,6
22638,7
22639,6
22640,6
22641,6
22642,6
22643,6
22644,7
22645,7
22646,6
22647,6
22648,6
22649,6
22650,6
22651,7
22652,7
22653,6
22654,6
22655,6
22656,6
22657,6
22658,6
22659,7
22660,6
22661,6
22662,6
22663,6
22664,6
22665,6
22666,7
22667,6
22668,6
22669,6
22670,6
22671,6
22672,6
22673,7
22674,6
22675,6
22676,6
22677,6
22678,6
22679,6
22680,22
22681,16
22682,22
22683,32
22684,23
22685,34
22686,34
22687,9
22688,10
22689,10
22690,11
22691,12
22692,13
22693,14
22694,6
22695,6
22696,6
22697,6
22698,7
22699,7
22700,7
22701,6
22702,6
22703,6
22704,6
22705,6
22706,7
22707,7
22708,6
22709,6
22710,6
22711,6
22712,6
22713,7
22714,7
22715,6
22716,6
22717,6
22718,6
22719,6
22720,7
22721,7
22722,6
22723,6
22724,6
22725,6
22726,6
22727,7
22728,7
22729,6
22730,6
22731,6
22732,6
22733,6
22734,7
22735,7
22736,6
22737,6
22738,6
22739,6
22740,6
22741,7
22742,7
22743,6
22744,6
22745,6
22746,6
22747,6
22748,7
22749,7
22750,6
22751,6
22752,6
22753,6
22754,6
22755,6
22756,7
22757,6
22758,6
22759,6
22760,6
22761,6
22762,7
22763,7
22764,6
22765,6
22766,6
22767,6
22768,6
22769,7
22770,8
22771,13
22772,10
22773,11
22774,10
22775,14
22776,10
22777,6
22778,6
22779,6
22780,6
22781,6
22782,7
22783,7
22784,6
22785,6
22786,6
22787,6
22788,6
22789,6
22790,7
22791,6
22792,6
22793,6
22794,6
22795,6
22796,6
22797,7
22798,6
22799,6
22800,6
22801,6
22802,6
22803,6
22804,7
22805,6
22806,6
22807,6
22808,6
22809,6
22810,6
22811,7
22812,6
22813,6
22814,6
22815,6
22816,6
22817,6
22818,7
22819,6
22820,6
22821,6
22822,6
22823,6
22824,7
22825,7
22826,6
22827,6
22828,6
22829,6
22830,6
22831,7
22832,7
22833,6
22834,6
22835,6
22836,6
22837,6
22838,7
22839,7
22840,6
22841,6
22842,6
22843,6
22844,6
22845,7
22846,7
22847,6
22848,6
22849,6
22850,6
22851,6
22852,7
22853,7
22854,6
22855,6
22856,6
22857,6
22858,6
22859,6
22860,7
22861,10
22862,9
22863,13
22864,13
22865,7
22866,15
22867,6
22868,6
22869,6
22870,6
22871,6
22872,6
22873,7
22874,6
22875,6
22876,6
22877,6
22878,6
22879,6
22880,7
22881,6
22882,6
22883,6
22884,6
22885,6
22886,7
22887,7
22888,6
22889,6
22890,6
22891,6
22892,6
22893,6
22894,7
22895,6
22896,6
22897,6
22898,6
22899,6
22900,6
22901,7
22902,6
22903,6
22904,6
22905,6
22906,6
22907,6
22908,7
22909,6
22910,6
22911,6
22912,6
22913,6
22914,6
22915,7
22916,6
22917,6
22918,6
22919,6
22920,6
22921,7
22922,7
22923,6
22924,6
22925,6
22926,6
22927,6
22928,6
22929,7
22930,6
22931,6
22932,6
22933,6
22934,6
22935,6
22936,7
22937,6
22938,6
22939,6
22940,6
22941,6
22942,6
22943,7
22944,6
22945,6
22946,6
22947,6
22948,6
22949,7
22950,35
22951,36
22952,30
22953,29
22954,43
22955,33
22956,43
22957,12
22958,12
22959,12
22960,13
22961,15
22962,16
22963,16
22964,6
22965,6
22966,7
22967,6
22968,7
22969,7
22970,8
22971,6
22972,6
22973,6
22974,6
22975,7
22976,7
22977,7
22978,6
22979,6
22980,6
22981,6
22982,6
22983,7
22984,7
22985,6
22986,6
22987,6
22988,6
22989,6
22990,6
22991,7
22992,6
22993,6
22994,6
22995,6
22996,6
22997,6
22998,7
22999,6
23000,6
23001,6
23002,6
23003,6
23004,6
23005,7
23006,6
23007,6
23008,6
23009,6
23010,6
23011,7
23012,7
23013,6
23014,6
23015,6
23016,6
23017,6
23018,6
23019,7
23020,6
23021,6
23022,6
23023,6
23024,6
23025,6
23026,7
23027,6
23028,6
23029,6
23030,6
23031,6
23032,6
23033,7
23034,6
23035,6
23036,6
23037,6
23038,6
23039,6
23040,22
23041,33
23042,27
23043,33
23044,45
23045,47
23046,55
23047,13
23048,14
23049,15
23050,15
23051,16
23052,17
23053,18
23054,6
23055,7
23056,6
23057,7
23058,7
23059,7
23060,8
23061,6
23062,6
23063,6
23064,6
23065,7
23066,7
23067,7
23068,6
23069,6
23070,6
23071,6
23072,6
23073,6
23074,7
23075,6
23076,6
23077,6
23078,6
23079,6
23080,6
23081,7
23082,6
23083,6
23084,6
23085,6
23086,6
23087,6
23088,7
23089,6
23090,6
23091,6
23092,6
23093,6
23094,6
23095,7
23096,6
23097,6
23098,6
23099,6
23100,6
23101,7
23102,7
23103,6
23104,6
23105,6
23106,6
23107,6
23108,6
23109,7
23110,6
23111,6
23112,6
23113,6
23114,6
23115,6
23116,7
23117,6
23118,6
23119,6
23120,6
23121,6
23122,6
23123,7
23124,6
23125,6
23126,6
23127,6
23128,6
23129,6
23130,38
23131,52
23132,49
23133,53
23134,49
23135,58
23136,69
23137,16
23138,16
23139,16
23140,16
23141,17
23142,18
23143,18
23144,7
23145,7
23146,7
23147,7
23148,7
23149,8
23150,8
23151,6
23152,6
23153,6
23154,6
23155,7
23156,7
23157,7
23158,6
23159,6
23160,6
23161,6
23162,6
23163,6
23164,7
23165,6
23166,6
23167,6
23168,6
23169,6
23170,6
23171,7
23172,6
23173,6
23174,6
23175,6
23176,6
23177,6
23178,7
23179,6
23180,6
23181,6
23182,6
23183,6
23184,6
23185,7
23186,6
23187,6
23188,6
23189,6
23190,6
23191,7
23192,7
23193,6
23194,6
23195,6
23196,6
23197,6
23198,6
23199,7
23200,6
23201,6
23202,6
23203,6
23204,6
23205,6
23206,7
23207,6
23208,6
23209,6
23210,6
23211,6
23212,6
23213,7
23214,6
23215,6
23216,6
23217,6
23218,6
23219,6
23220,24
23221,30
23222,39
23223,28
23224,44
23225,45
23226,49
23227,12
23228,14
23229,15
23230,15
23231,16
23232,16
23233,17
23234,6
23235,6
23236,6
23237,6
23238,7
23239,8
23240,8
23241,6
23242,6
23243,6
23244,6
23245,7
23246,7
23247,7
23248,6
23249,6
23250,6
23251,6
23252,6
23253,7
23254,7
23255,6
23256,6
23257,6
23258,6
23259,6
23260,6
23261,7
23262,6
23263,6
23264,6
23265,6
23266,6
23267,6
23268,7
23269,6
23270,6
23271,6
23272,6
23273,6
23274,6
23275,7
23276,6
23277,6
23278,6
23279,6
23280,6
23281,7
23282,7
23283,6
23284,6
23285,6
23286,6
23287,6
23288,6
23289,7
23290,6
23291,6
23292,6
23293,6
23294,6
23295,6
23296,7
23297,6
23298,6
23299,6
23300,6
23301,6
23302,6
23303,7
23304,6
23305,6
23306,6
23307,6
23308,6
23309,6
23310,39
23311,36
23312,39
23313,51
23314,48
23315,56
23316,58
23317,15
23318,15
23319,16
23320,16
23321,17
23322,18
23323,18
23324,7
23325,7
23326,7
23327,7
23328,7
23329,8
23330,8
23331,6
23332,6
23333,6
23334,6
23335,7
23336,7
23337,7
23338,6
23339,6
23340,6
23341,6
23342,6
23343,6
23344,7
23345,6
23346,6
23347,6
23348,6
23349,6
23350,6
23351,7
23352,6
23353,6
23354,6
23355,6
23356,6
23357,6
23358,7
23359,6
23360,6
23361,6
23362,6
23363,6
23364,6
23365,7
23366,6
23367,6
23368,6
23369,6
23370,6
23371,6
23372,7
23373,6
23374,6
23375,6
23376,6
23377,6
23378,6
23379,7
23380,6
23381,6
23382,6
23383,6
23384,6
23385,6
23386,7
23387,6
23388,6
23389,6
23390,6
23391,6
23392,6
23393,7
23394,6
23395,6
23396,6
23397,6
23398,6
23399,6
23400,34
23401,32
23402,43
23403,46
23404,42
23405,63
23406,43
23407,15
23408,15
23409,15
23410,16
23411,17
23412,18
23413,17
23414,6
23415,6
23416,7
23417,7
23418,7
23419,8
23420,8
23421,6
23422,6
23423,6
23424,6
23425,7
23426,7
23427,7
23428,6
23429,6
23430,6
23431,6
23432,6
23433,6
23434,7
23435,6
23436,6
23437,6
23438,6
23439,6
23440,6
23441,7
23442,6
23443,6
23444,6
23445,6
23446,6
23447,6
23448,7
23449,6
23450,6
23451,6
23452,6
23453,6
23454,6
23455,7
23456,6
23457,6
23458,6
23459,6
23460,6
23461,7
23462,7
23463,6
23464,6
23465,6
23466,6
23467,6
23468,6
23469,7
23470,6
23471,6
23472,6
23473,6
23474,6
23475,6
23476,7
23477,6
23478,6
23479,6
23480,6
23481,6
23482,6
23483,7
23484,6
23485,6
23486,6
23487,6
23488,6
23489,6
23490,35
23491,47
23492,42
23493,48
23494,55
23495,50
23496,50
23497,15
23498,16
23499,16
23500,16
23501,17
23502,17
23503,18
23504,6
23505,7
23506,7
23507,7
23508,7
23509,8
23510,8
23511,6
23512,6
23513,6
23514,6
23515,7
23516,7
23517,7
23518,6
23519,6
23520,6
23521,6
23522,6
23523,6
23524,7
23525,6
23526,6
23527,6
23528,6
23529,6
23530,6
23531,7
23532,6
23533,6
23534,6
23535,6
23536,6
23537,6
23538,7
23539,6
23540,6
23541,6
23542,6
23543,6
23544,6
23545,7
23546,6
23547,6
23548,6
23549,6
23550,6
23551,7
23552,7
23553,6
23554,6
23555,6
23556,6
23557,6
23558,6
23559,7
23560,6
23561,6
23562,6
23563,6
23564,6
23565,6
23566,7
23567,6
23568,6
23569,6
23570,6
23571,6
23572,6
23573,7
23574,6
23575,6
23576,6
23577,6
23578,6
23579,6
23580,42
23581,52
23582,61
23583,61
23584,63
23585,64
23586,67
23587,16
23588,16
23589,17
23590,17
23591,17
23592,18
23593,18
23594,7
23595,7
23596,7
23597,7
23598,7
23599,8
23600,8
23601,6
23602,6
23603,6
23604,6
23605,7
23606,7
23607,7
23608,6
23609,6
23610,6
23611,6
23612,6
23613,6
23614,7
23615,6
23616,6
23617,6
23618,6
23619,6
23620,6
23621,7
23622,6
23623,6
23624,6
23625,6
23626,6
23627,6
23628,7
23629,6
23630,6
23631,6
23632,6
23633,6
23634,6
23635,7
23636,6
23637,6
23638,6
23639,6
23640,6
23641,7
23642,7
23643,6
23644,6
23645,6
23646,6
23647,6
23648,6
23649,7
23650,6
23651,6
23652,6
23653,6
23654,6
23655,6
23656,7
23657,6
23658,6
23659,6
23660,6
23661,6
23662,6
23663,7
23664,6
23665,6
23666,6
23667,6
23668,6
23669,6
23670,37
23671,29
23672,38
23673,43
23674,47
23675,35
23676,31
23677,13
23678,13
23679,14
23680,15
23681,15
23682,14
23683,14
23684,6
23685,6
23686,6
23687,7
23688,7
23689,7
23690,8
23691,6
23692,6
23693,6
23694,6
23695,7
23696,7
23697,7
23698,6
23699,6
23700,6
23701,6
23702,6
23703,6
23704,7
23705,6
23706,6
23707,6
23708,6
23709,6
23710,6
23711,7
23712,6
23713,6
23714,6
23715,6
23716,6
23717,7
23718,7
23719,6
23720,6
23721,6
23722,6
23723,6
23724,6
23725,7
23726,6
23727,6
23728,6
23729,6
23730,6
23731,7
23732,7
23733,6
23734,6
23735,6
23736,6
23737,6
23738,6
23739,7
23740,6
23741,6
23742,6
23743,6
23744,6
23745,6
23746,7
23747,6
23748,6
23749,6
23750,6
23751,6
23752,6
23753,7
23754,6
23755,6
23756,6
23757,6
23758,6
23759,6
23760,41
23761,56
23762,47
23763,46
23764,51
23765,69
23766,69
23767,16
23768,16
23769,16
23770,16
23771,17
23772,18
23773,18
23774,7
23775,7
23776,7
23777,7
23778,7
23779,8
23780,8
23781,7
23782,6
23783,6
23784,6
23785,7
23786,7
23787,7
23788,6
23789,6
23790,6
23791,6
23792,6
23793,6
23794,7
23795,6
23796,6
23797,6
23798,6
23799,6
23800,6
23801,7
23802,6
23803,6
23804,6
23805,6
23806,6
23807,6
23808,7
23809,6
23810,6
23811,6
23812,6
23813,6
23814,6
23815,7
23816,6
23817,6
23818,6
23819,6
23820,6
23821,6
23822,7
23823,6
23824,6
23825,6
23826,6
23827,6
23828,6
23829,7
23830,6
23831,6
23832,6
23833,6
23834,6
23835,6
23836,7
23837,6
23838,6
23839,6
23840,6
23841,6
23842,6
23843,7
23844,6
23845,6
23846,6
23847,6
23848,6
23849,6
23850,17
23851,13
23852,14
23853,15
23854,20
23855,18
23856,21
23857,6
23858,6
23859,7
23860,7
23861,7
23862,7
23863,9
23864,6
23865,6
23866,6
23867,6
23868,6
23869,7
23870,7
23871,6
23872,6
23873,6
23874,6
23875,6
23876,7
23877,7
23878,6
23879,6
23880,6
23881,6
23882,6
23883,6
23884,7
23885,6
23886,6
23887,6
23888,6
23889,6
23890,7
23891,7
23892,6
23893,6
23894,6
23895,6
23896,6
23897,6
23898,7
23899,6
23900,6
23901,6
23902,6
23903,6
23904,6
23905,7
23906,6
23907,6
23908,6
23909,6
23910,6
23911,7
23912,7
23913,6
23914,6
23915,6
23916,6
23917,6
23918,6
23919,7
23920,6
23921,6
23922,6
23923,6
23924,6
23925,7
23926,7
23927,6
23928,6
23929,6
23930,6
23931,6
23932,7
23933,7
23934,6
23935,6
23936,6
23937,6
23938,6
23939,7
23940,21
23941,25
23942,25
23943,20
23944,25
23945,19
23946,28
23947,8
23948,8
23949,8
23950,8
23951,9
23952,9
23953,13
23954,6
23955,6
23956,6
23957,6
23958,7
23959,7
23960,7
23961,6
23962,6
23963,6
23964,6
23965,6
23966,7
23967,7
23968,6
23969,6
23970,6
23971,6
23972,6
23973,7
23974,7
23975,6
23976,6
23977,6
23978,6
23979,6
23980,7
23981,7
23982,6
23983,6
23984,6
23985,6
23986,6
23987,7
23988,7
23989,6
23990,6
23991,6
23992,6
23993,6
23994,7
23995,7
23996,6
23997,6
23998,6
23999,6
24000,6
24001,7
24002,7
24003,6
24004,6
24005,6
24006,6
24007,6
24008,7
24009,7
24010,6
24011,6
24012,6
24013,6
24014,6
24015,7
24016,7
24017,6
24018,6
24019,6
24020,6
24021,6
24022,7
24023,7
24024,6
24025,6
24026,6
24027,6
24028,6
24029,6
24030,48
24031,44
24032,63
24033,50
24034,71
24035,59
24036,52
24037,16
24038,16
24039,17
24040,16
24041,17
24042,18
24043,18
24044,7
24045,7
24046,7
24047,7
24048,7
24049,8
24050,8
24051,7
24052,6
24053,6
24054,6
24055,7
24056,7
24057,7
24058,6
24059,6
24060,6
24061,6
24062,6
24063,6
24064,7
24065,6
24066,6
24067,6
24068,6
24069,6
24070,6
24071,7
24072,6
24073,6
24074,6
24075,6
24076,6
24077,6
24078,7
24079,6
24080,6
24081,6
24082,6
24083,6
24084,6
24085,7
24086,6
24087,6
24088,6
24089,6
24090,6
24091,7
24092,7
24093,6
24094,6
24095,6
24096,6
24097,6
24098,6
24099,7
24100,6
24101,6
24102,6
24103,6
24104,6
24105,6
24106,7
24107,6
24108,6
24109,6
24110,6
24111,6
24112,6
24113,7
24114,6
24115,6
24116,6
24117,6
24118,6
24119,6
24120,20
24121,23
24122,21
24123,34
24124,29
24125,29
24126,26
24127,9
24128,10
24129,10
24130,11
24131,12
24132,12
24133,11
24134,6
24135,6
24136,6
24137,6
24138,7
24139,7
24140,7
24141,6
24142,6
24143,6
24144,6
24145,6
24146,7
24147,7
24148,6
24149,6
24150,6
24151,6
24152,6
24153,7
24154,7
24155,6
24156,6
24157,6
24158,6
24159,6
24160,7
24161,7
24162,6
24163,6
24164,6
24165,6
24166,6
24167,6
24168,7
24169,6
24170,6
24171,6
24172,6
24173,6
24174,7
24175,7
24176,6
24177,6
24178,6
24179,6
24180,6
24181,7
24182,7
24183,6
24184,6
24185,6
24186,6
24187,6
24188,6
24189,7
24190,6
24191,6
24192,6
24193,6
24194,6
24195,7
24196,7
24197,6
24198,6
24199,6
24200,6
24201,6
24202,7
24203,7
24204,6
24205,6
24206,6
24207,6
24208,6
24209,6
24210,18
24211,34
24212,30
24213,39
24214,32
24215,32
24216,44
24217,11
24218,12
24219,12
24220,13
24221,14
24222,15
24223,16
24224,6
24225,6
24226,6
24227,7
24228,7
24229,7
24230,8
24231,6
24232,6
24233,6
24234,6
24235,6
24236,7
24237,7
24238,6
24239,6
24240,6
24241,6
24242,6
24243,7
24244,7
24245,6
24246,6
24247,6
24248,6
24249,6
24250,6
24251,7
24252,6
24253,6
24254,6
24255,6
24256,6
24257,6
24258,7
24259,6
24260,6
24261,6
24262,6
24263,6
24264,6
24265,7
24266,6
24267,6
24268,6
24269,6
24270,6
24271,7
24272,7
24273,6
24274,6
24275,6
24276,6
24277,6
24278,6
24279,7
24280,6
24281,6
24282,6
24283,6
24284,6
24285,6
24286,7
24287,6
24288,6
24289,6
24290,6
24291,6
24292,6
24293,7
24294,6
24295,6
24296,6
24297,6
24298,6
24299,6
24300,15
24301,19
24302,24
24303,22
24304,38
24305,31
24306,37
24307,10
24308,10
24309,11
24310,11
24311,14
24312,13
24313,15
24314,6
24315,6
24316,6
24317,6
24318,7
24319,7
24320,7
24321,6
24322,6
24323,6
24324,6
24325,7
24326,7
24327,7
24328,6
24329,6
24330,6
24331,6
24332,6
24333,7
24334,7
24335,6
24336,6
24337,6
24338,6
24339,6
24340,6
24341,7
24342,6
24343,6
24344,6
24345,6
24346,6
24347,7
24348,7
24349,6
24350,6
24351,6
24352,6
24353,6
24354,7
24355,7
24356,6
24357,6
24358,6
24359,6
24360,6
24361,7
24362,7
24363,6
24364,6
24365,6
24366,6
24367,6
24368,6
24369,7
24370,6
24371,6
24372,6
24373,6
24374,6
24375,6
24376,7
24377,6
24378,6
24379,6
24380,6
24381,6
24382,7
24383,7
24384,6
24385,6
24386,6
24387,6
24388,6
24389,6
24390,38
24391,42
24392,41
24393,46
24394,49
24395,52
24396,75
24397,15
24398,16
24399,16
24400,16
24401,17
24402,18
24403,18
24404,6
24405,7
24406,7
24407,7
24408,7
24409,8
24410,8
24411,6
24412,6
24413,6
24414,7
24415,7
24416,7
24417,7
24418,6
24419,6
24420,6
24421,6
24422,6
24423,6
24424,7
24425,6
24426,6
24427,6
24428,6
24429,6
24430,6
24431,7
24432,6
24433,6
24434,6
24435,6
24436,6
24437,6
24438,7
24439,6
24440,6
24441,6
24442,6
24443,6
24444,6
24445,7
24446,6
24447,6
24448,6
24449,6
24450,6
24451,7
24452,7
24453,6
24454,6
24455,6
24456,6
24457,6
24458,6
24459,7
24460,6
24461,6
24462,6
24463,6
24464,6
24465,6
24466,7
24467,6
24468,6
24469,6
24470,6
24471,6
24472,6
24473,7
24474,6
24475,6
24476,6
24477,6
24478,6
24479,6
24480,15
24481,11
24482,12
24483,18
24484,24
24485,22
24486,26
24487,7
24488,6
24489,7
24490,8
24491,9
24492,9
24493,11
24494,6
24495,6
24496,6
24497,6
24498,6
24499,7
24500,7
24501,6
24502,6
24503,6
24504,6
24505,6
24506,7
24507,7
24508,6
24509,6
24510,6
24511,6
24512,6
24513,7
24514,7
24515,6
24516,6
24517,6
24518,6
24519,6
24520,6
24521,7
24522,6
24523,6
24524,6
24525,6
24526,6
24527,7
24528,7
24529,6
24530,6
24531,6
24532,6
24533,6
24534,7
24535,7
24536,6
24537,6
24538,6
24539,6
24540,6
24541,7
24542,7
24543,6
24544,6
24545,6
24546,6
24547,6
24548,7
24549,7
24550,6
24551,6
24552,6
24553,6
24554,6
24555,7
24556,7
24557,6
24558,6
24559,6
24560,6
24561,6
24562,6
24563,7
24564,6
24565,6
24566,6
24567,6
24568,6
24569,7
24570,34
24571,33
24572,34
24573,41
24574,37
24575,49
24576,52
24577,14
24578,15
24579,15
24580,15
24581,16
24582,17
24583,18
24584,6
24585,6
24586,7
24587,7
24588,7
24589,8
24590,8
24591,6
24592,6
24593,6
24594,6
24595,6
24596,7
24597,7
24598,6
24599,6
24600,6
24601,6
24602,6
24603,6
24604,7
24605,6
24606,6
24607,6
24608,6
24609,6
24610,6
24611,7
24612,6
24613,6
24614,6
24615,6
24616,6
24617,6
24618,7
24619,6
24620,6
24621,6
24622,6
24623,6
24624,6
24625,7
24626,6
24627,6
24628,6
24629,6
24630,6
24631,7
24632,7
24633,6
24634,6
24635,6
24636,6
24637,6
24638,6
24639,7
24640,6
24641,6
24642,6
24643,6
24644,6
24645,6
24646,7
24647,6
24648,6
24649,6
24650,6
24651,6
24652,6
24653,7
24654,6
24655,6
24656,6
24657,6
24658,6
24659,6
24660,37
24661,73
24662,52
24663,59
24664,53
24665,50
24666,71
24667,15
24668,16
24669,16
24670,16
24671,17
24672,18
24673,18
24674,7
24675,7
24676,7
24677,7
24678,7
24679,8
24680,8
24681,6
24682,6
24683,6
24684,6
24685,7
24686,7
24687,7
24688,6
24689,6
24690,6
24691,6
24692,6
24693,6
24694,7
24695,6
24696,6
24697,6
24698,6
24699,6
24700,6
24701,7
24702,6
24703,6
24704,6
24705,6
24706,6
24707,6
24708,7
24709,6
24710,6
24711,6
24712,6
24713,6
24714,6
24715,7
24716,6
24717,6
24718,6
24719,6
24720,6
24721,6
24722,7
24723,6
24724,6
24725,6
24726,6
24727,6
24728,6
24729,7
24730,6
24731,6
24732,6
24733,6
24734,6
24735,6
24736,7
24737,6
24738,6
24739,6
24740,6
24741,6
24742,6
24743,7
24744,6
24745,6
24746,6
24747,6
24748,6
24749,6
24750,21
24751,28
24752,33
24753,32
24754,28
24755,38
24756,44
24757,11
24758,11
24759,11
24760,12
24761,14
24762,16
24763,16
24764,6
24765,6
24766,6
24767,6
24768,7
24769,7
24770,8
24771,6
24772,6
24773,6
24774,6
24775,6
24776,7
24777,7
24778,6
24779,6
24780,6
24781,6
24782,6
24783,7
24784,7
24785,6
24786,6
24787,6
24788,6
24789,6
24790,7
24791,7
24792,6
24793,6
24794,6
24795,6
24796,6
24797,6
24798,7
24799,6
24800,6
24801,6
24802,6
24803,6
24804,7
24805,7
24806,6
24807,6
24808,6
24809,6
24810,6
24811,7
24812,7
24813,6
24814,6
24815,6
24816,6
24817,6
24818,6
24819,7
24820,6
24821,6
24822,6
24823,6
24824,6
24825,6
24826,7
24827,6
24828,6
24829,6
24830,6
24831,6
24832,6
24833,7
24834,6
24835,6
24836,6
24837,6
24838,6
24839,6
24840,15
24841,15
24842,21
24843,17
24844,14
24845,13
24846,13
24847,6
24848,6
24849,6
24850,6
24851,6
24852,7
24853,7
24854,6
24855,6
24856,6
24857,6
24858,6
24859,6
24860,7
24861,6
24862,6
24863,6
24864,6
24865,6
24866,7
24867,7
24868,6
24869,6
24870,6
24871,6
24872,6
24873,6
24874,7
24875,6
24876,6
24877,6
24878,6
24879,6
24880,7
24881,7
24882,6
24883,6
24884,6
24885,6
24886,6
24887,7
24888,7
24889,6
24890,6
24891,6
24892,6
24893,6
24894,6
24895,7
24896,6
24897,6
24898,6
24899,6
24900,6
24901,7
24902,7
24903,6
24904,6
24905,6
24906,6
24907,6
24908,7
24909,7
24910,6
24911,6
24912,6
24913,6
24914,6
24915,7
24916,7
24917,6
24918,6
24919,6
24920,6
24921,6
24922,7
24923,7
24924,6
24925,6
24926,6
24927,6
24928,6
24929,7
24930,41
24931,50
24932,62
24933,60
24934,49
24935,72
24936,62
24937,16
24938,16
24939,17
24940,17
24941,17
24942,18
24943,18
24944,7
24945,7
24946,7
24947,7
24948,7
24949,8
24950,8
24951,7
24952,6
24953,6
24954,6
24955,7
24956,7
24957,7
24958,6
24959,6
24960,6
24961,6
24962,6
24963,6
24964,7
24965,6
24966,6
24967,6
24968,6
24969,6
24970,6
24971,7
24972,6
24973,6
24974,6
24975,6
24976,6
24977,6
24978,7
24979,6
24980,6
24981,6
24982,6
24983,6
24984,6
24985,7
24986,6
24987,6
24988,6
24989,6
24990,6
24991,6
24992,7
24993,6
24994,6
24995,6
24996,6
24997,6
24998,6
24999,7
25000,6
25001,6
25002,6
25003,6
25004,6
25005,6
25006,7
25007,6
25008,6
25009,6
25010,6
25011,6
25012,6
25013,7
25014,6
25015,6
25016,6
25017,6
25018,6
25019,6
25020,42
25021,39
25022,26
25023,43
25024,44
25025,45
25026,44
25027,14
25028,15
25029,15
25030,15
25031,16
25032,16
25033,17
25034,7
25035,7
25036,6
25037,7
25038,7
25039,8
25040,8
25041,6
25042,6
25043,6
25044,6
25045,7
25046,7
25047,7
25048,6
25049,6
25050,6
25051,6
25052,6
25053,6
25054,7
25055,6
25056,6
25057,6
25058,6
25059,6
25060,6
25061,7
25062,6
25063,6
25064,6
25065,6
25066,6
25067,6
25068,7
25069,6
25070,6
25071,6
25072,6
25073,6
25074,6
25075,7
25076,6
25077,6
25078,6
25079,6
25080,6
25081,7
25082,7
25083,6
25084,6
25085,6
25086,6
25087,6
25088,6
25089,7
25090,6
25091,6
25092,6
25093,6
25094,6
25095,6
25096,7
25097,6
25098,6
25099,6
25100,6
25101,6
25102,6
25103,7
25104,6
25105,6
25106,6
25107,6
25108,6
25109,6
25110,22
25111,20
25112,19
25113,29
25114,27
25115,27
25116,25
25117,9
25118,9
25119,10
25120,11
25121,12
25122,11
25123,11
25124,6
25125,6
25126,6
25127,6
25128,7
25129,7
25130,7
25131,6
25132,6
25133,6
25134,6
25135,6
25136,7
25137,7
25138,6
25139,6
25140,6
25141,6
25142,6
25143,7
25144,7
25145,6
25146,6
25147,6
25148,6
25149,6
25150,7
25151,7
25152,6
25153,6
25154,6
25155,6
25156,6
25157,7
25158,7
25159,6
25160,6
25161,6
25162,6
25163,6
25164,7
25165,7
25166,6
25167,6
25168,6
25169,6
25170,6
25171,7
25172,7
25173,6
25174,6
25175,6
25176,6
25177,6
25178,7
25179,7
25180,6
25181,6
25182,6
25183,6
25184,6
25185,7
25186,7
25187,6
25188,6
25189,6
25190,6
25191,6
25192,7
25193,7
25194,6
25195,6
25196,6
25197,6
25198,6
25199,7
25200,27
25201,35
25202,38
25203,33
25204,30
25205,31
25206,45
25207,11
25208,12
25209,12
25210,12
25211,14
25212,16
25213,17
25214,6
25215,6
25216,6
25217,6
25218,7
25219,7
25220,8
25221,6
25222,6
25223,6
25224,6
25225,6
25226,7
25227,7
25228,6
25229,6
25230,6
25231,6
25232,6
25233,6
25234,7
25235,6
25236,6
25237,6
25238,6
25239,6
25240,6
25241,7
25242,6
25243,6
25244,6
25245,6
25246,6
25247,6
25248,7
25249,6
25250,6
25251,6
25252,6
25253,6
25254,6
25255,7
25256,6
25257,6
25258,6
25259,6
25260,6
25261,7
25262,7
25263,6
25264,6
25265,6
25266,6
25267,6
25268,6
25269,7
25270,6
25271,6
25272,6
25273,6
25274,6
25275,6
25276,7
25277,6
25278,6
25279,6
25280,6
25281,6
25282,6
25283,7
25284,6
25285,6
25286,6
25287,6
25288,6
25289,6
25290,26
25291,32
25292,21
25293,36
25294,31
25295,31
25296,31
25297,11
25298,11
25299,11
25300,11
25301,13
25302,13
25303,13
25304,6
25305,6
25306,6
25307,6
25308,7
25309,7
25310,7
25311,6
25312,6
25313,6
25314,6
25315,6
25316,7
25317,7
25318,6
25319,6
25320,6
25321,6
25322,6
25323,7
25324,7
25325,6
25326,6
25327,6
25328,6
25329,6
25330,6
25331,7
25332,6
25333,6
25334,6
25335,6
25336,6
25337,7
25338,7
25339,6
25340,6
25341,6
25342,6
25343,6
25344,7
25345,7
25346,6
25347,6
25348,6
25349,6
25350,6
25351,7
25352,7
25353,6
25354,6
25355,6
25356,6
25357,6
25358,6
25359,7
25360,6
25361,6
25362,6
25363,6
25364,6
25365,6
25366,7
25367,6
25368,6
25369,6
25370,6
25371,6
25372,6
25373,7
25374,6
25375,6
25376,6
25377,6
25378,6
25379,6
25380,27
25381,39
25382,43
25383,46
25384,43
25385,64
25386,49
25387,15
25388,15
25389,16
25390,16
25391,17
25392,18
25393,18
25394,6
25395,7
25396,7
25397,7
25398,7
25399,8
25400,8
25401,6
25402,6
25403,6
25404,6
25405,7
25406,7
25407,7
25408,6
25409,6
25410,6
25411,6
25412,6
25413,6
25414,7
25415,6
25416,6
25417,6
25418,6
25419,6
25420,6
25421,7
25422,6
25423,6
25424,6
25425,6
25426,6
25427,6
25428,7
25429,6
25430,6
25431,6
25432,6
25433,6
25434,6
25435,7
25436,6
25437,6
25438,6
25439,6
25440,6
25441,7
25442,7
25443,6
25444,6
25445,6
25446,6
25447,6
25448,6
25449,7
25450,6
25451,6
25452,6
25453,6
25454,6
25455,6
25456,7
25457,6
25458,6
25459,6
25460,6
25461,6
25462,6
25463,7
25464,6
25465,6
25466,6
25467,6
25468,6
25469,6
25470,15
25471,15
25472,14
25473,17
25474,11
25475,20
25476,22
25477,6
25478,6
25479,6
25480,7
25481,7
25482,9
25483,9
25484,6
25485,6
25486,6
25487,6
25488,6
25489,7
25490,7
25491,6
25492,6
25493,6
25494,6
25495,6
25496,7
25497,7
25498,6
25499,6
25500,6
25501,6
25502,6
25503,6
25504,7
25505,6
25506,6
25507,6
25508,6
25509,6
25510,6
25511,7
25512,6
25513,6
25514,6
25515,6
25516,6
25517,7
25518,7
25519,6
25520,6
25521,6
25522,6
25523,6
25524,6
25525,7
25526,6
25527,6
25528,6
25529,6
25530,6
25531,7
25532,7
25533,6
25534,6
25535,6
25536,6
25537,6
25538,7
25539,7
25540,6
25541,6
25542,6
25543,6
25544,6
25545,7
25546,7
25547,6
25548,6
25549,6
25550,6
25551,6
25552,7
25553,7
25554,6
25555,6
25556,6
25557,6
25558,6
25559,7
25560,36
25561,37
25562,43
25563,41
25564,43
25565,43
25566,55
25567,15
25568,15
25569,15
25570,15
25571,16
25572,17
25573,18
25574,6
25575,6
25576,7
25577,7
25578,7
25579,8
25580,8
25581,6
25582,6
25583,6
25584,6
25585,7
25586,7
25587,7
25588,6
25589,6
25590,6
25591,6
25592,6
25593,6
25594,7
25595,6
25596,6
25597,6
25598,6
25599,6
25600,6
25601,7
25602,6
25603,6
25604,6
25605,6
25606,6
25607,6
25608,7
25609,6
25610,6
25611,6
25612,6
25613,6
25614,6
25615,7
25616,6
25617,6
25618,6
25619,6
25620,6
25621,7
25622,7
25623,6
25624,6
25625,6
25626,6
25627,6
25628,6
25629,7
25630,6
25631,6
25632,6
25633,6
25634,6
25635,6
25636,7
25637,6
25638,6
25639,6
25640,6
25641,6
25642,6
25643,7
25644,6
25645,6
25646,6
25647,6
25648,6
25649,6
25650,51
25651,39
25652,54
25653,51
25654,53
25655,53
25656,69
25657,16
25658,16
25659,16
25660,16
25661,17
25662,18
25663,18
25664,7
25665,6
25666,7
25667,7
25668,7
25669,8
25670,8
25671,7
25672,6
25673,6
25674,6
25675,7
25676,7
25677,7
25678,6
25679,6
25680,6
25681,6
25682,6
25683,6
25684,7
25685,6
25686,6
25687,6
25688,6
25689,6
25690,6
25691,7
25692,6
25693,6
25694,6
25695,6
25696,6
25697,6
25698,7
25699,6
25700,6
25701,6
25702,6
25703,6
25704,6
25705,7
25706,6
25707,6
25708,6
25709,6
25710,6
25711,6
25712,7
25713,6
25714,6
25715,6
25716,6
25717,6
25718,6
25719,7
25720,6
25721,6
25722,6
25723,6
25724,6
25725,6
25726,7
25727,6
25728,6
25729,6
25730,6
25731,6
25732,6
25733,7
25734,6
25735,6
25736,6
25737,6
25738,6
25739,6
25740,21
25741,24
25742,16
25743,20
25744,17
25745,15
25746,23
25747,7
25748,7
25749,7
25750,7
25751,7
25752,8
25753,9
25754,6
25755,6
25756,6
25757,6
25758,6
25759,7
25760,7
25761,6
25762,6
25763,6
25764,6
25765,6
25766,7
25767,7
25768,6
25769,6
25770,6
25771,6
25772,6
25773,7
25774,7
25775,6
25776,6
25777,6
25778,6
25779,6
25780,7
25781,7
25782,6
25783,6
25784,6
25785,6
25786,6
25787,7
25788,7
25789,6
25790,6
25791,6
25792,6
25793,6
25794,7
25795,7
25796,6
25797,6
25798,6
25799,6
25800,6
25801,7
25802,7
25803,6
25804,6
25805,6
25806,6
25807,6
25808,7
25809,7
25810,6
25811,6
25812,6
25813,6
25814,6
25815,7
25816,7
25817,6
25818,6
25819,6
25820,6
25821,6
25822,7
25823,7
25824,6
25825,6
25826,6
25827,6
25828,6
25829,7
25830,42
25831,43
25832,43
25833,56
25834,54
25835,78
25836,53
25837,16
25838,16
25839,16
25840,17
25841,17
25842,18
25843,18
25844,7
25845,7
25846,7
25847,7
25848,7
25849,8
25850,8
25851,6
25852,6
25853,7
25854,6
25855,7
25856,7
25857,7
25858,6
25859,6
25860,6
25861,6
25862,6
25863,6
25864,7
25865,6
25866,6
25867,6
25868,6
25869,6
25870,6
25871,7
25872,6
25873,6
25874,6
25875,6
25876,6
25877,6
25878,7
25879,6
25880,6
25881,6
25882,6
25883,6
25884,6
25885,7
25886,6
25887,6
25888,6
25889,6
25890,6
25891,6
25892,7
25893,6
25894,6
25895,6
25896,6
25897,6
25898,6
25899,7
25900,6
25901,6
25902,6
25903,6
25904,6
25905,6
25906,7
25907,6
25908,6
25909,6
25910,6
25911,6
25912,6
25913,7
25914,6
25915,6
25916,6
25917,6
25918,6
25919,6
25920,29
25921,27
25922,25
25923,29
25924,29
25925,28
25926,27
25927,10
25928,10
25929,10
25930,11
25931,12
25932,12
25933,12
25934,6
25935,6
25936,6
25937,6
25938,7
25939,7
25940,7
25941,6
25942,6
25943,6
25944,6
25945,6
25946,7
25947,7
25948,6
25949,6
25950,6
25951,6
25952,6
25953,7
25954,7
25955,6
25956,6
25957,6
25958,6
25959,6
25960,7
25961,7
25962,6
25963,6
25964,6
25965,6
25966,6
25967,6
25968,7
25969,6
25970,6
25971,6
25972,6
25973,6
25974,7
25975,7
25976,6
25977,6
25978,6
25979,6
25980,6
25981,7
25982,7
25983,6
25984,6
25985,6
25986,6
25987,6
25988,6
25989,7
25990,6
25991,6
25992,6
25993,6
25994,6
25995,6
25996,7
25997,6
25998,6
25999,6
26000,6
26001,6
26002,6
26003,7
26004,6
26005,6
26006,6
26007,6
26008,6
26009,6
26010,22
26011,19
26012,16
26013,15
26014,26
26015,30
26016,21
26017,7
26018,7
26019,8
26020,8
26021,10
26022,11
26023,8
26024,6
26025,6
26026,6
26027,6
26028,7
26029,7
26030,7
26031,6
26032,6
26033,6
26034,6
26035,6
26036,7
26037,7
26038,6
26039,6
26040,6
26041,6
26042,6
26043,6
26044,7
26045,6
26046,6
26047,6
26048,6
26049,6
26050,7
26051,7
26052,6
26053,6
26054,6
26055,6
26056,6
26057,7
26058,7
26059,6
26060,6
26061,6
26062,6
26063,6
26064,7
26065,7
26066,6
26067,6
26068,6
26069,6
26070,6
26071,7
26072,7
26073,6
26074,6
26075,6
26076,6
26077,6
26078,7
26079,7
26080,6
26081,6
26082,6
26083,6
26084,6
26085,6
26086,7
26087,6
26088,6
26089,6
26090,6
26091,6
26092,7
26093,7
26094,6
26095,6
26096,6
26097,6
26098,6
26099,7
26100,10
26101,16
26102,16
26103,10
26104,17
26105,15
26106,20
26107,6
26108,6
26109,6
26110,6
26111,7
26112,7
26113,8
26114,6
26115,6
26116,6
26117,6
26118,6
26119,6
26120,7
26121,6
26122,6
26123,6
26124,6
26125,6
26126,6
26127,7
26128,6
26129,6
26130,6
26131,6
26132,6
26133,7
26134,7
26135,6
26136,6
26137,6
26138,6
26139,6
26140,6
26141,7
26142,6
26143,6
26144,6
26145,6
26146,6
26147,6
26148,7
26149,6
26150,6
26151,6
26152,6
26153,6
26154,7
26155,7
26156,6
26157,6
26158,6
26159,6
26160,6
26161,7
26162,7
26163,6
26164,6
26165,6
26166,6
26167,6
26168,7
26169,7
26170,6
26171,6
26172,6
26173,6
26174,6
26175,6
26176,7
26177,6
26178,6
26179,6
26180,6
26181,6
26182,7
26183,7
26184,6
26185,6
26186,6
26187,6
26188,6
26189,7
26190,15
26191,17
26192,14
26193,29
26194,20
26195,26
26196,28
26197,8
26198,8
26199,8
26200,10
26201,10
26202,12
26203,13
26204,6
26205,6
26206,6
26207,6
26208,6
26209,7
26210,7
26211,6
26212,6
26213,6
26214,6
26215,6
26216,7
26217,7
26218,6
26219,6
26220,6
26221,6
26222,6
26223,7
26224,7
26225,6
26226,6
26227,6
26228,6
26229,6
26230,7
26231,7
26232,6
26233,6
26234,6
26235,6
26236,6
26237,7
26238,7
26239,6
26240,6
26241,6
26242,6
26243,6
26244,7
26245,7
26246,6
26247,6
26248,6
26249,6
26250,6
26251,7
26252,7
26253,6
26254,6
26255,6
26256,6
26257,6
26258,7
26259,7
26260,6
26261,6
26262,6
26263,6
26264,6
26265,7
26266,7
26267,6
26268,6
26269,6
26270,6
26271,6
26272,7
26273,7
26274,6
26275,6
26276,6
26277,6
26278,6
26279,6
26280,23
26281,42
26282,31
26283,29
26284,38
26285,32
26286,38
26287,11
26288,12
26289,11
26290,12
26291,14
26292,14
26293,16
26294,6
26295,6
26296,6
26297,6
26298,7
26299,7
26300,7
26301,6
26302,6
26303,6
26304,6
26305,6
26306,7
26307,7
26308,6
26309,6
26310,6
26311,6
26312,6
26313,7
26314,7
26315,6
26316,6
26317,6
26318,6
26319,6
26320,6
26321,7
26322,6
26323,6
26324,6
26325,6
26326,6
26327,7
26328,7
26329,6
26330,6
26331,6
26332,6
26333,6
26334,6
26335,7
26336,6
26337,6
26338,6
26339,6
26340,6
26341,7
26342,7
26343,6
26344,6
26345,6
26346,6
26347,6
26348,6
26349,7
26350,6
26351,6
26352,6
26353,6
26354,6
26355,6
26356,7
26357,6
26358,6
26359,6
26360,6
26361,6
26362,6
26363,7
26364,6
26365,6
26366,6
26367,6
26368,6
26369,6
26370,15
26371,22
26372,22
26373,24
26374,16
26375,18
26376,25
26377,7
26378,8
26379,8
26380,7
26381,7
26382,8
26383,10
26384,6
26385,6
26386,6
26387,6
26388,6
26389,7
26390,7
26391,6
26392,6
26393,6
26394,6
26395,6
26396,7
26397,7
26398,6
26399,6
26400,6
26401,6
26402,6
26403,7
26404,7
26405,6
26406,6
26407,6
26408,6
26409,6
26410,6
26411,7
26412,6
26413,6
26414,6
26415,6
26416,6
26417,7
26418,7
26419,6
26420,6
26421,6
26422,6
26423,6
26424,6
26425,7
26426,6
26427,6
26428,6
26429,6
26430,6
26431,7
26432,7
26433,6
26434,6
26435,6
26436,6
26437,6
26438,7
26439,7
26440,6
26441,6
26442,6
26443,6
26444,6
26445,6
26446,7
26447,6
26448,6
26449,6
26450,6
26451,6
26452,7
26453,7
26454,6
26455,6
26456,6
26457,6
26458,6
26459,7
26460,40
26461,48
26462,39
26463,56
26464,51
26465,55
26466,58
26467,16
26468,16
26469,16
26470,16
26471,17
26472,18
26473,18
26474,7
26475,7
26476,7
26477,7
26478,7
26479,8
26480,8
26481,6
26482,6
26483,6
26484,6
26485,7
26486,7
26487,7
26488,6
26489,6
26490,6
26491,6
26492,6
26493,6
26494,7
26495,6
26496,6
26497,6
26498,6
26499,6
26500,6
26501,7
26502,6
26503,6
26504,6
26505,6
26506,6
26507,6
26508,7
26509,6
26510,6
26511,6
26512,6
26513,6
26514,6
26515,7
26516,6
26517,6
26518,6
26519,6
26520,6
26521,6
26522,7
26523,6
26524,6
26525,6
26526,6
26527,6
26528,6
26529,7
26530,6
26531,6
26532,6
26533,6
26534,6
26535,6
26536,7
26537,6
26538,6
26539,6
26540,6
26541,6
26542,6
26543,7
26544,6
26545,6
26546,6
26547,6
26548,6
26549,6
26550,35
26551,40
26552,43
26553,37
26554,37
26555,46
26556,50
26557,14
26558,15
26559,15
26560,15
26561,16
26562,17
26563,18
26564,6
26565,7
26566,7
26567,6
26568,7
26569,8
26570,8
26571,6
26572,6
26573,6
26574,6
26575,7
26576,7
26577,7
26578,6
26579,6
26580,6
26581,6
26582,6
26583,6
26584,7
26585,6
26586,6
26587,6
26588,6
26589,6
26590,6
26591,7
26592,6
26593,6
26594,6
26595,6
26596,6
26597,6
26598,7
26599,6
26600,6
26601,6
26602,6
26603,6
26604,6
26605,7
26606,6
26607,6
26608,6
26609,6
26610,6
26611,7
26612,7
26613,6
26614,6
26615,6
26616,6
26617,6
26618,6
26619,7
26620,6
26621,6
26622,6
26623,6
26624,6
26625,6
26626,7
26627,6
26628,6
26629,6
26630,6
26631,6
26632,6
26633,7
26634,6
26635,6
26636,6
26637,6
26638,6
26639,6
26640,12
26641,11
26642,14
26643,17
26644,17
26645,13
26646,20
26647,6
26648,6
26649,6
26650,6
26651,7
26652,7
26653,8
26654,6
26655,6
26656,6
26657,6
26658,6
26659,6
26660,7
26661,6
26662,6
26663,6
26664,6
26665,6
26666,7
26667,7
26668,6
26669,6
26670,6
26671,6
26672,6
26673,6
26674,7
26675,6
26676,6
26677,6
26678,6
26679,6
26680,6
26681,7
26682,6
26683,6
26684,6
26685,6
26686,6
26687,7
26688,7
26689,6
26690,6
26691,6
26692,6
26693,6
26694,7
26695,7
26696,6
26697,6
26698,6
26699,6
26700,6
26701,7
26702,7
26703,6
26704,6
26705,6
26706,6
26707,6
26708,6
26709,7
26710,6
26711,6
26712,6
26713,6
26714,6
26715,7
26716,7
26717,6
26718,6
26719,6
26720,6
26721,6
26722,7
26723,7
26724,6
26725,6
26726,6
26727,6
26728,6
26729,7
26730,28
26731,27
26732,26
26733,32
26734,30
26735,39
26736,32
26737,11
26738,11
26739,11
26740,12
26741,13
26742,15
26743,13
26744,6
26745,6
26746,6
26747,6
26748,7
26749,7
26750,7
26751,6
26752,6
26753,6
26754,6
26755,6
26756,7
26757,7
26758,6
26759,6
26760,6
26761,6
26762,6
26763,6
26764,7
26765,6
26766,6
26767,6
26768,6
26769,6
26770,6
26771,7
26772,6
26773,6
26774,6
26775,6
26776,6
26777,6
26778,7
26779,6
26780,6
26781,6
26782,6
26783,6
26784,7
26785,7
26786,6
26787,6
26788,6
26789,6
26790,6
26791,7
26792,7
26793,6
26794,6
26795,6
26796,6
26797,6
26798,7
26799,7
26800,6
26801,6
26802,6
26803,6
26804,6
26805,6
26806,7
26807,6
26808,6
26809,6
26810,6
26811,6
26812,6
26813,7
26814,6
26815,6
26816,6
26817,6
26818,6
26819,6
26820,11
26821,12
26822,18
26823,15
26824,18
26825,26
26826,22
26827,7
26828,7
26829,7
26830,7
26831,9
26832,10
26833,9
26834,6
26835,6
26836,6
26837,6
26838,6
26839,7
26840,7
26841,6
26842,6
26843,6
26844,6
26845,6
26846,7
26847,7
26848,6
26849,6
26850,6
26851,6
26852,6
26853,7
26854,7
26855,6
26856,6
26857,6
26858,6
26859,6
26860,7
26861,7
26862,6
26863,6
26864,6
26865,6
26866,6
26867,6
26868,7
26869,6
26870,6
26871,6
26872,6
26873,6
26874,6
26875,7
26876,6
26877,6
26878,6
26879,6
26880,6
26881,7
26882,7
26883,6
26884,6
26885,6
26886,6
26887,6
26888,7
26889,7
26890,6
26891,6
26892,6
26893,6
26894,6
26895,7
26896,7
26897,6
26898,6
26899,6
26900,6
26901,6
26902,7
26903,7
26904,6
26905,6
26906,6
26907,6
26908,6
26909,6
26910,46
26911,45
26912,46
26913,49
26914,43
26915,41
26916,45
26917,15
26918,15
26919,15
26920,15
26921,16
26922,16
26923,17
26924,7
26925,7
26926,7
26927,7
26928,7
26929,8
26930,8
26931,6
26932,6
26933,6
26934,6
26935,7
26936,7
26937,7
26938,6
26939,6
26940,6
26941,6
26942,6
26943,6
26944,7
26945,6
26946,6
26947,6
26948,6
26949,6
26950,6
26951,7
26952,6
26953,6
26954,6
26955,6
26956,6
26957,6
26958,7
26959,6
26960,6
26961,6
26962,6
26963,6
26964,6
26965,7
26966,6
26967,6
26968,6
26969,6
26970,6
26971,7
26972,7
26973,6
26974,6
26975,6
26976,6
26977,6
26978,6
26979,7
26980,6
26981,6
26982,6
26983,6
26984,6
26985,6
26986,7
26987,6
26988,6
26989,6
26990,6
26991,6
26992,6
26993,7
26994,6
26995,6
26996,6
26997,6
26998,6
26999,6
27000,9
27001,10
27002,13
27003,18
27004,18
27005,17
27006,16
27007,6
27008,6
27009,6
27010,7
27011,7
27012,7
27013,7
27014,6
27015,6
27016,6
27017,6
27018,6
27019,6
27020,7
27021,6
27022,6
27023,6
27024,6
27025,6
27026,7
27027,7
27028,6
27029,6
27030,6
27031,6
27032,6
27033,6
27034,7
27035,6
27036,6
27037,6
27038,6
27039,6
27040,6
27041,7
27042,6
27043,6
27044,6
27045,6
27046,6
27047,7
27048,7
27049,6
27050,6
27051,6
27052,6
27053,6
27054,6
27055,7
27056,6
27057,6
27058,6
27059,6
27060,6
27061,7
27062,7
27063,6
27064,6
27065,6
27066,6
27067,6
27068,6
27069,7
27070,6
27071,6
27072,6
27073,6
27074,6
27075,7
27076,7
27077,6
27078,6
27079,6
27080,6
27081,6
27082,6
27083,7
27084,6
27085,6
27086,6
27087,6
27088,6
27089,7
27090,33
27091,30
27092,30
27093,24
27094,35
27095,32
27096,39
27097,11
27098,11
27099,11
27100,12
27101,14
27102,15
27103,16
27104,6
27105,6
27106,6
27107,6
27108,7
27109,7
27110,7
27111,6
27112,6
27113,6
27114,6
27115,6
27116,7
27117,7
27118,6
27119,6
27120,6
27121,6
27122,6
27123,6
27124,7
27125,6
27126,6
27127,6
27128,6
27129,6
27130,6
27131,7
27132,6
27133,6
27134,6
27135,6
27136,6
27137,6
27138,7
27139,6
27140,6
27141,6
27142,6
27143,6
27144,6
27145,7
27146,6
27147,6
27148,6
27149,6
27150,6
27151,7
27152,7
27153,6
27154,6
27155,6
27156,6
27157,6
27158,6
27159,7
27160,6
27161,6
27162,6
27163,6
27164,6
27165,6
27166,7
27167,6
27168,6
27169,6
27170,6
27171,6
27172,6
27173,7
27174,6
27175,6
27176,6
27177,6
27178,6
27179,6
27180,14
27181,23
27182,19
27183,17
27184,26
27185,27
27186,30
27187,8
27188,8
27189,8
27190,9
27191,12
27192,12
27193,13
27194,6
27195,6
27196,6
27197,6
27198,7
27199,7
27200,7
27201,6
27202,6
27203,6
27204,6
27205,6
27206,7
27207,7
27208,6
27209,6
27210,6
27211,6
27212,6
27213,7
27214,7
27215,6
27216,6
27217,6
27218,6
27219,6
27220,7
27221,7
27222,6
27223,6
27224,6
27225,6
27226,6
27227,7
27228,7
27229,6
27230,6
27231,6
27232,6
27233,6
27234,7
27235,7
27236,6
27237,6
27238,6
27239,6
27240,6
27241,7
27242,7
27243,6
27244,6
27245,6
27246,6
27247,6
27248,7
27249,7
27250,6
27251,6
27252,6
27253,6
27254,6
27255,7
27256,7
27257,6
27258,6
27259,6
27260,6
27261,6
27262,7
27263,7
27264,6
27265,6
27266,6
27267,6
27268,6
27269,6
27270,14
27271,12
27272,7
27273,10
27274,11
27275,19
27276,17
27277,6
27278,6
27279,6
27280,6
27281,7
27282,7
27283,7
27284,6
27285,6
27286,6
27287,6
27288,6
27289,7
27290,7
27291,6
27292,6
27293,6
27294,6
27295,6
27296,6
27297,7
27298,6
27299,6
27300,6
27301,6
27302,6
27303,7
27304,7
27305,6
27306,6
27307,6
27308,6
27309,6
27310,6
27311,7
27312,6
27313,6
27314,6
27315,6
27316,6
27317,6
27318,7
27319,6
27320,6
27321,6
27322,6
27323,6
27324,6
27325,7
27326,6
27327,6
27328,6
27329,6
27330,6
27331,7
27332,7
27333,6
27334,6
27335,6
27336,6
27337,6
27338,6
27339,7
27340,6
27341,6
27342,6
27343,6
27344,6
27345,6
27346,7
27347,6
27348,6
27349,6
27350,6
27351,6
27352,6
27353,7
27354,6
27355,6
27356,6
27357,6
27358,6
27359,6
27360,8
27361,11
27362,13
27363,6
27364,6
27365,8
27366,12
27367,6
27368,6
27369,6
27370,6
27371,6
27372,6
27373,7
27374,6
27375,6
27376,6
27377,6
27378,6
27379,6
27380,7
27381,6
27382,6
27383,6
27384,6
27385,6
27386,6
27387,7
27388,6
27389,6
27390,6
27391,6
27392,6
27393,6
27394,7
27395,6
27396,6
27397,6
27398,6
27399,6
27400,6
27401,7
27402,6
27403,6
27404,6
27405,6
27406,6
27407,6
27408,7
27409,6
27410,6
27411,6
27412,6
27413,6
27414,7
27415,7
27416,6
27417,6
27418,6
27419,6
27420,6
27421,7
27422,7
27423,6
27424,6
27425,6
27426,6
27427,6
27428,6
27429,7
27430,6
27431,6
27432,6
27433,6
27434,6
27435,7
27436,7
27437,6
27438,6
27439,6
27440,6
27441,6
27442,6
27443,7
27444,6
27445,6
27446,6
27447,6
27448,6
27449,7
27450,25
27451,29
27452,34
27453,35
27454,36
27455,34
27456,39
27457,11
27458,12
27459,12
27460,12
27461,14
27462,15
27463,16
27464,6
27465,6
27466,6
27467,6
27468,7
27469,7
27470,7
27471,6
27472,6
27473,6
27474,6
27475,6
27476,7
27477,7
27478,6
27479,6
27480,6
27481,6
27482,6
27483,7
27484,7
27485,6
27486,6
27487,6
27488,6
27489,6
27490,7
27491,7
27492,6
27493,6
27494,6
27495,6
27496,6
27497,7
27498,7
27499,6
27500,6
27501,6
27502,6
27503,6
27504,7
27505,7
27506,6
27507,6
27508,6
27509,6
27510,6
27511,7
27512,7
27513,6
27514,6
27515,6
27516,6
27517,6
27518,6
27519,7
27520,6
27521,6
27522,6
27523,6
27524,6
27525,6
27526,7
27527,6
27528,6
27529,6
27530,6
27531,6
27532,6
27533,7
27534,6
27535,6
27536,6
27537,6
27538,6
27539,6
27540,26
27541,39
27542,34
27543,41
27544,41
27545,49
27546,41
27547,13
27548,15
27549,15
27550,15
27551,16
27552,17
27553,17
27554,6
27555,6
27556,6
27557,7
27558,7
27559,8
27560,8
27561,6
27562,6
27563,6
27564,6
27565,7
27566,7
27567,7
27568,6
27569,6
27570,6
27571,6
27572,6
27573,6
27574,7
27575,6
27576,6
27577,6
27578,6
27579,6
27580,6
27581,7
27582,6
27583,6
27584,6
27585,6
27586,6
27587,6
27588,7
27589,6
27590,6
27591,6
27592,6
27593,6
27594,7
27595,7
27596,6
27597,6
27598,6
27599,6
27600,6
27601,7
27602,7
27603,6
27604,6
27605,6
27606,6
27607,6
27608,6
27609,7
27610,6
27611,6
27612,6
27613,6
27614,6
27615,6
27616,7
27617,6
27618,6
27619,6
27620,6
27621,6
27622,6
27623,7
27624,6
27625,6
27626,6
27627,6
27628,6
27629,6
27630,36
27631,44
27632,43
27633,45
27634,56
27635,61
27636,55
27637,15
27638,15
27639,16
27640,16
27641,17
27642,18
27643,18
27644,6
27645,7
27646,7
27647,7
27648,7
27649,8
27650,8
27651,6
27652,6
27653,6
27654,6
27655,7
27656,7
27657,7
27658,6
27659,6
27660,6
27661,6
27662,6
27663,6
27664,7
27665,6
27666,6
27667,6
27668,6
27669,6
27670,6
27671,7
27672,6
27673,6
27674,6
27675,6
27676,6
27677,6
27678,7
27679,6
27680,6
27681,6
27682,6
27683,6
27684,6
27685,7
27686,6
27687,6
27688,6
27689,6
27690,6
27691,6
27692,7
27693,6
27694,6
27695,6
27696,6
27697,6
27698,6
27699,7
27700,6
27701,6
27702,6
27703,6
27704,6
27705,6
27706,7
27707,6
27708,6
27709,6
27710,6
27711,6
27712,6
27713,7
27714,6
27715,6
27716,6
27717,6
27718,6
27719,6
27720,31
27721,26
27722,25
27723,27
27724,25
27725,28
27726,38
27727,10
27728,10
27729,11
27730,11
27731,12
27732,13
27733,16
27734,6
27735,6
27736,6
27737,6
27738,7
27739,7
27740,8
27741,6
27742,6
27743,6
27744,6
27745,6
27746,7
27747,7
27748,6
27749,6
27750,6
27751,6
27752,6
27753,7
27754,7
27755,6
27756,6
27757,6
27758,6
27759,6
27760,7
27761,7
27762,6
27763,6
27764,6
27765,6
27766,6
27767,6
27768,7
27769,6
27770,6
27771,6
27772,6
27773,6
27774,6
27775,7
27776,6
27777,6
27778,6
27779,6
27780,6
27781,7
27782,7
27783,6
27784,6
27785,6
27786,6
27787,6
27788,6
27789,7
27790,6
27791,6
27792,6
27793,6
27794,6
27795,6
27796,7
27797,6
27798,6
27799,6
27800,6
27801,6
27802,7
27803,7
27804,6
27805,6
27806,6
27807,6
27808,6
27809,6
27810,34
27811,39
27812,40
27813,45
27814,52
27815,48
27816,52
27817,15
27818,15
27819,15
27820,16
27821,17
27822,17
27823,18
27824,6
27825,6
27826,7
27827,7
27828,7
27829,8
27830,8
27831,6
27832,6
27833,6
27834,6
27835,7
27836,7
27837,7
27838,6
27839,6
27840,6
27841,6
27842,6
27843,6
27844,7
27845,6
27846,6
27847,6
27848,6
27849,6
27850,6
27851,7
27852,6
27853,6
27854,6
27855,6
27856,6
27857,6
27858,7
27859,6
27860,6
27861,6
27862,6
27863,6
27864,6
27865,7
27866,6
27867,6
27868,6
27869,6
27870,6
27871,7
27872,7
27873,6
27874,6
27875,6
27876,6
27877,6
27878,6
27879,7
27880,6
27881,6
27882,6
27883,6
27884,6
27885,6
27886,7
27887,6
27888,6
27889,6
27890,6
27891,6
27892,6
27893,7
27894,6
27895,6
27896,6
27897,6
27898,6
27899,6
27900,36
27901,31
27902,48
27903,45
27904,48
27905,38
27906,45
27907,15
27908,15
27909,15
27910,15
27911,16
27912,16
27913,17
27914,6
27915,6
27916,7
27917,7
27918,7
27919,7
27920,8
27921,6
27922,6
27923,6
27924,6
27925,7
27926,7
27927,7
27928,6
27929,6
27930,6
27931,6
27932,6
27933,6
27934,7
27935,6
27936,6
27937,6
27938,6
27939,6
27940,6
27941,7
27942,6
27943,6
27944,6
27945,6
27946,6
27947,7
27948,7
27949,6
27950,6
27951,6
27952,6
27953,6
27954,6
27955,7
27956,6
27957,6
27958,6
27959,6
27960,6
27961,7
27962,7
27963,6
27964,6
27965,6
27966,6
27967,6
27968,6
27969,7
27970,6
27971,6
27972,6
27973,6
27974,6
27975,6
27976,7
27977,6
27978,6
27979,6
27980,6
27981,6
27982,6
27983,7
27984,6
27985,6
27986,6
27987,6
27988,6
27989,6
27990,32
27991,40
27992,42
27993,50
27994,43
27995,44
27996,50
27997,15
27998,15
27999,15
28000,16
28001,16
28002,17
28003,17
28004,6
28005,7
28006,7
28007,7
28008,7
28009,8
28010,8
28011,6
28012,6
28013,6
28014,6
28015,7
28016,7
28017,7
28018,6
28019,6
28020,6
28021,6
28022,6
28023,6
28024,7
28025,6
28026,6
28027,6
28028,6
28029,6
28030,6
28031,7
28032,6
28033,6
28034,6
28035,6
28036,6
28037,6
28038,7
28039,6
28040,6
28041,6
28042,6
28043,6
28044,6
28045,7
28046,6
28047,6
28048,6
28049,6
28050,6
28051,7
28052,7
28053,6
28054,6
28055,6
28056,6
28057,6
28058,6
28059,7
28060,6
28061,6
28062,6
28063,6
28064,6
28065,6
28066,7
28067,6
28068,6
28069,6
28070,6
28071,6
28072,6
28073,7
28074,6
28075,6
28076,6
28077,6
28078,6
28079,6
28080,43
28081,53
28082,50
28083,48
28084,47
28085,56
28086,60
28087,15
28088,16
28089,16
28090,16
28091,17
28092,18
28093,18
28094,7
28095,7
28096,7
28097,7
28098,7
28099,8
28100,8
28101,6
28102,6
28103,7
28104,7
28105,7
28106,7
28107,7
28108,6
28109,6
28110,6
28111,6
28112,6
28113,6
28114,7
28115,6
28116,6
28117,6
28118,6
28119,6
28120,6
28121,7
28122,6
28123,6
28124,6
28125,6
28126,6
28127,6
28128,7
28129,6
28130,6
28131,6
28132,6
28133,6
28134,6
28135,7
28136,6
28137,6
28138,6
28139,6
28140,6
28141,7
28142,7
28143,6
28144,6
28145,6
28146,6
28147,6
28148,6
28149,7
28150,6
28151,6
28152,6
28153,6
28154,6
28155,6
28156,7
28157,6
28158,6
28159,6
28160,6
28161,6
28162,6
28163,7
28164,6
28165,6
28166,6
28167,6
28168,6
28169,6
28170,26
28171,34
28172,38
28173,25
28174,35
28175,44
28176,39
28177,11
28178,12
28179,12
28180,13
28181,15
28182,16
28183,16
28184,6
28185,6
28186,7
28187,6
28188,7
28189,7
28190,8
28191,6
28192,6
28193,6
28194,6
28195,6
28196,7
28197,7
28198,6
28199,6
28200,6
28201,6
28202,6
28203,7
28204,7
28205,6
28206,6
28207,6
28208,6
28209,6
28210,6
28211,7
28212,6
28213,6
28214,6
28215,6
28216,6
28217,6
28218,7
28219,6
28220,6
28221,6
28222,6
28223,6
28224,6
28225,7
28226,6
28227,6
28228,6
28229,6
28230,6
28231,7
28232,7
28233,6
28234,6
28235,6
28236,6
28237,6
28238,6
28239,7
28240,6
28241,6
28242,6
28243,6
28244,6
28245,6
28246,7
28247,6
28248,6
28249,6
28250,6
28251,6
28252,6
28253,7
28254,6
28255,6
28256,6
28257,6
28258,6
28259,6
28260,39
28261,48
28262,43
28263,44
28264,52
28265,61
28266,51
28267,15
28268,16
28269,16
28270,16
28271,17
28272,18
28273,18
28274,7
28275,7
28276,7
28277,7
28278,7
28279,8
28280,8
28281,6
28282,6
28283,6
28284,6
28285,7
28286,7
28287,7
28288,6
28289,6
28290,6
28291,6
28292,6
28293,6
28294,7
28295,6
28296,6
28297,6
28298,6
28299,6
28300,6
28301,7
28302,6
28303,6
28304,6
28305,6
28306,6
28307,6
28308,7
28309,6
28310,6
28311,6
28312,6
28313,6
28314,6
28315,7
28316,6
28317,6
28318,6
28319,6
28320,6
28321,6
28322,7
28323,6
28324,6
28325,6
28326,6
28327,6
28328,6
28329,7
28330,6
28331,6
28332,6
28333,6
28334,6
28335,6
28336,7
28337,6
28338,6
28339,6
28340,6
28341,6
28342,6
28343,7
28344,6
28345,6
28346,6
28347,6
28348,6
28349,6
28350,10
28351,12
28352,13
28353,18
28354,11
28355,18
28356,21
28357,6
28358,6
28359,6
28360,7
28361,7
28362,7
28363,9
28364,6
28365,6
28366,6
28367,6
28368,6
28369,6
28370,7
28371,6
28372,6
28373,6
28374,6
28375,6
28376,6
28377,7
28378,6
28379,6
28380,6
28381,6
28382,6
28383,6
28384,7
28385,6
28386,6
28387,6
28388,6
28389,6
28390,6
28391,7
28392,6
28393,6
28394,6
28395,6
28396,6
28397,7
28398,7
28399,6
28400,6
28401,6
28402,6
28403,6
28404,7
28405,7
28406,6
28407,6
28408,6
28409,6
28410,6
28411,7
28412,7
28413,6
28414,6
28415,6
28416,6
28417,6
28418,7
28419,7
28420,6
28421,6
28422,6
28423,6
28424,6
28425,7
28426,7
28427,6
28428,6
28429,6
28430,6
28431,6
28432,6
28433,7
28434,6
28435,6
28436,6
28437,6
28438,6
28439,7
28440,20
28441,22
28442,24
28443,27
28444,18
28445,17
28446,25
28447,8
28448,8
28449,8
28450,8
28451,7
28452,8
28453,10
28454,6
28455,6
28456,6
28457,6
28458,6
28459,7
28460,7
28461,6
28462,6
28463,6
28464,6
28465,6
28466,7
28467,7
28468,6
28469,6
28470,6
28471,6
28472,6
28473,7
28474,7
28475,6
28476,6
28477,6
28478,6
28479,6
28480,7
28481,7
28482,6
28483,6
28484,6
28485,6
28486,6
28487,7
28488,7
28489,6
28490,6
28491,6
28492,6
28493,6
28494,7
28495,7
28496,6
28497,6
28498,6
28499,6
28500,6
28501,7
28502,7
28503,6
28504,6
28505,6
28506,6
28507,6
28508,7
28509,7
28510,6
28511,6
28512,6
28513,6
28514,6
28515,7
28516,7
28517,6
28518,6
28519,6
28520,6
28521,6
28522,7
28523,7
28524,6
28525,6
28526,6
28527,6
28528,6
28529,7
28530,35
28531,58
28532,50
28533,53
28534,59
28535,55
28536,55
28537,16
28538,16
28539,16
28540,16
28541,17
28542,18
28543,18
28544,7
28545,7
28546,7
28547,7
28548,7
28549,8
28550,8
28551,6
28552,6
28553,6
28554,6
28555,7
28556,7
28557,7
28558,6
28559,6
28560,6
28561,6
28562,6
28563,6
28564,7
28565,6
28566,6
28567,6
28568,6
28569,6
28570,6
28571,7
28572,6
28573,6
28574,6
28575,6
28576,6
28577,6
28578,7
28579,6
28580,6
28581,6
28582,6
28583,6
28584,6
28585,7
28586,6
28587,6
28588,6
28589,6
28590,6
28591,6
28592,7
28593,6
28594,6
28595,6
28596,6
28597,6
28598,6
28599,7
28600,6
28601,6
28602,6
28603,6
28604,6
28605,6
28606,7
28607,6
28608,6
28609,6
28610,6
28611,6
28612,6
28613,7
28614,6
28615,6
28616,6
28617,6
28618,6
28619,6
28620,26
28621,24
28622,19
28623,21
28624,26
28625,26
28626,28
28627,8
28628,8
28629,8
28630,10
28631,11
28632,12
28633,13
28634,6
28635,6
28636,6
28637,6
28638,7
28639,7
28640,7
28641,6
28642,6
28643,6
28644,6
28645,6
28646,7
28647,7
28648,6
28649,6
28650,6
28651,6
28652,6
28653,7
28654,7
28655,6
28656,6
28657,6
28658,6
28659,6
28660,7
28661,7
28662,6
28663,6
28664,6
28665,6
28666,6
28667,7
28668,7
28669,6
28670,6
28671,6
28672,6
28673,6
28674,6
28675,7
28676,6
28677,6
28678,6
28679,6
28680,6
28681,7
28682,7
28683,6
28684,6
28685,6
28686,6
28687,6
28688,6
28689,7
28690,6
28691,6
28692,6
28693,6
28694,6
28695,6
28696,7
28697,6
28698,6
28699,6
28700,6
28701,6
28702,6
28703,7
28704,6
28705,6
28706,6
28707,6
28708,6
28709,6
28710,26
28711,23
28712,27
28713,20
28714,28
28715,27
28716,36
28717,10
28718,10
28719,10
28720,11
28721,13
28722,13
28723,15
28724,6
28725,6
28726,6
28727,6
28728,7
28729,7
28730,7
28731,6
28732,6
28733,6
28734,6
28735,6
28736,7
28737,7
28738,6
28739,6
28740,6
28741,6
28742,6
28743,7
28744,7
28745,6
28746,6
28747,6
28748,6
28749,6
28750,6
28751,7
28752,6
28753,6
28754,6
28755,6
28756,6
28757,6
28758,7
28759,6
28760,6
28761,6
28762,6
28763,6
28764,7
28765,7
28766,6
28767,6
28768,6
28769,6
28770,6
28771,7
28772,7
28773,6
28774,6
28775,6
28776,6
28777,6
28778,6
28779,7
28780,6
28781,6
28782,6
28783,6
28784,6
28785,7
28786,7
28787,6
28788,6
28789,6
28790,6
28791,6
28792,7
28793,7
28794,6
28795,6
28796,6
28797,6
28798,6
28799,6
28800,14
28801,22
28802,22
28803,22
28804,27
28805,27
28806,31
28807,8
28808,9
28809,9
28810,10
28811,12
28812,13
28813,13
28814,6
28815,6
28816,6
28817,6
28818,7
28819,7
28820,7
28821,6
28822,6
28823,6
28824,6
28825,6
28826,7
28827,7
28828,6
28829,6
28830,6
28831,6
28832,6
28833,7
28834,7
28835,6
28836,6
28837,6
28838,6
28839,6
28840,7
28841,7
28842,6
28843,6
28844,6
28845,6
28846,6
28847,7
28848,7
28849,6
28850,6
28851,6
28852,6
28853,6
28854,6
28855,7
28856,6
28857,6
28858,6
28859,6
28860,6
28861,7
28862,7
28863,6
28864,6
28865,6
28866,6
28867,6
28868,6
28869,7
28870,6
28871,6
28872,6
28873,6
28874,6
28875,6
28876,7
28877,6
28878,6
28879,6
28880,6
28881,6
28882,7
28883,7
28884,6
28885,6
28886,6
28887,6
28888,6
28889,7
28890,32
28891,48
28892,39
28893,58
28894,60
28895,60
28896,59
28897,16
28898,16
28899,16
28900,16
28901,17
28902,18
28903,18
28904,7
28905,7
28906,7
28907,7
28908,7
28909,8
28910,8
28911,6
28912,6
28913,6
28914,6
28915,7
28916,7
28917,7
28918,6
28919,6
28920,6
28921,6
28922,6
28923,6
28924,7
28925,6
28926,6
28927,6
28928,6
28929,6
28930,6
28931,7
28932,6
28933,6
28934,6
28935,6
28936,6
28937,6
28938,7
28939,6
28940,6
28941,6
28942,6
28943,6
28944,6
28945,7
28946,6
28947,6
28948,6
28949,6
28950,6
28951,7
28952,7
28953,6
28954,6
28955,6
28956,6
28957,6
28958,6
28959,7
28960,6
28961,6
28962,6
28963,6
28964,6
28965,6
28966,7
28967,6
28968,6
28969,6
28970,6
28971,6
28972,6
28973,7
28974,6
28975,6
28976,6
28977,6
28978,6
28979,6
28980,17
28981,12
28982,16
28983,17
28984,12
28985,17
28986,11
28987,6
28988,6
28989,6
28990,6
28991,6
28992,7
28993,7
28994,6
28995,6
28996,6
28997,6
28998,6
28999,7
29000,7
29001,6
29002,6
29003,6
29004,6
29005,6
29006,7
29007,7
29008,6
29009,6
29010,6
29011,6
29012,6
29013,7
29014,7
29015,6
29016,6
29017,6
29018,6
29019,6
29020,7
29021,7
29022,6
29023,6
29024,6
29025,6
29026,6
29027,7
29028,7
29029,6
29030,6
29031,6
29032,6
29033,6
29034,6
29035,7
29036,6
29037,6
29038,6
29039,6
29040,6
29041,7
29042,7
29043,6
29044,6
29045,6
29046,6
29047,6
29048,6
29049,7
29050,6
29051,6
29052,6
29053,6
29054,6
29055,7
29056,7
29057,6
29058,6
29059,6
29060,6
29061,6
29062,7
29063,7
29064,6
29065,6
29066,6
29067,6
29068,6
29069,7
29070,34
29071,47
29072,37
29073,49
29074,41
29075,49
29076,50
29077,15
29078,15
29079,15
29080,16
29081,16
29082,17
29083,18
29084,6
29085,7
29086,6
29087,7
29088,7
29089,8
29090,8
29091,6
29092,6
29093,6
29094,6
29095,7
29096,7
29097,7
29098,6
29099,6
29100,6
29101,6
29102,6
29103,6
29104,7
29105,6
29106,6
29107,6
29108,6
29109,6
29110,6
29111,7
29112,6
29113,6
29114,6
29115,6
29116,6
29117,6
29118,7
29119,6
29120,6
29121,6
29122,6
29123,6
29124,6
29125,7
29126,6
29127,6
29128,6
29129,6
29130,6
29131,7
29132,7
29133,6
29134,6
29135,6
29136,6
29137,6
29138,6
29139,7
29140,6
29141,6
29142,6
29143,6
29144,6
29145,6
29146,7
29147,6
29148,6
29149,6
29150,6
29151,6
29152,6
29153,7
29154,6
29155,6
29156,6
29157,6
29158,6
29159,6
29160,44
29161,55
29162,42
29163,52
29164,49
29165,48
29166,67
29167,15
29168,16
29169,16
29170,16
29171,17
29172,17
29173,18
29174,7
29175,7
29176,7
29177,7
29178,7
29179,8
29180,8
29181,7
29182,6
29183,6
29184,6
29185,7
29186,7
29187,7
29188,6
29189,6
29190,6
29191,6
29192,6
29193,6
29194,7
29195,6
29196,6
29197,6
29198,6
29199,6
29200,6
29201,7
29202,6
29203,6
29204,6
29205,6
29206,6
29207,6
29208,7
29209,6
29210,6
29211,6
29212,6
29213,6
29214,6
29215,7
29216,6
29217,6
29218,6
29219,6
29220,6
29221,7
29222,7
29223,6
29224,6
29225,6
29226,6
29227,6
29228,6
29229,7
29230,6
29231,6
29232,6
29233,6
29234,6
29235,6
29236,7
29237,6
29238,6
29239,6
29240,6
29241,6
29242,6
29243,7
29244,6
29245,6
29246,6
29247,6
29248,6
29249,6
29250,19
29251,26
29252,27
29253,28
29254,26
29255,32
29256,31
29257,10
29258,10
29259,10
29260,11
29261,12
29262,13
29263,14
29264,6
29265,6
29266,6
29267,6
29268,7
29269,7
29270,7
29271,6
29272,6
29273,6
29274,6
29275,6
29276,7
29277,7
29278,6
29279,6
29280,6
29281,6
29282,6
29283,7
29284,7
29285,6
29286,6
29287,6
29288,6
29289,6
29290,6
29291,7
29292,6
29293,6
29294,6
29295,6
29296,6
29297,6
29298,7
29299,6
29300,6
29301,6
29302,6
29303,6
29304,7
29305,7
29306,6
29307,6
29308,6
29309,6
29310,6
29311,7
29312,7
29313,6
29314,6
29315,6
29316,6
29317,6
29318,6
29319,7
29320,6
29321,6
29322,6
29323,6
29324,6
29325,7
29326,7
29327,6
29328,6
29329,6
29330,6
29331,6
29332,7
29333,7
29334,6
29335,6
29336,6
29337,6
29338,6
29339,6
29340,8
29341,10
29342,8
29343,12
29344,10
29345,10
29346,9
29347,6
29348,6
29349,6
29350,6
29351,6
29352,6
29353,7
29354,6
29355,6
29356,6
29357,6
29358,6
29359,6
29360,7
29361,6
29362,6
29363,6
29364,6
29365,6
29366,6
29367,7
29368,6
29369,6
29370,6
29371,6
29372,6
29373,6
29374,7
29375,6
29376,6
29377,6
29378,6
29379,6
29380,6
29381,7
29382,6
29383,6
29384,6
29385,6
29386,6
29387,6
29388,7
29389,6
29390,6
29391,6
29392,6
29393,6
29394,6
29395,7
29396,6
29397,6
29398,6
29399,6
29400,6
29401,7
29402,7
29403,6
29404,6
29405,6
29406,6
29407,6
29408,7
29409,7
29410,6
29411,6
29412,6
29413,6
29414,6
29415,6
29416,7
29417,6
29418,6
29419,6
29420,6
29421,6
29422,7
29423,7
29424,6
29425,6
29426,6
29427,6
29428,6
29429,7
29430,37
29431,48
29432,46
29433,50
29434,66
29435,59
29436,59
29437,16
29438,16
29439,16
29440,16
29441,17
29442,18
29443,18
29444,7
29445,7
29446,7
29447,7
29448,7
29449,8
29450,8
29451,6
29452,6
29453,6
29454,6
29455,7
29456,7
29457,7
29458,6
29459,6
29460,6
29461,6
29462,6
29463,6
29464,7
29465,6
29466,6
29467,6
29468,6
29469,6
29470,6
29471,7
29472,6
29473,6
29474,6
29475,6
29476,6
29477,6
29478,7
29479,6
29480,6
29481,6
29482,6
29483,6
29484,6
29485,7
29486,6
29487,6
29488,6
29489,6
29490,6
29491,6
29492,7
29493,6
29494,6
29495,6
29496,6
29497,6
29498,6
29499,7
29500,6
29501,6
29502,6
29503,6
29504,6
29505,6
29506,7
29507,6
29508,6
29509,6
29510,6
29511,6
29512,6
29513,7
29514,6
29515,6
29516,6
29517,6
29518,6
29519,6
29520,41
29521,41
29522,43
29523,38
29524,52
29525,64
29526,44
29527,15
29528,15
29529,15
29530,16
29531,17
29532,18
29533,17
29534,7
29535,7
29536,7
29537,7
29538,7
29539,8
29540,8
29541,6
29542,6
29543,6
29544,6
29545,7
29546,7
29547,7
29548,6
29549,6
29550,6
29551,6
29552,6
29553,6
29554,7
29555,6
29556,6
29557,6
29558,6
29559,6
29560,6
29561,7
29562,6
29563,6
29564,6
29565,6
29566,6
29567,6
29568,7
29569,6
29570,6
29571,6
29572,6
29573,6
29574,6
29575,7
29576,6
29577,6
29578,6
29579,6
29580,6
29581,7
29582,7
29583,6
29584,6
29585,6
29586,6
29587,6
29588,6
29589,7
29590,6
29591,6
29592,6
29593,6
29594,6
29595,6
29596,7
29597,6
29598,6
29599,6
29600,6
29601,6
29602,6
29603,7
29604,6
29605,6
29606,6
29607,6
29608,6
29609,6
29610,14
29611,21
29612,12
29613,23
29614,24
29615,29
29616,41
29617,8
29618,9
29619,9
29620,11
29621,13
29622,14
29623,16
29624,6
29625,6
29626,6
29627,6
29628,6
29629,7
29630,7
29631,6
29632,6
29633,6
29634,6
29635,6
29636,7
29637,7
29638,6
29639,6
29640,6
29641,6
29642,6
29643,7
29644,7
29645,6
29646,6
29647,6
29648,6
29649,6
29650,7
29651,7
29652,6
29653,6
29654,6
29655,6
29656,6
29657,7
29658,7
29659,6
29660,6
29661,6
29662,6
29663,6
29664,7
29665,7
29666,6
29667,6
29668,6
29669,6
29670,6
29671,7
29672,7
29673,6
29674,6
29675,6
29676,6
29677,6
29678,6
29679,7
29680,6
29681,6
29682,6
29683,6
29684,6
29685,6
29686,7
29687,6
29688,6
29689,6
29690,6
29691,6
29692,7
29693,7
29694,6
29695,6
29696,6
29697,6
29698,6
29699,7
29700,35
29701,32
29702,39
29703,37
29704,44
29705,37
29706,46
29707,14
29708,14
29709,15
29710,15
29711,16
29712,16
29713,17
29714,6
29715,6
29716,7
29717,6
29718,7
29719,7
29720,8
29721,6
29722,6
29723,6
29724,6
29725,7
29726,7
29727,7
29728,6
29729,6
29730,6
29731,6
29732,6
29733,7
29734,7
29735,6
29736,6
29737,6
29738,6
29739,6
29740,7
29741,7
29742,6
29743,6
29744,6
29745,6
29746,6
29747,6
29748,7
29749,6
29750,6
29751,6
29752,6
29753,6
29754,6
29755,7
29756,6
29757,6
29758,6
29759,6
29760,6
29761,7
29762,7
29763,6
29764,6
29765,6
29766,6
29767,6
29768,6
29769,7
29770,6
29771,6
29772,6
29773,6
29774,6
29775,6
29776,7
29777,6
29778,6
29779,6
29780,6
29781,6
29782,6
29783,7
29784,6
29785,6
29786,6
29787,6
29788,6
29789,6
29790,22
29791,26
29792,30
29793,22
29794,31
29795,32
29796,34
29797,10
29798,10
29799,11
29800,11
29801,13
29802,13
29803,14
29804,6
29805,6
29806,6
29807,6
29808,7
29809,7
29810,7
29811,6
29812,6
29813,6
29814,6
29815,6
29816,7
29817,7
29818,6
29819,6
29820,6
29821,6
29822,6
29823,7
29824,7
29825,6
29826,6
29827,6
29828,6
29829,6
29830,6
29831,7
29832,6
29833,6
29834,6
29835,6
29836,6
29837,7
29838,7
29839,6
29840,6
29841,6
29842,6
29843,6
29844,7
29845,7
29846,6
29847,6
29848,6
29849,6
29850,6
29851,7
29852,7
29853,6
29854,6
29855,6
29856,6
29857,6
29858,7
29859,7
29860,6
29861,6
29862,6
29863,6
29864,6
29865,6
29866,7
29867,6
29868,6
29869,6
29870,6
29871,6
29872,7
29873,7
29874,6
29875,6
29876,6
29877,6
29878,6
29879,6
29880,26
29881,40
29882,40
29883,61
29884,49
29885,42
29886,58
29887,15
29888,15
29889,16
29890,16
29891,17
29892,17
29893,18
29894,6
29895,7
29896,7
29897,7
29898,7
29899,8
29900,8
29901,6
29902,6
29903,6
29904,6
29905,7
29906,7
29907,7
29908,6
29909,6
29910,6
29911,6
29912,6
29913,7
29914,7
29915,6
29916,6
29917,6
29918,6
29919,6
29920,6
29921,7
29922,6
29923,6
29924,6
29925,6
29926,6
29927,6
29928,7
29929,6
29930,6
29931,6
29932,6
29933,6
29934,6
29935,7
29936,6
29937,6
29938,6
29939,6
29940,6
29941,7
29942,7
29943,6
29944,6
29945,6
29946,6
29947,6
29948,6
29949,7
29950,6
29951,6
29952,6
29953,6
29954,6
29955,6
29956,7
29957,6
29958,6
29959,6
29960,6
29961,6
29962,6
29963,7
29964,6
29965,6
29966,6
29967,6
29968,6
29969,6
29970,13
29971,12
29972,18
29973,13
29974,15
29975,21
29976,18
29977,6
29978,6
29979,7
29980,6
29981,7
29982,8
29983,7
29984,6
29985,6
29986,6
29987,6
29988,6
29989,7
29990,7
29991,6
29992,6
29993,6
29994,6
29995,6
29996,6
29997,7
29998,6
29999,6
30000,6
30001,6
30002,6
30003,7
30004,7
30005,6
30006,6
30007,6
30008,6
30009,6
30010,6
30011,7
30012,6
30013,6
30014,6
30015,6
30016,6
30017,6
30018,7
30019,6
30020,6
30021,6
30022,6
30023,6
30024,7
30025,7
30026,6
30027,6
30028,6
30029,6
30030,6
30031,7
30032,7
30033,6
30034,6
30035,6
30036,6
30037,6
30038,6
30039,7
30040,6
30041,6
30042,6
30043,6
30044,6
30045,7
30046,7
30047,6
30048,6
30049,6
30050,6
30051,6
30052,7
30053,7
30054,6
30055,6
30056,6
30057,6
30058,6
30059,6
30060,32
30061,40
30062,46
30063,30
30064,39
30065,44
30066,62
30067,15
30068,15
30069,15
30070,15
30071,16
30072,17
30073,18
30074,6
30075,6
30076,7
30077,6
30078,7
30079,7
30080,8
30081,6
30082,6
30083,6
30084,6
30085,7
30086,7
30087,7
30088,6
30089,6
30090,6
30091,6
30092,6
30093,6
30094,7
30095,6
30096,6
30097,6
30098,6
30099,6
30100,6
30101,7
30102,6
30103,6
30104,6
30105,6
30106,6
30107,6
30108,7
30109,6
30110,6
30111,6
30112,6
30113,6
30114,7
30115,7
30116,6
30117,6
30118,6
30119,6
30120,6
30121,7
30122,7
30123,6
30124,6
30125,6
30126,6
30127,6
30128,6
30129,7
30130,6
30131,6
30132,6
30133,6
30134,6
30135,6
30136,7
30137,6
30138,6
30139,6
30140,6
30141,6
30142,6
30143,7
30144,6
30145,6
30146,6
30147,6
30148,6
30149,6
30150,37
30151,41
30152,44
30153,43
30154,52
30155,59
30156,53
30157,15
30158,15
30159,16
30160,16
30161,17
30162,18
30163,18
30164,6
30165,6
30166,7
30167,7
30168,7
30169,8
30170,8
30171,6
30172,6
30173,6
30174,6
30175,7
30176,7
30177,7
30178,6
30179,6
30180,6
30181,6
30182,6
30183,6
30184,7
30185,6
30186,6
30187,6
30188,6
30189,6
30190,6
30191,7
30192,6
30193,6
30194,6
30195,6
30196,6
30197,6
30198,7
30199,6
30200,6
30201,6
30202,6
30203,6
30204,6
30205,7
30206,6
30207,6
30208,6
30209,6
30210,6
30211,7
30212,7
30213,6
30214,6
30215,6
30216,6
30217,6
30218,6
30219,7
30220,6
30221,6
30222,6
30223,6
30224,6
30225,6
30226,7
30227,6
30228,6
30229,6
30230,6
30231,6
30232,6
30233,7
30234,6
30235,6
30236,6
30237,6
30238,6
30239,6
30240,17
30241,10
30242,19
30243,18
30244,13
30245,20
30246,16
30247,6
30248,6
30249,7
30250,6
30251,7
30252,7
30253,8
30254,6
30255,6
30256,6
30257,6
30258,6
30259,7
30260,7
30261,6
30262,6
30263,6
30264,6
30265,6
30266,7
30267,7
30268,6
30269,6
30270,6
30271,6
30272,6
30273,6
30274,7
30275,6
30276,6
30277,6
30278,6
30279,6
30280,7
30281,7
30282,6
30283,6
30284,6
30285,6
30286,6
30287,7
30288,7
30289,6
30290,6
30291,6
30292,6
30293,6
30294,7
30295,7
30296,6
30297,6
30298,6
30299,6
30300,6
30301,7
30302,7
30303,6
30304,6
30305,6
30306,6
30307,6
30308,7
30309,7
30310,6
30311,6
30312,6
30313,6
30314,6
30315,7
30316,7
30317,6
30318,6
30319,6
30320,6
30321,6
30322,7
30323,7
30324,6
30325,6
30326,6
30327,6
30328,6
30329,7
30330,31
30331,30
30332,40
30333,50
30334,57
30335,44
30336,46
30337,15
30338,15
30339,15
30340,16
30341,17
30342,16
30343,17
30344,6
30345,6
30346,7
30347,7
30348,7
30349,8
30350,8
30351,6
30352,6
30353,6
30354,6
30355,7
30356,7
30357,7
30358,6
30359,6
30360,6
30361,6
30362,6
30363,6
30364,7
30365,6
30366,6
30367,6
30368,6
30369,6
30370,6
30371,7
30372,6
30373,6
30374,6
30375,6
30376,6
30377,6
30378,7
30379,6
30380,6
30381,6
30382,6
30383,6
30384,6
30385,7
30386,6
30387,6
30388,6
30389,6
30390,6
30391,7
30392,7
30393,6
30394,6
30395,6
30396,6
30397,6
30398,6
30399,7
30400,6
30401,6
30402,6
30403,6
30404,6
30405,6
30406,7
30407,6
30408,6
30409,6
30410,6
30411,6
30412,6
30413,7
30414,6
30415,6
30416,6
30417,6
30418,6
30419,6
30420,11
30421,26
30422,21
30423,21
30424,25
30425,25
30426,30
30427,8
30428,9
30429,9
30430,10
30431,11
30432,12
30433,13
30434,6
30435,6
30436,6
30437,6
30438,7
30439,7
30440,7
30441,6
30442,6
30443,6
30444,6
30445,6
30446,7
30447,7
30448,6
30449,6
30450,6
30451,6
30452,6
30453,7
30454,7
30455,6
30456,6
30457,6
30458,6
30459,6
30460,7
30461,7
30462,6
30463,6
30464,6
30465,6
30466,6
30467,7
30468,7
30469,6
30470,6
30471,6
30472,6
30473,6
30474,7
30475,7
30476,6
30477,6
30478,6
30479,6
30480,6
30481,7
30482,7
30483,6
30484,6
30485,6
30486,6
30487,6
30488,6
30489,7
30490,6
30491,6
30492,6
30493,6
30494,6
30495,6
30496,7
30497,6
30498,6
30499,6
30500,6
30501,6
30502,7
30503,7
30504,6
30505,6
30506,6
30507,6
30508,6
30509,6
30510,13
30511,11
30512,13
30513,19
30514,23
30515,19
30516,22
30517,7
30518,6
30519,7
30520,8
30521,9
30522,8
30523,9
30524,6
30525,6
30526,6
30527,6
30528,6
30529,7
30530,7
30531,6
30532,6
30533,6
30534,6
30535,6
30536,7
30537,7
30538,6
30539,6
30540,6
30541,6
30542,6
30543,6
30544,7
30545,6
30546,6
30547,6
30548,6
30549,6
30550,6
30551,7
30552,6
30553,6
30554,6
30555,6
30556,6
30557,7
30558,7
30559,6
30560,6
30561,6
30562,6
30563,6
30564,7
30565,7
30566,6
30567,6
30568,6
30569,6
30570,6
30571,7
30572,7
30573,6
30574,6
30575,6
30576,6
30577,6
30578,7
30579,7
30580,6
30581,6
30582,6
30583,6
30584,6
30585,7
30586,7
30587,6
30588,6
30589,6
30590,6
30591,6
30592,7
30593,7
30594,6
30595,6
30596,6
30597,6
30598,6
30599,7
30600,11
30601,12
30602,12
30603,9
30604,10
30605,11
30606,19
30607,6
30608,6
30609,6
30610,6
30611,6
30612,7
30613,8
30614,6
30615,6
30616,6
30617,6
30618,6
30619,6
30620,7
30621,6
30622,6
30623,6
30624,6
30625,6
30626,6
30627,7
30628,6
30629,6
30630,6
30631,6
30632,6
30633,6
30634,7
30635,6
30636,6
30637,6
30638,6
30639,6
30640,6
30641,7
30642,6
30643,6
30644,6
30645,6
30646,6
30647,7
30648,7
30649,6
30650,6
30651,6
30652,6
30653,6
30654,6
30655,7
30656,6
30657,6
30658,6
30659,6
30660,6
30661,7
30662,7
30663,6
30664,6
30665,6
30666,6
30667,6
30668,7
30669,7
30670,6
30671,6
30672,6
30673,6
30674,6
30675,7
30676,7
30677,6
30678,6
30679,6
30680,6
30681,6
30682,7
30683,7
30684,6
30685,6
30686,6
30687,6
30688,6
30689,6
30690,21
30691,22
30692,19
30693,18
30694,25
30695,23
30696,26
30697,8
30698,8
30699,8
30700,8
30701,10
30702,10
30703,11
30704,6
30705,6
30706,6
30707,6
30708,7
30709,7
30710,7
30711,6
30712,6
30713,6
30714,6
30715,6
30716,7
30717,7
30718,6
30719,6
30720,6
30721,6
30722,6
30723,7
30724,7
30725,6
30726,6
30727,6
30728,6
30729,6
30730,7
30731,7
30732,6
30733,6
30734,6
30735,6
30736,6
30737,6
30738,7
30739,6
30740,6
30741,6
30742,6
30743,6
30744,7
30745,7
30746,6
30747,6
30748,6
30749,6
30750,6
30751,7
30752,7
30753,6
30754,6
30755,6
30756,6
30757,6
30758,7
30759,7
30760,6
30761,6
30762,6
30763,6
30764,6
30765,7
30766,7
30767,6
30768,6
30769,6
30770,6
30771,6
30772,7
30773,7
30774,6
30775,6
30776,6
30777,6
30778,6
30779,6
30780,25
30781,29
30782,37
30783,29
30784,36
30785,43
30786,30
30787,11
30788,11
30789,12
30790,12
30791,14
30792,15
30793,13
30794,6
30795,6
30796,6
30797,6
30798,7
30799,7
30800,7
30801,6
30802,6
30803,6
30804,6
30805,6
30806,7
30807,7
30808,6
30809,6
30810,6
30811,6
30812,6
30813,7
30814,7
30815,6
30816,6
30817,6
30818,6
30819,6
30820,7
30821,7
30822,6
30823,6
30824,6
30825,6
30826,6
30827,6
30828,7
30829,6
30830,6
30831,6
30832,6
30833,6
30834,6
30835,7
30836,6
30837,6
30838,6
30839,6
30840,6
30841,7
30842,7
30843,6
30844,6
30845,6
30846,6
30847,6
30848,6
30849,7
30850,6
30851,6
30852,6
30853,6
30854,6
30855,6
30856,7
30857,6
30858,6
30859,6
30860,6
30861,6
30862,6
30863,7
30864,6
30865,6
30866,6
30867,6
30868,6
30869,6
30870,12
30871,14
30872,23
30873,18
30874,23
30875,19
30876,23
30877,7
30878,7
30879,8
30880,7
30881,8
30882,8
30883,9
30884,6
30885,6
30886,6
30887,6
30888,6
30889,7
30890,7
30891,6
30892,6
30893,6
30894,6
30895,6
30896,7
30897,7
30898,6
30899,6
30900,6
30901,6
30902,6
30903,7
30904,7
30905,6
30906,6
30907,6
30908,6
30909,6
30910,6
30911,7
30912,6
30913,6
30914,6
30915,6
30916,6
30917,7
30918,7
30919,6
30920,6
30921,6
30922,6
30923,6
30924,7
30925,7
30926,6
30927,6
30928,6
30929,6
30930,6
30931,7
30932,7
30933,6
30934,6
30935,6
30936,6
30937,6
30938,7
30939,7
30940,6
30941,6
30942,6
30943,6
30944,6
30945,7
30946,7
30947,6
30948,6
30949,6
30950,6
30951,6
30952,7
30953,7
30954,6
30955,6
30956,6
30957,6
30958,6
30959,7
30960,37
30961,43
30962,56
30963,40
30964,59
30965,48
30966,58
30967,15
30968,15
30969,16
30970,16
30971,17
30972,17
30973,18
30974,7
30975,7
30976,7
30977,7
30978,7
30979,8
30980,8
30981,6
30982,6
30983,6
30984,6
30985,7
30986,7
30987,7
30988,6
30989,6
30990,6
30991,6
30992,6
30993,6
30994,7
30995,6
30996,6
30997,6
30998,6
30999,6
31000,6
31001,7
31002,6
31003,6
31004,6
31005,6
31006,6
31007,7
31008,7
31009,6
31010,6
31011,6
31012,6
31013,6
31014,6
31015,7
31016,6
31017,6
31018,6
31019,6
31020,6
31021,7
31022,7
31023,6
31024,6
31025,6
31026,6
31027,6
31028,6
31029,7
31030,6
31031,6
31032,6
31033,6
31034,6
31035,6
31036,7
31037,6
31038,6
31039,6
31040,6
31041,6
31042,6
31043,7
31044,6
31045,6
31046,6
31047,6
31048,6
31049,6
31050,29
31051,26
31052,36
31053,30
31054,43
31055,26
31056,35
31057,11
31058,11
31059,11
31060,12
31061,14
31062,13
31063,15
31064,6
31065,6
31066,6
31067,6
31068,7
31069,7
31070,8
31071,6
31072,6
31073,6
31074,6
31075,7
31076,7
31077,7
31078,6
31079,6
31080,6
31081,6
31082,6
31083,6
31084,7
31085,6
31086,6
31087,6
31088,6
31089,6
31090,7
31091,7
31092,6
31093,6
31094,6
31095,6
31096,6
31097,6
31098,7
31099,6
31100,6
31101,6
31102,6
31103,6
31104,6
31105,7
31106,6
31107,6
31108,6
31109,6
31110,6
31111,7
31112,7
31113,6
31114,6
31115,6
31116,6
31117,6
31118,6
31119,7
31120,6
31121,6
31122,6
31123,6
31124,6
31125,6
31126,7
31127,6
31128,6
31129,6
31130,6
31131,6
31132,6
31133,7
31134,6
31135,6
31136,6
31137,6
31138,6
31139,6
31140,12
31141,13
31142,8
31143,8
31144,12
31145,17
31146,12
31147,6
31148,6
31149,6
31150,6
31151,6
31152,7
31153,7
31154,6
31155,6
31156,6
31157,6
31158,6
31159,6
31160,7
31161,6
31162,6
31163,6
31164,6
31165,6
31166,6
31167,7
31168,6
31169,6
31170,6
31171,6
31172,6
31173,6
31174,7
31175,6
31176,6
31177,6
31178,6
31179,6
31180,6
31181,7
31182,6
31183,6
31184,6
31185,6
31186,6
31187,6
31188,7
31189,6
31190,6
31191,6
31192,6
31193,6
31194,6
31195,7
31196,6
31197,6
31198,6
31199,6
31200,6
31201,7
31202,7
31203,6
31204,6
31205,6
31206,6
31207,6
31208,7
31209,7
31210,6
31211,6
31212,6
31213,6
31214,6
31215,7
31216,7
31217,6
31218,6
31219,6
31220,6
31221,6
31222,7
31223,7
31224,6
31225,6
31226,6
31227,6
31228,6
31229,6
31230,23
31231,33
31232,20
31233,29
31234,35
31235,35
31236,34
31237,11
31238,11
31239,11
31240,12
31241,14
31242,14
31243,14
31244,6
31245,6
31246,6
31247,7
31248,7
31249,7
31250,7
31251,6
31252,6
31253,6
31254,6
31255,6
31256,7
31257,7
31258,6
31259,6
31260,6
31261,6
31262,6
31263,7
31264,7
31265,6
31266,6
31267,6
31268,6
31269,6
31270,6
31271,7
31272,6
31273,6
31274,6
31275,6
31276,6
31277,7
31278,7
31279,6
31280,6
31281,6
31282,6
31283,6
31284,7
31285,7
31286,6
31287,6
31288,6
31289,6
31290,6
31291,7
31292,7
31293,6
31294,6
31295,6
31296,6
31297,6
31298,6
31299,7
31300,6
31301,6
31302,6
31303,6
31304,6
31305,6
31306,7
31307,6
31308,6
31309,6
31310,6
31311,6
31312,6
31313,7
31314,6
31315,6
31316,6
31317,6
31318,6
31319,6
31320,9
31321,15
31322,15
31323,22
31324,18
31325,21
31326,13
31327,6
31328,7
31329,7
31330,7
31331,7
31332,7
31333,7
31334,6
31335,6
31336,6
31337,6
31338,6
31339,7
31340,7
31341,6
31342,6
31343,6
31344,6
31345,6
31346,7
31347,7
31348,6
31349,6
31350,6
31351,6
31352,6
31353,7
31354,7
31355,6
31356,6
31357,6
31358,6
31359,6
31360,6
31361,7
31362,6
31363,6
31364,6
31365,6
31366,6
31367,7
31368,7
31369,6
31370,6
31371,6
31372,6
31373,6
31374,7
31375,7
31376,6
31377,6
31378,6
31379,6
31380,6
31381,7
31382,7
31383,6
31384,6
31385,6
31386,6
31387,6
31388,7
31389,7
31390,6
31391,6
31392,6
31393,6
31394,6
31395,7
31396,7
31397,6
31398,6
31399,6
31400,6
31401,6
31402,7
31403,7
31404,6
31405,6
31406,6
31407,6
31408,6
31409,7
31410,28
31411,37
31412,33
31413,41
31414,44
31415,44
31416,46
31417,14
31418,15
31419,15
31420,15
31421,16
31422,16
31423,17
31424,6
31425,6
31426,7
31427,7
31428,7
31429,8
31430,8
31431,6
31432,6
31433,6
31434,6
31435,7
31436,7
31437,7
31438,6
31439,6
31440,6
31441,6
31442,6
31443,6
31444,7
31445,6
31446,6
31447,6
31448,6
31449,6
31450,7
31451,7
31452,6
31453,6
31454,6
31455,6
31456,6
31457,6
31458,7
31459,6
31460,6
31461,6
31462,6
31463,6
31464,6
31465,7
31466,6
31467,6
31468,6
31469,6
31470,6
31471,7
31472,7
31473,6
31474,6
31475,6
31476,6
31477,6
31478,6
31479,7
31480,6
31481,6
31482,6
31483,6
31484,6
31485,6
31486,7
31487,6
31488,6
31489,6
31490,6
31491,6
31492,6
31493,7
31494,6
31495,6
31496,6
31497,6
31498,6
31499,6
31500,18
31501,22
31502,15
31503,25
31504,33
31505,30
31506,26
31507,8
31508,9
31509,9
31510,11
31511,13
31512,12
31513,11
31514,6
31515,6
31516,6
31517,6
31518,7
31519,7
31520,7
31521,6
31522,6
31523,6
31524,6
31525,6
31526,7
31527,7
31528,6
31529,6
31530,6
31531,6
31532,6
31533,7
31534,7
31535,6
31536,6
31537,6
31538,6
31539,6
31540,7
31541,7
31542,6
31543,6
31544,6
31545,6
31546,6
31547,7
31548,7
31549,6
31550,6
31551,6
31552,6
31553,6
31554,7
31555,7
31556,6
31557,6
31558,6
31559,6
31560,6
31561,7
31562,7
31563,6
31564,6
31565,6
31566,6
31567,6
31568,6
31569,7
31570,6
31571,6
31572,6
31573,6
31574,6
31575,7
31576,7
31577,6
31578,6
31579,6
31580,6
31581,6
31582,6
31583,7
31584,6
31585,6
31586,6
31587,6
31588,6
31589,7
31590,56
31591,64
31592,62
31593,68
31594,80
31595,70
31596,96
31597,16
31598,17
31599,17
31600,17
31601,18
31602,18
31603,19
31604,7
31605,7
31606,7
31607,7
31608,7
31609,8
31610,8
31611,6
31612,6
31613,6
31614,6
31615,7
31616,7
31617,7
31618,6
31619,6
31620,6
31621,6
31622,6
31623,6
31624,7
31625,6
31626,6
31627,6
31628,6
31629,6
31630,6
31631,7
31632,6
31633,6
31634,6
31635,6
31636,6
31637,6
31638,7
31639,6
31640,6
31641,6
31642,6
31643,6
31644,6
31645,7
31646,6
31647,6
31648,6
31649,6
31650,6
31651,6
31652,7
31653,6
31654,6
31655,6
31656,6
31657,6
31658,6
31659,7
31660,6
31661,6
31662,6
31663,6
31664,6
31665,6
31666,7
31667,6
31668,6
31669,6
31670,6
31671,6
31672,6
31673,7
31674,6
31675,6
31676,6
31677,6
31678,6
31679,6
31680,31
31681,33
31682,29
31683,37
31684,47
31685,50
31686,59
31687,15
31688,15
31689,15
31690,15
31691,17
31692,17
31693,18
31694,7
31695,6
31696,7
31697,7
31698,7
31699,8
31700,8
31701,6
31702,6
31703,6
31704,6
31705,7
31706,7
31707,7
31708,6
31709,6
31710,6
31711,6
31712,6
31713,7
31714,7
31715,6
31716,6
31717,6
31718,6
31719,6
31720,6
31721,7
31722,6
31723,6
31724,6
31725,6
31726,6
31727,6
31728,7
31729,6
31730,6
31731,6
31732,6
31733,6
31734,7
31735,7
31736,6
31737,6
31738,6
31739,6
31740,6
31741,7
31742,7
31743,6
31744,6
31745,6
31746,6
31747,6
31748,6
31749,7
31750,6
31751,6
31752,6
31753,6
31754,6
31755,6
31756,7
31757,6
31758,6
31759,6
31760,6
31761,6
31762,6
31763,7
31764,6
31765,6
31766,6
31767,6
31768,6
31769,6
31770,14
31771,21
31772,17
31773,20
31774,20
31775,24
31776,26
31777,7
31778,8
31779,8
31780,8
31781,9
31782,10
31783,11
31784,6
31785,6
31786,6
31787,6
31788,6
31789,7
31790,7
31791,6
31792,6
31793,6
31794,6
31795,6
31796,7
31797,7
31798,6
31799,6
31800,6
31801,6
31802,6
31803,7
31804,7
31805,6
31806,6
31807,6
31808,6
31809,6
31810,7
31811,7
31812,6
31813,6
31814,6
31815,6
31816,6
31817,6
31818,7
31819,6
31820,6
31821,6
31822,6
31823,6
31824,7
31825,7
31826,6
31827,6
31828,6
31829,6
31830,6
31831,7
31832,7
31833,6
31834,6
31835,6
31836,6
31837,6
31838,7
31839,7
31840,6
31841,6
31842,6
31843,6
31844,6
31845,6
31846,7
31847,6
31848,6
31849,6
31850,6
31851,6
31852,7
31853,7
31854,6
31855,6
31856,6
31857,6
31858,6
31859,7
31860,14
31861,30
31862,15
31863,19
31864,22
31865,27
31866,23
31867,8
31868,8
31869,8
31870,8
31871,10
31872,11
31873,10
31874,6
31875,6
31876,6
31877,6
31878,6
31879,7
31880,7
31881,6
31882,6
31883,6
31884,6
31885,6
31886,7
31887,7
31888,6
31889,6
31890,6
31891,6
31892,6
31893,7
31894,7
31895,6
31896,6
31897,6
31898,6
31899,6
31900,6
31901,7
31902,6
31903,6
31904,6
31905,6
31906,6
31907,7
31908,7
31909,6
31910,6
31911,6
31912,6
31913,6
31914,7
31915,7
31916,6
31917,6
31918,6
31919,6
31920,6
31921,7
31922,7
31923,6
31924,6
31925,6
31926,6
31927,6
31928,7
31929,7
31930,6
31931,6
31932,6
31933,6
31934,6
31935,7
31936,7
31937,6
31938,6
31939,6
31940,6
31941,6
31942,7
31943,7
31944,6
31945,6
31946,6
31947,6
31948,6
31949,7
31950,43
31951,59
31952,55
31953,57
31954,70
31955,88
31956,76
31957,16
31958,16
31959,17
31960,17
31961,18
31962,18
31963,18
31964,7
31965,7
31966,7
31967,7
31968,7
31969,8
31970,8
31971,7
31972,6
31973,6
31974,6
31975,7
31976,7
31977,7
31978,6
31979,6
31980,6
31981,6
31982,6
31983,6
31984,7
31985,6
31986,6
31987,6
31988,6
31989,6
31990,6
31991,7
31992,6
31993,6
31994,6
31995,6
31996,6
31997,6
31998,7
31999,6
32000,6
32001,6
32002,6
32003,6
32004,6
32005,7
32006,6
32007,6
32008,6
32009,6
32010,6
32011,6
32012,7
32013,6
32014,6
32015,6
32016,6
32017,6
32018,6
32019,7
32020,6
32021,6
32022,6
32023,6
32024,6
32025,6
32026,7
32027,6
32028,6
32029,6
32030,6
32031,6
32032,6
32033,7
32034,6
32035,6
32036,6
32037,6
32038,6
32039,6
32040,59
32041,47
32042,55
32043,61
32044,64
32045,87
32046,65
32047,16
32048,16
32049,17
32050,17
32051,18
32052,18
32053,18
32054,7
32055,7
32056,7
32057,7
32058,7
32059,8
32060,8
32061,6
32062,6
32063,6
32064,7
32065,7
32066,7
32067,7
32068,6
32069,6
32070,6
32071,6
32072,6
32073,6
32074,7
32075,6
32076,6
32077,6
32078,6
32079,6
32080,6
32081,7
32082,6
32083,6
32084,6
32085,6
32086,6
32087,6
32088,7
32089,6
32090,6
32091,6
32092,6
32093,6
32094,6
32095,7
32096,6
32097,6
32098,6
32099,6
32100,6
32101,6
32102,7
32103,6
32104,6
32105,6
32106,6
32107,6
32108,6
32109,7
32110,6
32111,6
32112,6
32113,6
32114,6
32115,6
32116,7
32117,6
32118,6
32119,6
32120,6
32121,6
32122,6
32123,7
32124,6
32125,6
32126,6
32127,6
32128,6
32129,6
32130,51
32131,79
32132,61
32133,77
32134,78
32135,102
32136,88
32137,17
32138,17
32139,17
32140,18
32141,18
32142,19
32143,19
32144,7
32145,7
32146,7
32147,7
32148,7
32149,8
32150,8
32151,6
32152,6
32153,7
32154,7
32155,7
32156,7
32157,7
32158,6
32159,6
32160,6
32161,6
32162,6
32163,6
32164,7
32165,6
32166,6
32167,6
32168,6
32169,6
32170,6
32171,7
32172,6
32173,6
32174,6
32175,6
32176,6
32177,6
32178,7
32179,6
32180,6
32181,6
32182,6
32183,6
32184,6
32185,7
32186,6
32187,6
32188,6
32189,6
32190,6
32191,6
32192,7
32193,6
32194,6
32195,6
32196,6
32197,6
32198,6
32199,7
32200,6
32201,6
32202,6
32203,6
32204,6
32205,6
32206,7
32207,6
32208,6
32209,6
32210,6
32211,6
32212,6
32213,7
32214,6
32215,6
32216,6
32217,6
32218,6
32219,6
32220,46
32221,60
32222,36
32223,57
32224,73
32225,65
32226,67
32227,16
32228,16
32229,16
32230,17
32231,17
32232,18
32233,18
32234,7
32235,7
32236,7
32237,7
32238,7
32239,8
32240,8
32241,6
32242,6
32243,6
32244,7
32245,7
32246,7
32247,7
32248,6
32249,6
32250,6
32251,6
32252,6
32253,6
32254,7
32255,6
32256,6
32257,6
32258,6
32259,6
32260,6
32261,7
32262,6
32263,6
32264,6
32265,6
32266,6
32267,6
32268,7
32269,6
32270,6
32271,6
32272,6
32273,6
32274,6
32275,7
32276,6
32277,6
32278,6
32279,6
32280,6
32281,6
32282,7
32283,6
32284,6
32285,6
32286,6
32287,6
32288,6
32289,7
32290,6
32291,6
32292,6
32293,6
32294,6
32295,6
32296,7
32297,6
32298,6
32299,6
32300,6
32301,6
32302,6
32303,7
32304,6
32305,6
32306,6
32307,6
32308,6
32309,6
32310,68
32311,64
32312,68
32313,84
32314,68
32315,81
32316,88
32317,17
32318,17
32319,17
32320,18
32321,18
32322,19
32323,19
32324,7
32325,7
32326,7
32327,7
32328,7
32329,8
32330,8
32331,6
32332,6
32333,6
32334,7
32335,7
32336,7
32337,7
32338,6
32339,6
32340,6
32341,6
32342,6
32343,6
32344,7
32345,6
32346,6
32347,6
32348,6
32349,6
32350,6
32351,7
32352,6
32353,6
32354,6
32355,6
32356,6
32357,6
32358,7
32359,6
32360,6
32361,6
32362,6
32363,6
32364,6
32365,7
32366,6
32367,6
32368,6
32369,6
32370,6
32371,6
32372,7
32373,6
32374,6
32375,6
32376,6
32377,6
32378,6
32379,7
32380,6
32381,6
32382,6
32383,6
32384,6
32385,6
32386,7
32387,6
32388,6
32389,6
32390,6
32391,6
32392,6
32393,7
32394,6
32395,6
32396,6
32397,6
32398,6
32399,6
32400,72
32401,67
32402,70
32403,64
32404,76
32405,92
32406,74
32407,17
32408,17
32409,17
32410,18
32411,18
32412,19
32413,19
32414,7
32415,7
32416,7
32417,7
32418,7
32419,8
32420,8
32421,6
32422,6
32423,7
32424,7
32425,7
32426,7
32427,7
32428,6
32429,6
32430,6
32431,6
32432,6
32433,6
32434,7
32435,6
32436,6
32437,6
32438,6
32439,6
32440,6
32441,7
32442,6
32443,6
32444,6
32445,6
32446,6
32447,6
32448,7
32449,6
32450,6
32451,6
32452,6
32453,6
32454,6
32455,7
32456,6
32457,6
32458,6
32459,6
32460,6
32461,6
32462,7
32463,6
32464,6
32465,6
32466,6
32467,6
32468,6
32469,7
32470,6
32471,6
32472,6
32473,6
32474,6
32475,6
32476,7
32477,6
32478,6
32479,6
32480,6
32481,6
32482,6
32483,7
32484,6
32485,6
32486,6
32487,6
32488,6
32489,6
32490,57
32491,78
32492,64
32493,61
32494,90
32495,91
32496,69
32497,17
32498,17
32499,18
32500,18
32501,18
32502,19
32503,18
32504,7
32505,7
32506,7
32507,7
32508,7
32509,8
32510,8
32511,6
32512,6
32513,7
32514,7
32515,7
32516,7
32517,7
32518,6
32519,6
32520,6
32521,6
32522,6
32523,6
32524,7
32525,6
32526,6
32527,6
32528,6
32529,6
32530,6
32531,7
32532,6
32533,6
32534,6
32535,6
32536,6
32537,6
32538,7
32539,6
32540,6
32541,6
32542,6
32543,6
32544,6
32545,7
32546,6
32547,6
32548,6
32549,6
32550,6
32551,6
32552,7
32553,6
32554,6
32555,6
32556,6
32557,6
32558,6
32559,7
32560,6
32561,6
32562,6
32563,6
32564,6
32565,6
32566,7
32567,6
32568,6
32569,6
32570,6
32571,6
32572,6
32573,7
32574,6
32575,6
32576,6
32577,6
32578,6
32579,6
32580,69
32581,98
32582,86
32583,93
32584,83
32585,95
32586,84
32587,17
32588,17
32589,18
32590,18
32591,18
32592,19
32593,19
32594,7
32595,7
32596,7
32597,7
32598,7
32599,8
32600,8
32601,6
32602,6
32603,7
32604,7
32605,7
32606,7
32607,7
32608,6
32609,6
32610,6
32611,6
32612,6
32613,6
32614,7
32615,6
32616,6
32617,6
32618,6
32619,6
32620,6
32621,7
32622,6
32623,6
32624,6
32625,6
32626,6
32627,6
32628,7
32629,6
32630,6
32631,6
32632,6
32633,6
32634,6
32635,7
32636,6
32637,6
32638,6
32639,6
32640,6
32641,6
32642,7
32643,6
32644,6
32645,6
32646,6
32647,6
32648,6
32649,7
32650,6
32651,6
32652,6
32653,6
32654,6
32655,6
32656,7
32657,6
32658,6
32659,6
32660,6
32661,6
32662,6
32663,7
32664,6
32665,6
32666,6
32667,6
32668,6
32669,6
32670,56
32671,61
32672,65
32673,56
32674,64
32675,61
32676,64
32677,16
32678,16
32679,17
32680,17
32681,18
32682,18
32683,18
32684,7
32685,7
32686,7
32687,7
32688,7
32689,8
32690,8
32691,6
32692,6
32693,7
32694,7
32695,7
32696,7
32697,7
32698,6
32699,6
32700,6
32701,6
32702,6
32703,6
32704,7
32705,6
32706,6
32707,6
32708,6
32709,6
32710,6
32711,7
32712,6
32713,6
32714,6
32715,6
32716,6
32717,6
32718,7
32719,6
32720,6
32721,6
32722,6
32723,6
32724,6
32725,7
32726,6
32727,6
32728,6
32729,6
32730,6
32731,6
32732,7
32733,6
32734,6
32735,6
32736,6
32737,6
32738,6
32739,7
32740,6
32741,6
32742,6
32743,6
32744,6
32745,6
32746,7
32747,6
32748,6
32749,6
32750,6
32751,6
32752,6
32753,7
32754,6
32755,6
32756,6
32757,6
32758,6
32759,6
32760,69
32761,90
32762,82
32763,87
32764,87
32765,119
32766,105
32767,17
32768,17
32769,18
32770,18
32771,18
32772,19
32773,19
32774,7
32775,7
32776,7
32777,7
32778,7
32779,8
32780,8
32781,6
32782,6
32783,6
32784,7
32785,7
32786,7
32787,7
32788,6
32789,6
32790,6
32791,6
32792,6
32793,6
32794,7
32795,6
32796,6
32797,6
32798,6
32799,6
32800,6
32801,7
32802,6
32803,6
32804,6
32805,6
32806,6
32807,6
32808,7
32809,6
32810,6
32811,6
32812,6
32813,6
32814,6
32815,7
32816,6
32817,6
32818,6
32819,6
32820,6
32821,6
32822,7
32823,6
32824,6
32825,6
32826,6
32827,6
32828,6
32829,7
32830,6
32831,6
32832,6
32833,6
32834,6
32835,6
32836,7
32837,6
32838,6
32839,6
32840,6
32841,6
32842,6
32843,7
32844,6
32845,6
32846,6
32847,6
32848,6
32849,6
32850,14
32851,21
32852,23
32853,28
32854,27
32855,19
32856,31
32857,8
32858,9
32859,9
32860,10
32861,11
32862,10
32863,13
32864,6
32865,6
32866,6
32867,6
32868,7
32869,7
32870,7
32871,6
32872,6
32873,6
32874,6
32875,6
32876,7
32877,7
32878,6
32879,6
32880,6
32881,6
32882,6
32883,7
32884,7
32885,6
32886,6
32887,6
32888,6
32889,6
32890,7
32891,7
32892,6
32893,6
32894,6
32895,6
32896,6
32897,7
32898,7
32899,6
32900,6
32901,6
32902,6
32903,6
32904,7
32905,7
32906,6
32907,6
32908,6
32909,6
32910,6
32911,7
32912,7
32913,6
32914,6
32915,6
32916,6
32917,6
32918,7
32919,7
32920,6
32921,6
32922,6
32923,6
32924,6
32925,6
32926,7
32927,6
32928,6
32929,6
32930,6
32931,6
32932,7
32933,7
32934,6
32935,6
32936,6
32937,6
32938,6
32939,7
32940,28
32941,31
32942,31
32943,40
32944,38
32945,33
32946,43
32947,12
32948,12
32949,13
32950,14
32951,15
32952,16
32953,16
32954,6
32955,6
32956,6
32957,7
32958,7
32959,7
32960,8
32961,6
32962,6
32963,6
32964,6
32965,7
32966,7
32967,7
32968,6
32969,6
32970,6
32971,6
32972,6
32973,6
32974,7
32975,6
32976,6
32977,6
32978,6
32979,6
32980,6
32981,7
32982,6
32983,6
32984,6
32985,6
32986,6
32987,6
32988,7
32989,6
32990,6
32991,6
32992,6
32993,6
32994,7
32995,7
32996,6
32997,6
32998,6
32999,6
33000,6
33001,7
33002,7
33003,6
33004,6
33005,6
33006,6
33007,6
33008,7
33009,7
33010,6
33011,6
33012,6
33013,6
33014,6
33015,6
33016,7
33017,6
33018,6
33019,6
33020,6
33021,6
33022,6
33023,7
33024,6
33025,6
33026,6
33027,6
33028,6
33029,6
33030,63
33031,69
33032,70
33033,69
33034,79
33035,108
33036,117
33037,17
33038,17
33039,17
33040,18
33041,18
33042,19
33043,19
33044,7
33045,7
33046,7
33047,7
33048,7
33049,8
33050,8
33051,6
33052,6
33053,6
33054,7
33055,7
33056,7
33057,7
33058,6
33059,6
33060,6
33061,6
33062,6
33063,6
33064,7
33065,6
33066,6
33067,6
33068,6
33069,6
33070,6
33071,7
33072,6
33073,6
33074,6
33075,6
33076,6
33077,6
33078,7
33079,6
33080,6
33081,6
33082,6
33083,6
33084,6
33085,7
33086,6
33087,6
33088,6
33089,6
33090,6
33091,6
33092,7
33093,6
33094,6
33095,6
33096,6
33097,6
33098,6
33099,7
33100,6
33101,6
33102,6
33103,6
33104,6
33105,6
33106,7
33107,6
33108,6
33109,6
33110,6
33111,6
33112,6
33113,7
33114,6
33115,6
33116,6
33117,6
33118,6
33119,6
33120,38
33121,41
33122,38
33123,49
33124,39
33125,61
33126,56
33127,15
33128,15
33129,15
33130,16
33131,17
33132,17
33133,18
33134,6
33135,7
33136,6
33137,7
33138,7
33139,8
33140,8
33141,6
33142,6
33143,6
33144,6
33145,7
33146,7
33147,7
33148,6
33149,6
33150,6
33151,6
33152,6
33153,6
33154,7
33155,6
33156,6
33157,6
33158,6
33159,6
33160,6
33161,7
33162,6
33163,6
33164,6
33165,6
33166,6
33167,6
33168,7
33169,6
33170,6
33171,6
33172,6
33173,6
33174,6
33175,7
33176,6
33177,6
33178,6
33179,6
33180,6
33181,7
33182,7
33183,6
33184,6
33185,6
33186,6
33187,6
33188,6
33189,7
33190,6
33191,6
33192,6
33193,6
33194,6
33195,6
33196,7
33197,6
33198,6
33199,6
33200,6
33201,6
33202,6
33203,7
33204,6
33205,6
33206,6
33207,6
33208,6
33209,6
33210,48
33211,55
33212,61
33213,51
33214,47
33215,68
33216,57
33217,16
33218,16
33219,16
33220,16
33221,17
33222,18
33223,18
33224,7
33225,7
33226,7
33227,7
33228,7
33229,8
33230,8
33231,6
33232,6
33233,6
33234,6
33235,7
33236,7
33237,7
33238,6
33239,6
33240,6
33241,6
33242,6
33243,6
33244,7
33245,6
33246,6
33247,6
33248,6
33249,6
33250,6
33251,7
33252,6
33253,6
33254,6
33255,6
33256,6
33257,6
33258,7
33259,6
33260,6
33261,6
33262,6
33263,6
33264,6
33265,7
33266,6
33267,6
33268,6
33269,6
33270,6
33271,7
33272,7
33273,6
33274,6
33275,6
33276,6
33277,6
33278,6
33279,7
33280,6
33281,6
33282,6
33283,6
33284,6
33285,6
33286,7
33287,6
33288,6
33289,6
33290,6
33291,6
33292,6
33293,7
33294,6
33295,6
33296,6
33297,6
33298,6
33299,6
33300,36
33301,43
33302,44
33303,42
33304,55
33305,50
33306,60
33307,15
33308,15
33309,16
33310,16
33311,17
33312,18
33313,18
33314,6
33315,7
33316,7
33317,7
33318,7
33319,8
33320,8
33321,6
33322,6
33323,6
33324,6
33325,7
33326,7
33327,7
33328,6
33329,6
33330,6
33331,6
33332,6
33333,6
33334,7
33335,6
33336,6
33337,6
33338,6
33339,6
33340,6
33341,7
33342,6
33343,6
33344,6
33345,6
33346,6
33347,6
33348,7
33349,6
33350,6
33351,6
33352,6
33353,6
33354,6
33355,7
33356,6
33357,6
33358,6
33359,6
33360,6
33361,7
33362,7
33363,6
33364,6
33365,6
33366,6
33367,6
33368,6
33369,7
33370,6
33371,6
33372,6
33373,6
33374,6
33375,6
33376,7
33377,6
33378,6
33379,6
33380,6
33381,6
33382,6
33383,7
33384,6
33385,6
33386,6
33387,6
33388,6
33389,6
33390,64
33391,75
33392,84
33393,75
33394,88
33395,84
33396,93
33397,17
33398,17
33399,18
33400,18
33401,18
33402,19
33403,19
33404,7
33405,7
33406,7
33407,7
33408,7
33409,8
33410,8
33411,6
33412,6
33413,7
33414,7
33415,7
33416,7
33417,7
33418,6
33419,6
33420,6
33421,6
33422,6
33423,6
33424,7
33425,6
33426,6
33427,6
33428,6
33429,6
33430,6
33431,7
33432,6
33433,6
33434,6
33435,6
33436,6
33437,6
33438,7
33439,6
33440,6
33441,6
33442,6
33443,6
33444,6
33445,7
33446,6
33447,6
33448,6
33449,6
33450,6
33451,6
33452,7
33453,6
33454,6
33455,6
33456,6
33457,6
33458,6
33459,7
33460,6
33461,6
33462,6
33463,6
33464,6
33465,6
33466,7
33467,6
33468,6
33469,6
33470,6
33471,6
33472,6
33473,7
33474,6
33475,6
33476,6
33477,6
33478,6
33479,6
33480,17
33481,25
33482,30
33483,24
33484,34
33485,31
33486,48
33487,11
33488,11
33489,11
33490,11
33491,15
33492,16
33493,17
33494,6
33495,6
33496,6
33497,6
33498,7
33499,7
33500,8
33501,6
33502,6
33503,6
33504,6
33505,6
33506,7
33507,7
33508,6
33509,6
33510,6
33511,6
33512,6
33513,7
33514,7
33515,6
33516,6
33517,6
33518,6
33519,6
33520,6
33521,7
33522,6
33523,6
33524,6
33525,6
33526,6
33527,6
33528,7
33529,6
33530,6
33531,6
33532,6
33533,6
33534,7
33535,7
33536,6
33537,6
33538,6
33539,6
33540,6
33541,7
33542,7
33543,6
33544,6
33545,6
33546,6
33547,6
33548,6
33549,7
33550,6
33551,6
33552,6
33553,6
33554,6
33555,6
33556,7
33557,6
33558,6
33559,6
33560,6
33561,6
33562,6
33563,7
33564,6
33565,6
33566,6
33567,6
33568,6
33569,7
33570,51
33571,67
33572,62
33573,69
33574,71
33575,90
33576,76
33577,17
33578,17
33579,17
33580,17
33581,18
33582,19
33583,19
33584,7
33585,7
33586,7
33587,7
33588,7
33589,8
33590,8
33591,6
33592,6
33593,7
33594,7
33595,7
33596,7
33597,7
33598,6
33599,6
33600,6
33601,6
33602,6
33603,6
33604,7
33605,6
33606,6
33607,6
33608,6
33609,6
33610,6
33611,7
33612,6
33613,6
33614,6
33615,6
33616,6
33617,6
33618,7
33619,6
33620,6
33621,6
33622,6
33623,6
33624,6
33625,7
33626,6
33627,6
33628,6
33629,6
33630,6
33631,6
33632,7
33633,6
33634,6
33635,6
33636,6
33637,6
33638,6
33639,7
33640,6
33641,6
33642,6
33643,6
33644,6
33645,6
33646,7
33647,6
33648,6
33649,6
33650,6
33651,6
33652,6
33653,7
33654,6
33655,6
33656,6
33657,6
33658,6
33659,6
33660,64
33661,69
33662,93
33663,92
33664,88
33665,104
33666,105
33667,17
33668,17
33669,18
33670,18
33671,18
33672,19
33673,19
33674,7
33675,7
33676,7
33677,7
33678,7
33679,8
33680,8
33681,6
33682,6
33683,7
33684,7
33685,7
33686,7
33687,7
33688,6
33689,6
33690,6
33691,6
33692,6
33693,6
33694,7
33695,6
33696,6
33697,6
33698,6
33699,6
33700,6
33701,7
33702,6
33703,6
33704,6
33705,6
33706,6
33707,6
33708,7
33709,6
33710,6
33711,6
33712,6
33713,6
33714,6
33715,7
33716,6
33717,6
33718,6
33719,6
33720,6
33721,6
33722,7
33723,6
33724,6
33725,6
33726,6
33727,6
33728,6
33729,7
33730,6
33731,6
33732,6
33733,6
33734,6
33735,6
33736,7
33737,6
33738,6
33739,6
33740,6
33741,6
33742,6
33743,7
33744,6
33745,6
33746,6
33747,6
33748,6
33749,6
33750,38
33751,53
33752,43
33753,46
33754,57
33755,47
33756,55
33757,16
33758,16
33759,16
33760,16
33761,17
33762,17
33763,18
33764,7
33765,7
33766,7
33767,7
33768,7
33769,8
33770,8
33771,6
33772,6
33773,6
33774,6
33775,7
33776,7
33777,7
33778,6
33779,6
33780,6
33781,6
33782,6
33783,6
33784,7
33785,6
33786,6
33787,6
33788,6
33789,6
33790,6
33791,7
33792,6
33793,6
33794,6
33795,6
33796,6
33797,6
33798,7
33799,6
33800,6
33801,6
33802,6
33803,6
33804,6
33805,7
33806,6
33807,6
33808,6
33809,6
33810,6
33811,6
33812,7
33813,6
33814,6
33815,6
33816,6
33817,6
33818,6
33819,7
33820,6
33821,6
33822,6
33823,6
33824,6
33825,6
33826,7
33827,6
33828,6
33829,6
33830,6
33831,6
33832,6
33833,7
33834,6
33835,6
33836,6
33837,6
33838,6
33839,6
33840,18
33841,23
33842,18
33843,20
33844,22
33845,27
33846,25
33847,8
33848,8
33849,8
33850,8
33851,10
33852,12
33853,11
33854,6
33855,6
33856,6
33857,6
33858,6
33859,7
33860,7
33861,6
33862,6
33863,6
33864,6
33865,6
33866,7
33867,7
33868,6
33869,6
33870,6
33871,6
33872,6
33873,7
33874,7
33875,6
33876,6
33877,6
33878,6
33879,6
33880,7
33881,7
33882,6
33883,6
33884,6
33885,6
33886,6
33887,7
33888,7
33889,6
33890,6
33891,6
33892,6
33893,6
33894,6
33895,7
33896,6
33897,6
33898,6
33899,6
33900,6
33901,7
33902,7
33903,6
33904,6
33905,6
33906,6
33907,6
33908,7
33909,7
33910,6
33911,6
33912,6
33913,6
33914,6
33915,7
33916,7
33917,6
33918,6
33919,6
33920,6
33921,6
33922,7
33923,7
33924,6
33925,6
33926,6
33927,6
33928,6
33929,7
33930,83
33931,72
33932,88
33933,87
33934,89
33935,116
33936,87
33937,17
33938,17
33939,18
33940,18
33941,19
33942,19
33943,19
33944,7
33945,7
33946,7
33947,7
33948,7
33949,8
33950,8
33951,6
33952,6
33953,7
33954,7
33955,7
33956,7
33957,7
33958,6
33959,6
33960,6
33961,6
33962,6
33963,6
33964,7
33965,6
33966,6
33967,6
33968,6
33969,6
33970,6
33971,7
33972,6
33973,6
33974,6
33975,6
33976,6
33977,6
33978,7
33979,6
33980,6
33981,6
33982,6
33983,6
33984,6
33985,7
33986,6
33987,6
33988,6
33989,6
33990,6
33991,6
33992,7
33993,6
33994,6
33995,6
33996,6
33997,6
33998,6
33999,7
34000,6
34001,6
34002,6
34003,6
34004,6
34005,6
34006,7
34007,6
34008,6
34009,6
34010,6
34011,6
34012,6
34013,7
34014,6
34015,6
34016,6
34017,6
34018,6
34019,6
34020,54
34021,60
34022,70
34023,50
34024,85
34025,89
34026,82
34027,16
34028,17
34029,17
34030,17
34031,18
34032,19
34033,19
34034,7
34035,7
34036,7
34037,7
34038,7
34039,8
34040,8
34041,6
34042,6
34043,7
34044,7
34045,7
34046,7
34047,7
34048,6
34049,6
34050,6
34051,6
34052,6
34053,6
34054,7
34055,6
34056,6
34057,6
34058,6
34059,6
34060,6
34061,7
34062,6
34063,6
34064,6
34065,6
34066,6
34067,6
34068,7
34069,6
34070,6
34071,6
34072,6
34073,6
34074,6
34075,7
34076,6
34077,6
34078,6
34079,6
34080,6
34081,6
34082,7
34083,6
34084,6
34085,6
34086,6
34087,6
34088,6
34089,7
34090,6
34091,6
34092,6
34093,6
34094,6
34095,6
34096,7
34097,6
34098,6
34099,6
34100,6
34101,6
34102,6
34103,7
34104,6
34105,6
34106,6
34107,6
34108,6
34109,6
34110,42
34111,35
34112,40
34113,47
34114,38
34115,38
34116,34
34117,14
34118,14
34119,14
34120,14
34121,14
34122,15
34123,14
34124,7
34125,6
34126,7
34127,7
34128,7
34129,7
34130,8
34131,6
34132,6
34133,6
34134,6
34135,7
34136,7
34137,7
34138,6
34139,6
34140,6
34141,6
34142,6
34143,6
34144,7
34145,6
34146,6
34147,6
34148,6
34149,6
34150,6
34151,7
34152,6
34153,6
34154,6
34155,6
34156,6
34157,6
34158,7
34159,6
34160,6
34161,6
34162,6
34163,6
34164,6
34165,7
34166,6
34167,6
34168,6
34169,6
34170,6
34171,7
34172,7
34173,6
34174,6
34175,6
34176,6
34177,6
34178,6
34179,7
34180,6
34181,6
34182,6
34183,6
34184,6
34185,6
34186,7
34187,6
34188,6
34189,6
34190,6
34191,6
34192,6
34193,7
34194,6
34195,6
34196,6
34197,6
34198,6
34199,6
34200,48
34201,68
34202,65
34203,60
34204,73
34205,68
34206,70
34207,16
34208,17
34209,17
34210,17
34211,18
34212,18
34213,18
34214,7
34215,7
34216,7
34217,7
34218,7
34219,8
34220,8
34221,6
34222,6
34223,7
34224,6
34225,7
34226,7
34227,7
34228,6
34229,6
34230,6
34231,6
34232,6
34233,6
34234,7
34235,6
34236,6
34237,6
34238,6
34239,6
34240,6
34241,7
34242,6
34243,6
34244,6
34245,6
34246,6
34247,6
34248,7
34249,6
34250,6
34251,6
34252,6
34253,6
34254,6
34255,7
34256,6
34257,6
34258,6
34259,6
34260,6
34261,6
34262,7
34263,6
34264,6
34265,6
34266,6
34267,6
34268,6
34269,7
34270,6
34271,6
34272,6
34273,6
34274,6
34275,6
34276,7
34277,6
34278,6
34279,6
34280,6
34281,6
34282,6
34283,7
34284,6
34285,6
34286,6
34287,6
34288,6
34289,6
34290,32
34291,33
34292,34
34293,39
34294,52
34295,55
34296,62
34297,15
34298,15
34299,15
34300,16
34301,17
34302,18
34303,18
34304,6
34305,6
34306,6
34307,7
34308,7
34309,8
34310,8
34311,6
34312,6
34313,6
34314,6
34315,7
34316,7
34317,7
34318,6
34319,6
34320,6
34321,6
34322,6
34323,6
34324,7
34325,6
34326,6
34327,6
34328,6
34329,6
34330,6
34331,7
34332,6
34333,6
34334,6
34335,6
34336,6
34337,6
34338,7
34339,6
34340,6
34341,6
34342,6
34343,6
34344,6
34345,7
34346,6
34347,6
34348,6
34349,6
34350,6
34351,7
34352,7
34353,6
34354,6
34355,6
34356,6
34357,6
34358,6
34359,7
34360,6
34361,6
34362,6
34363,6
34364,6
34365,6
34366,7
34367,6
34368,6
34369,6
34370,6
34371,6
34372,6
34373,7
34374,6
34375,6
34376,6
34377,6
34378,6
34379,6
34380,55
34381,78
34382,58
34383,73
34384,54
34385,70
34386,100
34387,16
34388,17
34389,17
34390,17
34391,18
34392,18
34393,19
34394,7
34395,7
34396,7
34397,7
34398,7
34399,8
34400,8
34401,6
34402,6
34403,7
34404,7
34405,7
34406,7
34407,7
34408,6
34409,6
34410,6
34411,6
34412,6
34413,6
34414,7
34415,6
34416,6
34417,6
34418,6
34419,6
34420,6
34421,7
34422,6
34423,6
34424,6
34425,6
34426,6
34427,6
34428,7
34429,6
34430,6
34431,6
34432,6
34433,6
34434,6
34435,7
34436,6
34437,6
34438,6
34439,6
34440,6
34441,6
34442,7
34443,6
34444,6
34445,6
34446,6
34447,6
34448,6
34449,7
34450,6
34451,6
34452,6
34453,6
34454,6
34455,6
34456,7
34457,6
34458,6
34459,6
34460,6
34461,6
34462,6
34463,7
34464,6
34465,6
34466,6
34467,6
34468,6
34469,6
34470,19
34471,19
34472,27
34473,32
34474,33
34475,33
34476,42
34477,11
34478,11
34479,11
34480,12
34481,14
34482,15
34483,16
34484,6
34485,6
34486,6
34487,6
34488,7
34489,7
34490,8
34491,6
34492,6
34493,6
34494,6
34495,6
34496,7
34497,7
34498,6
34499,6
34500,6
34501,6
34502,6
34503,7
34504,7
34505,6
34506,6
34507,6
34508,6
34509,6
34510,7
34511,7
34512,6
34513,6
34514,6
34515,6
34516,6
34517,7
34518,7
34519,6
34520,6
34521,6
34522,6
34523,6
34524,6
34525,7
34526,6
34527,6
34528,6
34529,6
34530,6
34531,7
34532,7
34533,6
34534,6
34535,6
34536,6
34537,6
34538,7
34539,7
34540,6
34541,6
34542,6
34543,6
34544,6
34545,6
34546,7
34547,6
34548,6
34549,6
34550,6
34551,6
34552,6
34553,7
34554,6
34555,6
34556,6
34557,6
34558,6
34559,6
34560,65
34561,71
34562,59
34563,61
34564,75
34565,74
34566,75
34567,17
34568,17
34569,17
34570,17
34571,18
34572,18
34573,19
34574,7
34575,7
34576,7
34577,7
34578,7
34579,8
34580,8
34581,6
34582,6
34583,7
34584,6
34585,7
34586,7
34587,7
34588,6
34589,6
34590,6
34591,6
34592,6
34593,6
34594,7
34595,6
34596,6
34597,6
34598,6
34599,6
34600,6
34601,7
34602,6
34603,6
34604,6
34605,6
34606,6
34607,6
34608,7
34609,6
34610,6
34611,6
34612,6
34613,6
34614,6
34615,7
34616,6
34617,6
34618,6
34619,6
34620,6
34621,6
34622,7
34623,6
34624,6
34625,6
34626,6
34627,6
34628,6
34629,7
34630,6
34631,6
34632,6
34633,6
34634,6
34635,6
34636,7
34637,6
34638,6
34639,6
34640,6
34641,6
34642,6
34643,7
34644,6
34645,6
34646,6
34647,6
34648,6
34649,6
34650,78
34651,75
34652,73
34653,85
34654,96
34655,87
34656,100
34657,17
34658,17
34659,17
34660,18
34661,18
34662,19
34663,19
34664,7
34665,7
34666,7
34667,7
34668,7
34669,8
34670,8
34671,6
34672,6
34673,6
34674,7
34675,7
34676,7
34677,7
34678,6
34679,6
34680,6
34681,6
34682,6
34683,6
34684,7
34685,6
34686,6
34687,6
34688,6
34689,6
34690,6
34691,7
34692,6
34693,6
34694,6
34695,6
34696,6
34697,6
34698,7
34699,6
34700,6
34701,6
34702,6
34703,6
34704,6
34705,7
34706,6
34707,6
34708,6
34709,6
34710,6
34711,6
34712,7
34713,6
34714,6
34715,6
34716,6
34717,6
34718,6
34719,7
34720,6
34721,6
34722,6
34723,6
34724,6
34725,6
34726,7
34727,6
34728,6
34729,6
34730,6
34731,6
34732,6
34733,7
34734,6
34735,6
34736,6
34737,6
34738,6
34739,6
34740,31
34741,22
34742,22
34743,31
34744,40
34745,25
34746,42
34747,11
34748,11
34749,11
34750,12
34751,14
34752,13
34753,16
34754,6
34755,6
34756,6
34757,6
34758,7
34759,7
34760,8
34761,6
34762,6
34763,6
34764,6
34765,7
34766,7
34767,7
34768,6
34769,6
34770,6
34771,6
34772,6
34773,6
34774,7
34775,6
34776,6
34777,6
34778,6
34779,6
34780,6
34781,7
34782,6
34783,6
34784,6
34785,6
34786,6
34787,6
34788,7
34789,6
34790,6
34791,6
34792,6
34793,6
34794,6
34795,7
34796,6
34797,6
34798,6
34799,6
34800,6
34801,7
34802,7
34803,6
34804,6
34805,6
34806,6
34807,6
34808,6
34809,7
34810,6
34811,6
34812,6
34813,6
34814,6
34815,7
34816,7
34817,6
34818,6
34819,6
34820,6
34821,6
34822,6
34823,7
34824,6
34825,6
34826,6
34827,6
34828,6
34829,6
34830,71
34831,75
34832,70
34833,78
34834,88
34835,108
34836,98
34837,17
34838,17
34839,18
34840,18
34841,18
34842,19
34843,19
34844,7
34845,7
34846,7
34847,7
34848,7
34849,8
34850,8
34851,6
34852,6
34853,7
34854,7
34855,7
34856,7
34857,7
34858,6
34859,6
34860,6
34861,6
34862,6
34863,6
34864,7
34865,6
34866,6
34867,6
34868,6
34869,6
34870,6
34871,7
34872,6
34873,6
34874,6
34875,6
34876,6
34877,6
34878,7
34879,6
34880,6
34881,6
34882,6
34883,6
34884,6
34885,7
34886,6
34887,6
34888,6
34889,6
34890,6
34891,6
34892,7
34893,6
34894,6
34895,6
34896,6
34897,6
34898,6
34899,7
34900,6
34901,6
34902,6
34903,6
34904,6
34905,6
34906,7
34907,6
34908,6
34909,6
34910,6
34911,6
34912,6
34913,7
34914,6
34915,6
34916,6
34917,6
34918,6
34919,6
34920,43
34921,48
34922,43
34923,51
34924,55
34925,56
34926,50
34927,15
34928,16
34929,16
34930,16
34931,17
34932,18
34933,18
34934,7
34935,7
34936,7
34937,7
34938,7
34939,8
34940,8
34941,6
34942,6
34943,6
34944,6
34945,7
34946,7
34947,7
34948,6
34949,6
34950,6
34951,6
34952,6
34953,6
34954,7
34955,6
34956,6
34957,6
34958,6
34959,6
34960,6
34961,7
34962,6
34963,6
34964,6
34965,6
34966,6
34967,6
34968,7
34969,6
34970,6
34971,6
34972,6
34973,6
34974,6
34975,7
34976,6
34977,6
34978,6
34979,6
34980,6
34981,7
34982,7
34983,6
34984,6
34985,6
34986,6
34987,6
34988,6
34989,7
34990,6
34991,6
34992,6
34993,6
34994,6
34995,6
34996,7
34997,6
34998,6
34999,6
35000,6
35001,6
35002,6
35003,7
35004,6
35005,6
35006,6
35007,6
35008,6
35009,6
35010,25
35011,23
35012,30
35013,31
35014,29
35015,29
35016,42
35017,11
35018,11
35019,11
35020,12
35021,13
35022,15
35023,16
35024,6
35025,6
35026,6
35027,6
35028,7
35029,7
35030,8
35031,6
35032,6
35033,6
35034,6
35035,6
35036,7
35037,7
35038,6
35039,6
35040,6
35041,6
35042,6
35043,6
35044,7
35045,6
35046,6
35047,6
35048,6
35049,6
35050,7
35051,7
35052,6
35053,6
35054,6
35055,6
35056,6
35057,7
35058,7
35059,6
35060,6
35061,6
35062,6
35063,6
35064,7
35065,7
35066,6
35067,6
35068,6
35069,6
35070,6
35071,7
35072,7
35073,6
35074,6
35075,6
35076,6
35077,6
35078,7
35079,7
35080,6
35081,6
35082,6
35083,6
35084,6
35085,6
35086,7
35087,6
35088,6
35089,6
35090,6
35091,6
35092,6
35093,7
35094,6
35095,6
35096,6
35097,6
35098,6
35099,6
35100,16
35101,22
35102,25
35103,35
35104,23
35105,22
35106,34
35107,9
35108,10
35109,10
35110,11
35111,10
35112,12
35113,14
35114,6
35115,6
35116,6
35117,6
35118,6
35119,7
35120,7
35121,6
35122,6
35123,6
35124,6
35125,6
35126,7
35127,7
35128,6
35129,6
35130,6
35131,6
35132,6
35133,7
35134,7
35135,6
35136,6
35137,6
35138,6
35139,6
35140,7
35141,7
35142,6
35143,6
35144,6
35145,6
35146,6
35147,6
35148,7
35149,6
35150,6
35151,6
35152,6
35153,6
35154,7
35155,7
35156,6
35157,6
35158,6
35159,6
35160,6
35161,7
35162,7
35163,6
35164,6
35165,6
35166,6
35167,6
35168,7
35169,7
35170,6
35171,6
35172,6
35173,6
35174,6
35175,7
35176,7
35177,6
35178,6
35179,6
35180,6
35181,6
35182,7
35183,7
35184,6
35185,6
35186,6
35187,6
35188,6
35189,7
35190,30
35191,43
35192,31
35193,47
35194,36
35195,34
35196,42
35197,13
35198,14
35199,14
35200,15
35201,15
35202,16
35203,17
35204,6
35205,7
35206,6
35207,7
35208,7
35209,7
35210,8
35211,6
35212,6
35213,6
35214,6
35215,7
35216,7
35217,7
35218,6
35219,6
35220,6
35221,6
35222,6
35223,6
35224,7
35225,6
35226,6
35227,6
35228,6
35229,6
35230,6
35231,7
35232,6
35233,6
35234,6
35235,6
35236,6
35237,6
35238,7
35239,6
35240,6
35241,6
35242,6
35243,6
35244,6
35245,7
35246,6
35247,6
35248,6
35249,6
35250,6
35251,7
35252,7
35253,6
35254,6
35255,6
35256,6
35257,6
35258,6
35259,7
35260,6
35261,6
35262,6
35263,6
35264,6
35265,6
35266,7
35267,6
35268,6
35269,6
35270,6
35271,6
35272,6
35273,7
35274,6
35275,6
35276,6
35277,6
35278,6
35279,6
35280,42
35281,49
35282,42
35283,55
35284,53
35285,62
35286,67
35287,16
35288,16
35289,16
35290,16
35291,17
35292,18
35293,18
35294,7
35295,7
35296,7
35297,7
35298,7
35299,8
35300,8
35301,7
35302,6
35303,6
35304,6
35305,7
35306,7
35307,7
35308,6
35309,6
35310,6
35311,6
35312,6
35313,6
35314,7
35315,6
35316,6
35317,6
35318,6
35319,6
35320,6
35321,7
35322,6
35323,6
35324,6
35325,6
35326,6
35327,6
35328,7
35329,6
35330,6
35331,6
35332,6
35333,6
35334,6
35335,7
35336,6
35337,6
35338,6
35339,6
35340,6
35341,6
35342,7
35343,6
35344,6
35345,6
35346,6
35347,6
35348,6
35349,7
35350,6
35351,6
35352,6
35353,6
35354,6
35355,6
35356,7
35357,6
35358,6
35359,6
35360,6
35361,6
35362,6
35363,7
35364,6
35365,6
35366,6
35367,6
35368,6
35369,6
35370,24
35371,27
35372,29
35373,27
35374,41
35375,30
35376,38
35377,11
35378,11
35379,11
35380,11
35381,14
35382,13
35383,16
35384,6
35385,6
35386,6
35387,6
35388,7
35389,7
35390,7
35391,6
35392,6
35393,6
35394,6
35395,7
35396,7
35397,7
35398,6
35399,6
35400,6
35401,6
35402,6
35403,7
35404,7
35405,6
35406,6
35407,6
35408,6
35409,6
35410,6
35411,7
35412,6
35413,6
35414,6
35415,6
35416,6
35417,7
35418,7
35419,6
35420,6
35421,6
35422,6
35423,6
35424,6
35425,7
35426,6
35427,6
35428,6
35429,6
35430,6
35431,7
35432,7
35433,6
35434,6
35435,6
35436,6
35437,6
35438,7
35439,7
35440,6
35441,6
35442,6
35443,6
35444,6
35445,6
35446,7
35447,6
35448,6
35449,6
35450,6
35451,6
35452,7
35453,7
35454,6
35455,6
35456,6
35457,6
35458,6
35459,6
35460,72
35461,80
35462,66
35463,84
35464,98
35465,96
35466,92
35467,17
35468,17
35469,17
35470,17
35471,19
35472,19
35473,19
35474,7
35475,7
35476,7
35477,7
35478,7
35479,8
35480,8
35481,6
35482,6
35483,7
35484,7
35485,7
35486,7
35487,7
35488,6
35489,6
35490,6
35491,6
35492,6
35493,6
35494,7
35495,6
35496,6
35497,6
35498,6
35499,6
35500,6
35501,7
35502,6
35503,6
35504,6
35505,6
35506,6
35507,6
35508,7
35509,6
35510,6
35511,6
35512,6
35513,6
35514,6
35515,7
35516,6
35517,6
35518,6
35519,6
35520,6
35521,6
35522,7
35523,6
35524,6
35525,6
35526,6
35527,6
35528,6
35529,7
35530,6
35531,6
35532,6
35533,6
35534,6
35535,6
35536,7
35537,6
35538,6
35539,6
35540,6
35541,6
35542,6
35543,7
35544,6
35545,6
35546,6
35547,6
35548,6
35549,6
35550,56
35551,76
35552,64
35553,52
35554,64
35555,66
35556,80
35557,16
35558,17
35559,17
35560,17
35561,17
35562,18
35563,18
35564,7
35565,7
35566,7
35567,7
35568,7
35569,8
35570,8
35571,7
35572,6
35573,7
35574,7
35575,7
35576,7
35577,7
35578,6
35579,6
35580,6
35581,6
35582,6
35583,6
35584,7
35585,6
35586,6
35587,6
35588,6
35589,6
35590,6
35591,7
35592,6
35593,6
35594,6
35595,6
35596,6
35597,6
35598,7
35599,6
35600,6
35601,6
35602,6
35603,6
35604,6
35605,7
35606,6
35607,6
35608,6
35609,6
35610,6
35611,6
35612,7
35613,6
35614,6
35615,6
35616,6
35617,6
35618,6
35619,7
35620,6
35621,6
35622,6
35623,6
35624,6
35625,6
35626,7
35627,6
35628,6
35629,6
35630,6
35631,6
35632,6
35633,7
35634,6
35635,6
35636,6
35637,6
35638,6
35639,6
35640,20
35641,28
35642,25
35643,21
35644,23
35645,25
35646,23
35647,8
35648,9
35649,8
35650,8
35651,9
35652,10
35653,10
35654,6
35655,6
35656,6
35657,6
35658,6
35659,7
35660,7
35661,6
35662,6
35663,6
35664,6
35665,6
35666,7
35667,7
35668,6
35669,6
35670,6
35671,6
35672,6
35673,7
35674,7
35675,6
35676,6
35677,6
35678,6
35679,6
35680,7
35681,7
35682,6
35683,6
35684,6
35685,6
35686,6
35687,7
35688,7
35689,6
35690,6
35691,6
35692,6
35693,6
35694,7
35695,7
35696,6
35697,6
35698,6
35699,6
35700,6
35701,7
35702,7
35703,6
35704,6
35705,6
35706,6
35707,6
35708,6
35709,7
35710,6
35711,6
35712,6
35713,6
35714,6
35715,6
35716,7
35717,6
35718,6
35719,6
35720,6
35721,6
35722,6
35723,7
35724,6
35725,6
35726,6
35727,6
35728,6
35729,7
35730,49
35731,35
35732,54
35733,53
35734,77
35735,51
35736,65
35737,16
35738,16
35739,16
35740,17
35741,18
35742,18
35743,18
35744,7
35745,7
35746,7
35747,7
35748,7
35749,8
35750,8
35751,7
35752,6
35753,6
35754,6
35755,7
35756,7
35757,7
35758,6
35759,6
35760,6
35761,6
35762,6
35763,6
35764,7
35765,6
35766,6
35767,6
35768,6
35769,6
35770,6
35771,7
35772,6
35773,6
35774,6
35775,6
35776,6
35777,6
35778,7
35779,6
35780,6
35781,6
35782,6
35783,6
35784,6
35785,7
35786,6
35787,6
35788,6
35789,6
35790,6
35791,6
35792,7
35793,6
35794,6
35795,6
35796,6
35797,6
35798,6
35799,7
35800,6
35801,6
35802,6
35803,6
35804,6
35805,6
35806,7
35807,6
35808,6
35809,6
35810,6
35811,6
35812,6
35813,7
35814,6
35815,6
35816,6
35817,6
35818,6
35819,6
35820,24
35821,23
35822,34
35823,33
35824,35
35825,30
35826,40
35827,11
35828,11
35829,11
35830,12
35831,14
35832,14
35833,16
35834,6
35835,6
35836,6
35837,7
35838,7
35839,7
35840,7
35841,6
35842,6
35843,6
35844,6
35845,6
35846,7
35847,7
35848,6
35849,6
35850,6
35851,6
35852,6
35853,6
35854,7
35855,6
35856,6
35857,6
35858,6
35859,6
35860,6
35861,7
35862,6
35863,6
35864,6
35865,6
35866,6
35867,6
35868,7
35869,6
35870,6
35871,6
35872,6
35873,6
35874,6
35875,7
35876,6
35877,6
35878,6
35879,6
35880,6
35881,7
35882,7
35883,6
35884,6
35885,6
35886,6
35887,6
35888,6
35889,7
35890,6
35891,6
35892,6
35893,6
35894,6
35895,7
35896,7
35897,6
35898,6
35899,6
35900,6
35901,6
35902,6
35903,7
35904,6
35905,6
35906,6
35907,6
35908,6
35909,6
35910,47
35911,56
35912,65
35913,73
35914,80
35915,71
35916,77
35917,16
35918,17
35919,17
35920,17
35921,18
35922,18
35923,19
35924,7
35925,7
35926,7
35927,7
35928,7
35929,8
35930,8
35931,6
35932,6
35933,7
35934,7
35935,7
35936,7
35937,7
35938,6
35939,6
35940,6
35941,6
35942,6
35943,6
35944,7
35945,6
35946,6
35947,6
35948,6
35949,6
35950,6
35951,7
35952,6
35953,6
35954,6
35955,6
35956,6
35957,6
35958,7
35959,6
35960,6
35961,6
35962,6
35963,6
35964,6
35965,7
35966,6
35967,6
35968,6
35969,6
35970,6
35971,6
35972,7
35973,6
35974,6
35975,6
35976,6
35977,6
35978,6
35979,7
35980,6
35981,6
35982,6
35983,6
35984,6
35985,6
35986,7
35987,6
35988,6
35989,6
35990,6
35991,6
35992,6
35993,7
35994,6
35995,6
35996,6
35997,6
35998,6
35999,6
36000,14
36001,17
36002,16
36003,19
36004,17
36005,29
36006,19
36007,7
36008,7
36009,7
36010,8
36011,8
36012,11
36013,8
36014,6
36015,6
36016,6
36017,6
36018,6
36019,7
36020,7
36021,6
36022,6
36023,6
36024,6
36025,6
36026,7
36027,7
36028,6
36029,6
36030,6
36031,6
36032,6
36033,7
36034,7
36035,6
36036,6
36037,6
36038,6
36039,6
36040,7
36041,7
36042,6
36043,6
36044,6
36045,6
36046,6
36047,7
36048,7
36049,6
36050,6
36051,6
36052,6
36053,6
36054,7
36055,7
36056,6
36057,6
36058,6
36059,6
36060,6
36061,7
36062,7
36063,6
36064,6
36065,6
36066,6
36067,6
36068,7
36069,7
36070,6
36071,6
36072,6
36073,6
36074,6
36075,7
36076,7
36077,6
36078,6
36079,6
36080,6
36081,6
36082,7
36083,7
36084,6
36085,6
36086,6
36087,6
36088,6
36089,7
36090,38
36091,55
36092,47
36093,67
36094,62
36095,58
36096,64
36097,16
36098,16
36099,16
36100,17
36101,17
36102,18
36103,18
36104,7
36105,7
36106,7
36107,7
36108,7
36109,8
36110,8
36111,6
36112,6
36113,6
36114,6
36115,7
36116,7
36117,7
36118,6
36119,6
36120,6
36121,6
36122,6
36123,6
36124,7
36125,6
36126,6
36127,6
36128,6
36129,6
36130,6
36131,7
36132,6
36133,6
36134,6
36135,6
36136,6
36137,6
36138,7
36139,6
36140,6
36141,6
36142,6
36143,6
36144,6
36145,7
36146,6
36147,6
36148,6
36149,6
36150,6
36151,6
36152,7
36153,6
36154,6
36155,6
36156,6
36157,6
36158,6
36159,7
36160,6
36161,6
36162,6
36163,6
36164,6
36165,6
36166,7
36167,6
36168,6
36169,6
36170,6
36171,6
36172,6
36173,7
36174,6
36175,6
36176,6
36177,6
36178,6
36179,6
36180,23
36181,31
36182,29
36183,32
36184,35
36185,33
36186,40
36187,11
36188,11
36189,11
36190,12
36191,14
36192,15
36193,16
36194,6
36195,6
36196,6
36197,7
36198,7
36199,7
36200,7
36201,6
36202,6
36203,6
36204,6
36205,6
36206,7
36207,7
36208,6
36209,6
36210,6
36211,6
36212,6
36213,7
36214,7
36215,6
36216,6
36217,6
36218,6
36219,6
36220,6
36221,7
36222,6
36223,6
36224,6
36225,6
36226,6
36227,6
36228,7
36229,6
36230,6
36231,6
36232,6
36233,6
36234,7
36235,7
36236,6
36237,6
36238,6
36239,6
36240,6
36241,7
36242,7
36243,6
36244,6
36245,6
36246,6
36247,6
36248,6
36249,7
36250,6
36251,6
36252,6
36253,6
36254,6
36255,6
36256,7
36257,6
36258,6
36259,6
36260,6
36261,6
36262,7
36263,7
36264,6
36265,6
36266,6
36267,6
36268,6
36269,6
36270,16
36271,16
36272,23
36273,20
36274,18
36275,24
36276,21
36277,7
36278,7
36279,8
36280,7
36281,8
36282,9
36283,9
36284,6
36285,6
36286,6
36287,6
36288,6
36289,7
36290,7
36291,6
36292,6
36293,6
36294,6
36295,6
36296,7
36297,7
36298,6
36299,6
36300,6
36301,6
36302,6
36303,7
36304,7
36305,6
36306,6
36307,6
36308,6
36309,6
36310,6
36311,7
36312,6
36313,6
36314,6
36315,6
36316,6
36317,7
36318,7
36319,6
36320,6
36321,6
36322,6
36323,6
36324,7
36325,7
36326,6
36327,6
36328,6
36329,6
36330,6
36331,7
36332,7
36333,6
36334,6
36335,6
36336,6
36337,6
36338,6
36339,7
36340,6
36341,6
36342,6
36343,6
36344,6
36345,6
36346,7
36347,6
36348,6
36349,6
36350,6
36351,6
36352,7
36353,7
36354,6
36355,6
36356,6
36357,6
36358,6
36359,7
36360,10
36361,15
36362,18
36363,18
36364,20
36365,21
36366,22
36367,6
36368,7
36369,7
36370,7
36371,8
36372,9
36373,9
36374,6
36375,6
36376,6
36377,6
36378,6
36379,7
36380,7
36381,6
36382,6
36383,6
36384,6
36385,6
36386,7
36387,7
36388,6
36389,6
36390,6
36391,6
36392,6
36393,7
36394,7
36395,6
36396,6
36397,6
36398,6
36399,6
36400,7
36401,7
36402,6
36403,6
36404,6
36405,6
36406,6
36407,7
36408,7
36409,6
36410,6
36411,6
36412,6
36413,6
36414,7
36415,7
36416,6
36417,6
36418,6
36419,6
36420,6
36421,7
36422,7
36423,6
36424,6
36425,6
36426,6
36427,6
36428,7
36429,7
36430,6
36431,6
36432,6
36433,6
36434,6
36435,6
36436,7
36437,6
36438,6
36439,6
36440,6
36441,6
36442,7
36443,7
36444,6
36445,6
36446,6
36447,6
36448,6
36449,7
36450,51
36451,38
36452,40
36453,55
36454,56
36455,54
36456,57
36457,16
36458,16
36459,16
36460,16
36461,17
36462,18
36463,18
36464,7
36465,7
36466,7
36467,7
36468,7
36469,8
36470,8
36471,6
36472,6
36473,6
36474,6
36475,7
36476,7
36477,7
36478,6
36479,6
36480,6
36481,6
36482,6
36483,6
36484,7
36485,6
36486,6
36487,6
36488,6
36489,6
36490,6
36491,7
36492,6
36493,6
36494,6
36495,6
36496,6
36497,6
36498,7
36499,6
36500,6
36501,6
36502,6
36503,6
36504,6
36505,7
36506,6
36507,6
36508,6
36509,6
36510,6
36511,6
36512,7
36513,6
36514,6
36515,6
36516,6
36517,6
36518,6
36519,7
36520,6
36521,6
36522,6
36523,6
36524,6
36525,6
36526,7
36527,6
36528,6
36529,6
36530,6
36531,6
36532,6
36533,7
36534,6
36535,6
36536,6
36537,6
36538,6
36539,6
36540,39
36541,54
36542,45
36543,54
36544,60
36545,68
36546,78
36547,16
36548,16
36549,16
36550,17
36551,17
36552,18
36553,18
36554,7
36555,7
36556,7
36557,7
36558,7
36559,8
36560,8
36561,6
36562,6
36563,6
36564,6
36565,7
36566,7
36567,7
36568,6
36569,6
36570,6
36571,6
36572,6
36573,6
36574,7
36575,6
36576,6
36577,6
36578,6
36579,6
36580,6
36581,7
36582,6
36583,6
36584,6
36585,6
36586,6
36587,6
36588,7
36589,6
36590,6
36591,6
36592,6
36593,6
36594,6
36595,7
36596,6
36597,6
36598,6
36599,6
36600,6
36601,7
36602,7
36603,6
36604,6
36605,6
36606,6
36607,6
36608,6
36609,7
36610,6
36611,6
36612,6
36613,6
36614,6
36615,6
36616,7
36617,6
36618,6
36619,6
36620,6
36621,6
36622,6
36623,7
36624,6
36625,6
36626,6
36627,6
36628,6
36629,6
36630,48
36631,55
36632,53
36633,76
36634,74
36635,75
36636,92
36637,16
36638,17
36639,17
36640,17
36641,18
36642,18
36643,19
36644,7
36645,7
36646,7
36647,7
36648,7
36649,8
36650,8
36651,6
36652,6
36653,7
36654,7
36655,7
36656,7
36657,7
36658,6
36659,6
36660,6
36661,6
36662,6
36663,6
36664,7
36665,6
36666,6
36667,6
36668,6
36669,6
36670,6
36671,7
36672,6
36673,6
36674,6
36675,6
36676,6
36677,6
36678,7
36679,6
36680,6
36681,6
36682,6
36683,6
36684,6
36685,7
36686,6
36687,6
36688,6
36689,6
36690,6
36691,6
36692,7
36693,6
36694,6
36695,6
36696,6
36697,6
36698,6
36699,7
36700,6
36701,6
36702,6
36703,6
36704,6
36705,6
36706,7
36707,6
36708,6
36709,6
36710,6
36711,6
36712,6
36713,7
36714,6
36715,6
36716,6
36717,6
36718,6
36719,6
36720,44
36721,45
36722,44
36723,48
36724,54
36725,59
36726,50
36727,15
36728,15
36729,16
36730,16
36731,17
36732,18
36733,18
36734,7
36735,7
36736,7
36737,7
36738,7
36739,8
36740,8
36741,6
36742,6
36743,6
36744,7
36745,7
36746,7
36747,7
36748,6
36749,6
36750,6
36751,6
36752,6
36753,6
36754,7
36755,6
36756,6
36757,6
36758,6
36759,6
36760,6
36761,7
36762,6
36763,6
36764,6
36765,6
36766,6
36767,6
36768,7
36769,6
36770,6
36771,6
36772,6
36773,6
36774,6
36775,7
36776,6
36777,6
36778,6
36779,6
36780,6
36781,7
36782,7
36783,6
36784,6
36785,6
36786,6
36787,6
36788,6
36789,7
36790,6
36791,6
36792,6
36793,6
36794,6
36795,6
36796,7
36797,6
36798,6
36799,6
36800,6
36801,6
36802,6
36803,7
36804,6
36805,6
36806,6
36807,6
36808,6
36809,6
36810,56
36811,60
36812,52
36813,57
36814,76
36815,76
36816,81
36817,16
36818,17
36819,17
36820,17
36821,18
36822,18
36823,19
36824,7
36825,7
36826,7
36827,7
36828,7
36829,8
36830,8
36831,6
36832,6
36833,7
36834,7
36835,7
36836,7
36837,7
36838,6
36839,6
36840,6
36841,6
36842,6
36843,6
36844,7
36845,6
36846,6
36847,6
36848,6
36849,6
36850,6
36851,7
36852,6
36853,6
36854,6
36855,6
36856,6
36857,6
36858,7
36859,6
36860,6
36861,6
36862,6
36863,6
36864,6
36865,7
36866,6
36867,6
36868,6
36869,6
36870,6
36871,6
36872,7
36873,6
36874,6
36875,6
36876,6
36877,6
36878,6
36879,7
36880,6
36881,6
36882,6
36883,6
36884,6
36885,6
36886,7
36887,6
36888,6
36889,6
36890,6
36891,6
36892,6
36893,7
36894,6
36895,6
36896,6
36897,6
36898,6
36899,6
36900,49
36901,82
36902,60
36903,56
36904,66
36905,80
36906,73
36907,16
36908,17
36909,17
36910,17
36911,18
36912,18
36913,18
36914,7
36915,7
36916,7
36917,7
36918,7
36919,8
36920,8
36921,6
36922,6
36923,7
36924,7
36925,7
36926,7
36927,7
36928,6
36929,6
36930,6
36931,6
36932,6
36933,6
36934,7
36935,6
36936,6
36937,6
36938,6
36939,6
36940,6
36941,7
36942,6
36943,6
36944,6
36945,6
36946,6
36947,6
36948,7
36949,6
36950,6
36951,6
36952,6
36953,6
36954,6
36955,7
36956,6
36957,6
36958,6
36959,6
36960,6
36961,7
36962,7
36963,6
36964,6
36965,6
36966,6
36967,6
36968,6
36969,7
36970,6
36971,6
36972,6
36973,6
36974,6
36975,6
36976,7
36977,6
36978,6
36979,6
36980,6
36981,6
36982,6
36983,7
36984,6
36985,6
36986,6
36987,6
36988,6
36989,6
36990,51
36991,62
36992,57
36993,66
36994,57
36995,72
36996,71
36997,16
36998,17
36999,17
37000,17
37001,17
37002,18
37003,18
37004,7
37005,7
37006,7
37007,7
37008,7
37009,8
37010,8
37011,6
37012,6
37013,7
37014,7
37015,7
37016,7
37017,7
37018,6
37019,6
37020,6
37021,6
37022,6
37023,6
37024,7
37025,6
37026,6
37027,6
37028,6
37029,6
37030,6
37031,7
37032,6
37033,6
37034,6
37035,6
37036,6
37037,6
37038,7
37039,6
37040,6
37041,6
37042,6
37043,6
37044,6
37045,7
37046,6
37047,6
37048,6
37049,6
37050,6
37051,6
37052,7
37053,6
37054,6
37055,6
37056,6
37057,6
37058,6
37059,7
37060,6
37061,6
37062,6
37063,6
37064,6
37065,6
37066,7
37067,6
37068,6
37069,6
37070,6
37071,6
37072,6
37073,7
37074,6
37075,6
37076,6
37077,6
37078,6
37079,6
37080,57
37081,70
37082,72
37083,82
37084,64
37085,83
37086,90
37087,17
37088,17
37089,17
37090,18
37091,18
37092,19
37093,19
37094,7
37095,7
37096,7
37097,7
37098,7
37099,8
37100,8
37101,6
37102,6
37103,7
37104,7
37105,7
37106,7
37107,7
37108,6
37109,6
37110,6
37111,6
37112,6
37113,6
37114,7
37115,6
37116,6
37117,6
37118,6
37119,6
37120,6
37121,7
37122,6
37123,6
37124,6
37125,6
37126,6
37127,6
37128,7
37129,6
37130,6
37131,6
37132,6
37133,6
37134,6
37135,7
37136,6
37137,6
37138,6
37139,6
37140,6
37141,6
37142,7
37143,6
37144,6
37145,6
37146,6
37147,6
37148,6
37149,7
37150,6
37151,6
37152,6
37153,6
37154,6
37155,6
37156,7
37157,6
37158,6
37159,6
37160,6
37161,6
37162,6
37163,7
37164,6
37165,6
37166,6
37167,6
37168,6
37169,6
37170,39
37171,43
37172,52
37173,51
37174,46
37175,50
37176,70
37177,16
37178,16
37179,16
37180,16
37181,17
37182,17
37183,18
37184,7
37185,7
37186,7
37187,7
37188,7
37189,8
37190,8
37191,6
37192,6
37193,6
37194,6
37195,7
37196,7
37197,7
37198,6
37199,6
37200,6
37201,6
37202,6
37203,6
37204,7
37205,6
37206,6
37207,6
37208,6
37209,6
37210,6
37211,7
37212,6
37213,6
37214,6
37215,6
37216,6
37217,6
37218,7
37219,6
37220,6
37221,6
37222,6
37223,6
37224,6
37225,7
37226,6
37227,6
37228,6
37229,6
37230,6
37231,7
37232,7
37233,6
37234,6
37235,6
37236,6
37237,6
37238,6
37239,7
37240,6
37241,6
37242,6
37243,6
37244,6
37245,6
37246,7
37247,6
37248,6
37249,6
37250,6
37251,6
37252,6
37253,7
37254,6
37255,6
37256,6
37257,6
37258,6
37259,6
37260,65
37261,72
37262,58
37263,75
37264,75
37265,79
37266,78
37267,17
37268,17
37269,17
37270,18
37271,18
37272,19
37273,19
37274,7
37275,7
37276,7
37277,7
37278,7
37279,8
37280,8
37281,6
37282,6
37283,7
37284,7
37285,7
37286,7
37287,7
37288,6
37289,6
37290,6
37291,6
37292,6
37293,6
37294,7
37295,6
37296,6
37297,6
37298,6
37299,6
37300,6
37301,7
37302,6
37303,6
37304,6
37305,6
37306,6
37307,6
37308,7
37309,6
37310,6
37311,6
37312,6
37313,6
37314,6
37315,7
37316,6
37317,6
37318,6
37319,6
37320,6
37321,6
37322,7
37323,6
37324,6
37325,6
37326,6
37327,6
37328,6
37329,7
37330,6
37331,6
37332,6
37333,6
37334,6
37335,6
37336,7
37337,6
37338,6
37339,6
37340,6
37341,6
37342,6
37343,7
37344,6
37345,6
37346,6
37347,6
37348,6
37349,6
37350,12
37351,19
37352,18
37353,23
37354,24
37355,24
37356,25
37357,7
37358,8
37359,8
37360,9
37361,10
37362,10
37363,11
37364,6
37365,6
37366,6
37367,6
37368,6
37369,7
37370,7
37371,6
37372,6
37373,6
37374,6
37375,6
37376,7
37377,7
37378,6
37379,6
37380,6
37381,6
37382,6
37383,7
37384,7
37385,6
37386,6
37387,6
37388,6
37389,6
37390,6
37391,7
37392,6
37393,6
37394,6
37395,6
37396,6
37397,6
37398,7
37399,6
37400,6
37401,6
37402,6
37403,6
37404,7
37405,7
37406,6
37407,6
37408,6
37409,6
37410,6
37411,7
37412,7
37413,6
37414,6
37415,6
37416,6
37417,6
37418,6
37419,7
37420,6
37421,6
37422,6
37423,6
37424,6
37425,7
37426,7
37427,6
37428,6
37429,6
37430,6
37431,6
37432,6
37433,7
37434,6
37435,6
37436,6
37437,6
37438,6
37439,7
37440,21
37441,30
37442,27
37443,21
37444,36
37445,35
37446,30
37447,10
37448,11
37449,11
37450,11
37451,13
37452,13
37453,13
37454,6
37455,6
37456,6
37457,6
37458,7
37459,7
37460,7
37461,6
37462,6
37463,6
37464,6
37465,7
37466,7
37467,7
37468,6
37469,6
37470,6
37471,6
37472,6
37473,7
37474,7
37475,6
37476,6
37477,6
37478,6
37479,6
37480,7
37481,7
37482,6
37483,6
37484,6
37485,6
37486,6
37487,6
37488,7
37489,6
37490,6
37491,6
37492,6
37493,6
37494,6
37495,7
37496,6
37497,6
37498,6
37499,6
37500,6
37501,7
37502,7
37503,6
37504,6
37505,6
37506,6
37507,6
37508,6
37509,7
37510,6
37511,6
37512,6
37513,6
37514,6
37515,6
37516,7
37517,6
37518,6
37519,6
37520,6
37521,6
37522,6
37523,7
37524,6
37525,6
37526,6
37527,6
37528,6
37529,6
37530,64
37531,64
37532,82
37533,79
37534,68
37535,75
37536,71
37537,17
37538,17
37539,17
37540,17
37541,18
37542,18
37543,18
37544,7
37545,7
37546,7
37547,7
37548,7
37549,8
37550,8
37551,6
37552,6
37553,7
37554,7
37555,7
37556,7
37557,7
37558,6
37559,6
37560,6
37561,6
37562,6
37563,6
37564,7
37565,6
37566,6
37567,6
37568,6
37569,6
37570,6
37571,7
37572,6
37573,6
37574,6
37575,6
37576,6
37577,6
37578,7
37579,6
37580,6
37581,6
37582,6
37583,6
37584,6
37585,7
37586,6
37587,6
37588,6
37589,6
37590,6
37591,6
37592,7
37593,6
37594,6
37595,6
37596,6
37597,6
37598,6
37599,7
37600,6
37601,6
37602,6
37603,6
37604,6
37605,6
37606,7
37607,6
37608,6
37609,6
37610,6
37611,6
37612,6
37613,7
37614,6
37615,6
37616,6
37617,6
37618,6
37619,6
37620,25
37621,34
37622,42
37623,39
37624,40
37625,46
37626,47
37627,14
37628,15
37629,15
37630,15
37631,16
37632,17
37633,17
37634,6
37635,6
37636,7
37637,7
37638,7
37639,8
37640,8
37641,6
37642,6
37643,6
37644,6
37645,7
37646,7
37647,7
37648,6
37649,6
37650,6
37651,6
37652,6
37653,7
37654,7
37655,6
37656,6
37657,6
37658,6
37659,6
37660,6
37661,7
37662,6
37663,6
37664,6
37665,6
37666,6
37667,6
37668,7
37669,6
37670,6
37671,6
37672,6
37673,6
37674,7
37675,7
37676,6
37677,6
37678,6
37679,6
37680,6
37681,7
37682,7
37683,6
37684,6
37685,6
37686,6
37687,6
37688,6
37689,7
37690,6
37691,6
37692,6
37693,6
37694,6
37695,6
37696,7
37697,6
37698,6
37699,6
37700,6
37701,6
37702,6
37703,7
37704,6
37705,6
37706,6
37707,6
37708,6
37709,6
37710,32
37711,43
37712,49
37713,42
37714,52
37715,43
37716,44
37717,15
37718,15
37719,15
37720,15
37721,16
37722,16
37723,17
37724,6
37725,7
37726,7
37727,7
37728,7
37729,8
37730,8
37731,6
37732,6
37733,6
37734,6
37735,7
37736,7
37737,7
37738,6
37739,6
37740,6
37741,6
37742,6
37743,6
37744,7
37745,6
37746,6
37747,6
37748,6
37749,6
37750,6
37751,7
37752,6
37753,6
37754,6
37755,6
37756,6
37757,6
37758,7
37759,6
37760,6
37761,6
37762,6
37763,6
37764,6
37765,7
37766,6
37767,6
37768,6
37769,6
37770,6
37771,7
37772,7
37773,6
37774,6
37775,6
37776,6
37777,6
37778,6
37779,7
37780,6
37781,6
37782,6
37783,6
37784,6
37785,6
37786,7
37787,6
37788,6
37789,6
37790,6
37791,6
37792,6
37793,7
37794,6
37795,6
37796,6
37797,6
37798,6
37799,6
37800,27
37801,37
37802,31
37803,34
37804,29
37805,41
37806,44
37807,11
37808,12
37809,12
37810,13
37811,15
37812,16
37813,16
37814,6
37815,6
37816,6
37817,6
37818,7
37819,7
37820,8
37821,6
37822,6
37823,6
37824,6
37825,6
37826,7
37827,7
37828,6
37829,6
37830,6
37831,6
37832,6
37833,7
37834,7
37835,6
37836,6
37837,6
37838,6
37839,6
37840,6
37841,7
37842,6
37843,6
37844,6
37845,6
37846,6
37847,6
37848,7
37849,6
37850,6
37851,6
37852,6
37853,6
37854,6
37855,7
37856,6
37857,6
37858,6
37859,6
37860,6
37861,7
37862,7
37863,6
37864,6
37865,6
37866,6
37867,6
37868,6
37869,7
37870,6
37871,6
37872,6
37873,6
37874,6
37875,6
37876,7
37877,6
37878,6
37879,6
37880,6
37881,6
37882,6
37883,7
37884,6
37885,6
37886,6
37887,6
37888,6
37889,6
37890,51
37891,76
37892,57
37893,78
37894,90
37895,82
37896,76
37897,17
37898,17
37899,17
37900,17
37901,18
37902,18
37903,19
37904,7
37905,7
37906,7
37907,7
37908,7
37909,8
37910,8
37911,6
37912,6
37913,7
37914,7
37915,7
37916,7
37917,7
37918,6
37919,6
37920,6
37921,6
37922,6
37923,6
37924,7
37925,6
37926,6
37927,6
37928,6
37929,6
37930,6
37931,7
37932,6
37933,6
37934,6
37935,6
37936,6
37937,6
37938,7
37939,6
37940,6
37941,6
37942,6
37943,6
37944,6
37945,7
37946,6
37947,6
37948,6
37949,6
37950,6
37951,6
37952,7
37953,6
37954,6
37955,6
37956,6
37957,6
37958,6
37959,7
37960,6
37961,6
37962,6
37963,6
37964,6
37965,6
37966,7
37967,6
37968,6
37969,6
37970,6
37971,6
37972,6
37973,7
37974,6
37975,6
37976,6
37977,6
37978,6
37979,6
37980,31
37981,25
37982,25
37983,26
37984,30
37985,23
37986,38
37987,10
37988,10
37989,10
37990,11
37991,12
37992,13
37993,16
37994,6
37995,6
37996,6
37997,6
37998,7
37999,7
38000,7
38001,6
38002,6
38003,6
38004,6
38005,6
38006,7
38007,7
38008,6
38009,6
38010,6
38011,6
38012,6
38013,7
38014,7
38015,6
38016,6
38017,6
38018,6
38019,6
38020,7
38021,7
38022,6
38023,6
38024,6
38025,6
38026,6
38027,7
38028,7
38029,6
38030,6
38031,6
38032,6
38033,6
38034,7
38035,7
38036,6
38037,6
38038,6
38039,6
38040,6
38041,7
38042,7
38043,6
38044,6
38045,6
38046,6
38047,6
38048,7
38049,7
38050,6
38051,6
38052,6
38053,6
38054,6
38055,7
38056,7
38057,6
38058,6
38059,6
38060,6
38061,6
38062,6
38063,7
38064,6
38065,6
38066,6
38067,6
38068,6
38069,6
38070,41
38071,62
38072,45
38073,54
38074,76
38075,68
38076,72
38077,16
38078,17
38079,16
38080,17
38081,18
38082,18
38083,18
38084,7
38085,7
38086,7
38087,7
38088,7
38089,8
38090,8
38091,7
38092,6
38093,6
38094,7
38095,7
38096,7
38097,7
38098,6
38099,6
38100,6
38101,6
38102,6
38103,6
38104,7
38105,6
38106,6
38107,6
38108,6
38109,6
38110,6
38111,7
38112,6
38113,6
38114,6
38115,6
38116,6
38117,6
38118,7
38119,6
38120,6
38121,6
38122,6
38123,6
38124,6
38125,7
38126,6
38127,6
38128,6
38129,6
38130,6
38131,6
38132,7
38133,6
38134,6
38135,6
38136,6
38137,6
38138,6
38139,7
38140,6
38141,6
38142,6
38143,6
38144,6
38145,6
38146,7
38147,6
38148,6
38149,6
38150,6
38151,6
38152,6
38153,7
38154,6
38155,6
38156,6
38157,6
38158,6
38159,6
38160,56
38161,65
38162,63
38163,82
38164,74
38165,87
38166,93
38167,17
38168,17
38169,17
38170,18
38171,18
38172,19
38173,19
38174,7
38175,7
38176,7
38177,7
38178,7
38179,8
38180,8
38181,6
38182,6
38183,7
38184,7
38185,7
38186,7
38187,7
38188,6
38189,6
38190,6
38191,6
38192,6
38193,6
38194,7
38195,6
38196,6
38197,6
38198,6
38199,6
38200,6
38201,7
38202,6
38203,6
38204,6
38205,6
38206,6
38207,6
38208,7
38209,6
38210,6
38211,6
38212,6
38213,6
38214,6
38215,7
38216,6
38217,6
38218,6
38219,6
38220,6
38221,6
38222,7
38223,6
38224,6
38225,6
38226,6
38227,6
38228,6
38229,7
38230,6
38231,6
38232,6
38233,6
38234,6
38235,6
38236,7
38237,6
38238,6
38239,6
38240,6
38241,6
38242,6
38243,7
38244,6
38245,6
38246,6
38247,6
38248,6
38249,6
38250,35
38251,41
38252,36
38253,47
38254,38
38255,38
38256,54
38257,15
38258,15
38259,15
38260,15
38261,16
38262,16
38263,18
38264,6
38265,7
38266,7
38267,7
38268,7
38269,7
38270,8
38271,6
38272,6
38273,6
38274,6
38275,7
38276,7
38277,7
38278,6
38279,6
38280,6
38281,6
38282,6
38283,6
38284,7
38285,6
38286,6
38287,6
38288,6
38289,6
38290,6
38291,7
38292,6
38293,6
38294,6
38295,6
38296,6
38297,6
38298,7
38299,6
38300,6
38301,6
38302,6
38303,6
38304,6
38305,7
38306,6
38307,6
38308,6
38309,6
38310,6
38311,7
38312,7
38313,6
38314,6
38315,6
38316,6
38317,6
38318,6
38319,7
38320,6
38321,6
38322,6
38323,6
38324,6
38325,6
38326,7
38327,6
38328,6
38329,6
38330,6
38331,6
38332,6
38333,7
38334,6
38335,6
38336,6
38337,6
38338,6
38339,6
38340,22
38341,18
38342,18
38343,24
38344,24
38345,27
38346,20
38347,8
38348,8
38349,8
38350,9
38351,9
38352,9
38353,8
38354,6
38355,6
38356,6
38357,6
38358,6
38359,7
38360,7
38361,6
38362,6
38363,6
38364,6
38365,6
38366,7
38367,7
38368,6
38369,6
38370,6
38371,6
38372,6
38373,7
38374,7
38375,6
38376,6
38377,6
38378,6
38379,6
38380,7
38381,7
38382,6
38383,6
38384,6
38385,6
38386,6
38387,7
38388,7
38389,6
38390,6
38391,6
38392,6
38393,6
38394,7
38395,7
38396,6
38397,6
38398,6
38399,6
38400,6
38401,7
38402,7
38403,6
38404,6
38405,6
38406,6
38407,6
38408,7
38409,7
38410,6
38411,6
38412,6
38413,6
38414,6
38415,7
38416,7
38417,6
38418,6
38419,6
38420,6
38421,6
38422,7
38423,7
38424,6
38425,6
38426,6
38427,6
38428,6
38429,7
38430,58
38431,79
38432,65
38433,79
38434,96
38435,91
38436,95
38437,17
38438,17
38439,17
38440,18
38441,18
38442,19
38443,19
38444,7
38445,7
38446,7
38447,7
38448,7
38449,8
38450,8
38451,6
38452,6
38453,6
38454,7
38455,7
38456,7
38457,7
38458,6
38459,6
38460,6
38461,6
38462,6
38463,6
38464,7
38465,6
38466,6
38467,6
38468,6
38469,6
38470,6
38471,7
38472,6
38473,6
38474,6
38475,6
38476,6
38477,6
38478,7
38479,6
38480,6
38481,6
38482,6
38483,6
38484,6
38485,7
38486,6
38487,6
38488,6
38489,6
38490,6
38491,6
38492,7
38493,6
38494,6
38495,6
38496,6
38497,6
38498,6
38499,7
38500,6
38501,6
38502,6
38503,6
38504,6
38505,6
38506,7
38507,6
38508,6
38509,6
38510,6
38511,6
38512,6
38513,7
38514,6
38515,6
38516,6
38517,6
38518,6
38519,6
38520,53
38521,64
38522,68
38523,52
38524,69
38525,77
38526,85
38527,16
38528,17
38529,17
38530,17
38531,18
38532,18
38533,19
38534,7
38535,7
38536,7
38537,7
38538,7
38539,8
38540,8
38541,6
38542,6
38543,7
38544,7
38545,7
38546,7
38547,7
38548,6
38549,6
38550,6
38551,6
38552,6
38553,6
38554,7
38555,6
38556,6
38557,6
38558,6
38559,6
38560,6
38561,7
38562,6
38563,6
38564,6
38565,6
38566,6
38567,6
38568,7
38569,6
38570,6
38571,6
38572,6
38573,6
38574,6
38575,7
38576,6
38577,6
38578,6
38579,6
38580,6
38581,6
38582,7
38583,6
38584,6
38585,6
38586,6
38587,6
38588,6
38589,7
38590,6
38591,6
38592,6
38593,6
38594,6
38595,6
38596,7
38597,6
38598,6
38599,6
38600,6
38601,6
38602,6
38603,7
38604,6
38605,6
38606,6
38607,6
38608,6
38609,6
38610,20
38611,26
38612,38
38613,28
38614,38
38615,52
38616,38
38617,11
38618,13
38619,14
38620,14
38621,16
38622,17
38623,16
38624,6
38625,6
38626,6
38627,7
38628,7
38629,8
38630,8
38631,6
38632,6
38633,6
38634,6
38635,7
38636,7
38637,7
38638,6
38639,6
38640,6
38641,6
38642,6
38643,7
38644,7
38645,6
38646,6
38647,6
38648,6
38649,6
38650,6
38651,7
38652,6
38653,6
38654,6
38655,6
38656,6
38657,6
38658,7
38659,6
38660,6
38661,6
38662,6
38663,6
38664,6
38665,7
38666,6
38667,6
38668,6
38669,6
38670,6
38671,7
38672,7
38673,6
38674,6
38675,6
38676,6
38677,6
38678,6
38679,7
38680,6
38681,6
38682,6
38683,6
38684,6
38685,6
38686,7
38687,6
38688,6
38689,6
38690,6
38691,6
38692,6
38693,7
38694,6
38695,6
38696,6
38697,6
38698,6
38699,6
38700,37
38701,41
38702,41
38703,52
38704,67
38705,62
38706,70
38707,16
38708,16
38709,16
38710,17
38711,17
38712,18
38713,18
38714,7
38715,7
38716,7
38717,7
38718,7
38719,8
38720,8
38721,6
38722,6
38723,6
38724,6
38725,7
38726,7
38727,7
38728,6
38729,6
38730,6
38731,6
38732,6
38733,6
38734,7
38735,6
38736,6
38737,6
38738,6
38739,6
38740,6
38741,7
38742,6
38743,6
38744,6
38745,6
38746,6
38747,7
38748,7
38749,6
38750,6
38751,6
38752,6
38753,6
38754,6
38755,7
38756,6
38757,6
38758,6
38759,6
38760,6
38761,6
38762,7
38763,6
38764,6
38765,6
38766,6
38767,6
38768,6
38769,7
38770,6
38771,6
38772,6
38773,6
38774,6
38775,6
38776,7
38777,6
38778,6
38779,6
38780,6
38781,6
38782,6
38783,7
38784,6
38785,6
38786,6
38787,6
38788,6
38789,6
38790,27
38791,31
38792,41
38793,38
38794,45
38795,56
38796,40
38797,14
38798,15
38799,15
38800,15
38801,16
38802,17
38803,16
38804,6
38805,6
38806,7
38807,7
38808,7
38809,8
38810,8
38811,6
38812,6
38813,6
38814,6
38815,7
38816,7
38817,7
38818,6
38819,6
38820,6
38821,6
38822,6
38823,6
38824,7
38825,6
38826,6
38827,6
38828,6
38829,6
38830,7
38831,7
38832,6
38833,6
38834,6
38835,6
38836,6
38837,6
38838,7
38839,6
38840,6
38841,6
38842,6
38843,6
38844,6
38845,7
38846,6
38847,6
38848,6
38849,6
38850,6
38851,7
38852,7
38853,6
38854,6
38855,6
38856,6
38857,6
38858,6
38859,7
38860,6
38861,6
38862,6
38863,6
38864,6
38865,6
38866,7
38867,6
38868,6
38869,6
38870,6
38871,6
38872,6
38873,7
38874,6
38875,6
38876,6
38877,6
38878,6
38879,6
38880,50
38881,53
38882,48
38883,62
38884,70
38885,60
38886,70
38887,16
38888,16
38889,16
38890,17
38891,17
38892,18
38893,18
38894,7
38895,7
38896,7
38897,7
38898,7
38899,8
38900,8
38901,6
38902,6
38903,6
38904,7
38905,7
38906,7
38907,7
38908,6
38909,6
38910,6
38911,6
38912,6
38913,6
38914,7
38915,6
38916,6
38917,6
38918,6
38919,6
38920,6
38921,7
38922,6
38923,6
38924,6
38925,6
38926,6
38927,6
38928,7
38929,6
38930,6
38931,6
38932,6
38933,6
38934,6
38935,7
38936,6
38937,6
38938,6
38939,6
38940,6
38941,6
38942,7
38943,6
38944,6
38945,6
38946,6
38947,6
38948,6
38949,7
38950,6
38951,6
38952,6
38953,6
38954,6
38955,6
38956,7
38957,6
38958,6
38959,6
38960,6
38961,6
38962,6
38963,7
38964,6
38965,6
38966,6
38967,6
38968,6
38969,6
38970,17
38971,22
38972,20
38973,22
38974,24
38975,20
38976,22
38977,8
38978,8
38979,8
38980,8
38981,8
38982,8
38983,9
38984,6
38985,6
38986,6
38987,6
38988,6
38989,7
38990,7
38991,6
38992,6
38993,6
38994,6
38995,6
38996,7
38997,7
38998,6
38999,6
39000,6
39001,6
39002,6
39003,7
39004,7
39005,6
39006,6
39007,6
39008,6
39009,6
39010,7
39011,7
39012,6
39013,6
39014,6
39015,6
39016,6
39017,7
39018,7
39019,6
39020,6
39021,6
39022,6
39023,6
39024,7
39025,7
39026,6
39027,6
39028,6
39029,6
39030,6
39031,7
39032,7
39033,6
39034,6
39035,6
39036,6
39037,6
39038,7
39039,7
39040,6
39041,6
39042,6
39043,6
39044,6
39045,7
39046,7
39047,6
39048,6
39049,6
39050,6
39051,6
39052,7
39053,7
39054,6
39055,6
39056,6
39057,6
39058,6
39059,7
39060,52
39061,60
39062,58
39063,51
39064,65
39065,79
39066,74
39067,16
39068,17
39069,17
39070,17
39071,18
39072,18
39073,18
39074,7
39075,7
39076,7
39077,7
39078,7
39079,8
39080,8
39081,6
39082,6
39083,6
39084,6
39085,7
39086,7
39087,7
39088,6
39089,6
39090,6
39091,6
39092,6
39093,6
39094,7
39095,6
39096,6
39097,6
39098,6
39099,6
39100,6
39101,7
39102,6
39103,6
39104,6
39105,6
39106,6
39107,6
39108,7
39109,6
39110,6
39111,6
39112,6
39113,6
39114,6
39115,7
39116,6
39117,6
39118,6
39119,6
39120,6
39121,6
39122,7
39123,6
39124,6
39125,6
39126,6
39127,6
39128,6
39129,7
39130,6
39131,6
39132,6
39133,6
39134,6
39135,6
39136,7
39137,6
39138,6
39139,6
39140,6
39141,6
39142,6
39143,7
39144,6
39145,6
39146,6
39147,6
39148,6
39149,6
39150,62
39151,58
39152,60
39153,58
39154,77
39155,82
39156,88
39157,17
39158,17
39159,17
39160,17
39161,18
39162,18
39163,19
39164,7
39165,7
39166,7
39167,7
39168,7
39169,8
39170,8
39171,7
39172,6
39173,6
39174,7
39175,7
39176,7
39177,7
39178,6
39179,6
39180,6
39181,6
39182,6
39183,6
39184,7
39185,6
39186,6
39187,6
39188,6
39189,6
39190,6
39191,7
39192,6
39193,6
39194,6
39195,6
39196,6
39197,6
39198,7
39199,6
39200,6
39201,6
39202,6
39203,6
39204,6
39205,7
39206,6
39207,6
39208,6
39209,6
39210,6
39211,6
39212,7
39213,6
39214,6
39215,6
39216,6
39217,6
39218,6
39219,7
39220,6
39221,6
39222,6
39223,6
39224,6
39225,6
39226,7
39227,6
39228,6
39229,6
39230,6
39231,6
39232,6
39233,7
39234,6
39235,6
39236,6
39237,6
39238,6
39239,6
39240,23
39241,29
39242,19
39243,28
39244,36
39245,34
39246,30
39247,10
39248,10
39249,10
39250,11
39251,13
39252,13
39253,13
39254,6
39255,6
39256,6
39257,6
39258,7
39259,7
39260,7
39261,6
39262,6
39263,6
39264,6
39265,7
39266,7
39267,7
39268,6
39269,6
39270,6
39271,6
39272,6
39273,7
39274,7
39275,6
39276,6
39277,6
39278,6
39279,6
39280,7
39281,7
39282,6
39283,6
39284,6
39285,6
39286,6
39287,6
39288,7
39289,6
39290,6
39291,6
39292,6
39293,6
39294,6
39295,7
39296,6
39297,6
39298,6
39299,6
39300,6
39301,7
39302,7
39303,6
39304,6
39305,6
39306,6
39307,6
39308,7
39309,7
39310,6
39311,6
39312,6
39313,6
39314,6
39315,6
39316,7
39317,6
39318,6
39319,6
39320,6
39321,6
39322,6
39323,7
39324,6
39325,6
39326,6
39327,6
39328,6
39329,6
39330,63
39331,68
39332,61
39333,56
39334,88
39335,89
39336,88
39337,17
39338,17
39339,17
39340,17
39341,18
39342,18
39343,19
39344,7
39345,7
39346,7
39347,7
39348,7
39349,8
39350,8
39351,6
39352,6
39353,7
39354,7
39355,7
39356,7
39357,7
39358,6
39359,6
39360,6
39361,6
39362,6
39363,6
39364,7
39365,6
39366,6
39367,6
39368,6
39369,6
39370,6
39371,7
39372,6
39373,6
39374,6
39375,6
39376,6
39377,6
39378,7
39379,6
39380,6
39381,6
39382,6
39383,6
39384,6
39385,7
39386,6
39387,6
39388,6
39389,6
39390,6
39391,6
39392,7
39393,6
39394,6
39395,6
39396,6
39397,6
39398,6
39399,7
39400,6
39401,6
39402,6
39403,6
39404,6
39405,6
39406,7
39407,6
39408,6
39409,6
39410,6
39411,6
39412,6
39413,7
39414,6
39415,6
39416,6
39417,6
39418,6
39419,6
39420,31
39421,30
39422,29
39423,37
39424,37
39425,48
39426,56
39427,14
39428,14
39429,15
39430,15
39431,16
39432,17
39433,18
39434,6
39435,6
39436,6
39437,7
39438,7
39439,8
39440,8
39441,6
39442,6
39443,6
39444,6
39445,7
39446,7
39447,7
39448,6
39449,6
39450,6
39451,6
39452,6
39453,6
39454,7
39455,6
39456,6
39457,6
39458,6
39459,6
39460,6
39461,7
39462,6
39463,6
39464,6
39465,6
39466,6
39467,6
39468,7
39469,6
39470,6
39471,6
39472,6
39473,6
39474,6
39475,7
39476,6
39477,6
39478,6
39479,6
39480,6
39481,7
39482,7
39483,6
39484,6
39485,6
39486,6
39487,6
39488,6
39489,7
39490,6
39491,6
39492,6
39493,6
39494,6
39495,6
39496,7
39497,6
39498,6
39499,6
39500,6
39501,6
39502,6
39503,7
39504,6
39505,6
39506,6
39507,6
39508,6
39509,6
39510,20
39511,27
39512,30
39513,26
39514,30
39515,28
39516,21
39517,9
39518,10
39519,10
39520,10
39521,12
39522,10
39523,8
39524,6
39525,6
39526,6
39527,6
39528,7
39529,7
39530,7
39531,6
39532,6
39533,6
39534,6
39535,6
39536,7
39537,7
39538,6
39539,6
39540,6
39541,6
39542,6
39543,7
39544,7
39545,6
39546,6
39547,6
39548,6
39549,6
39550,6
39551,7
39552,6
39553,6
39554,6
39555,6
39556,6
39557,7
39558,7
39559,6
39560,6
39561,6
39562,6
39563,6
39564,7
39565,7
39566,6
39567,6
39568,6
39569,6
39570,6
39571,7
39572,7
39573,6
39574,6
39575,6
39576,6
39577,6
39578,6
39579,7
39580,6
39581,6
39582,6
39583,6
39584,6
39585,7
39586,7
39587,6
39588,6
39589,6
39590,6
39591,6
39592,7
39593,7
39594,6
39595,6
39596,6
39597,6
39598,6
39599,6
39600,17
39601,18
39602,20
39603,15
39604,18
39605,12
39606,22
39607,7
39608,6
39609,7
39610,7
39611,7
39612,7
39613,9
39614,6
39615,6
39616,6
39617,6
39618,6
39619,7
39620,7
39621,6
39622,6
39623,6
39624,6
39625,6
39626,6
39627,7
39628,6
39629,6
39630,6
39631,6
39632,6
39633,7
39634,7
39635,6
39636,6
39637,6
39638,6
39639,6
39640,7
39641,7
39642,6
39643,6
39644,6
39645,6
39646,6
39647,7
39648,7
39649,6
39650,6
39651,6
39652,6
39653,6
39654,7
39655,7
39656,6
39657,6
39658,6
39659,6
39660,6
39661,7
39662,7
39663,6
39664,6
39665,6
39666,6
39667,6
39668,7
39669,7
39670,6
39671,6
39672,6
39673,6
39674,6
39675,7
39676,7
39677,6
39678,6
39679,6
39680,6
39681,6
39682,7
39683,7
39684,6
39685,6
39686,6
39687,6
39688,6
39689,7
39690,28
39691,26
39692,25
39693,41
39694,25
39695,28
39696,48
39697,11
39698,11
39699,11
39700,12
39701,13
39702,15
39703,17
39704,6
39705,6
39706,6
39707,7
39708,7
39709,7
39710,8
39711,6
39712,6
39713,6
39714,6
39715,6
39716,7
39717,7
39718,6
39719,6
39720,6
39721,6
39722,6
39723,6
39724,7
39725,6
39726,6
39727,6
39728,6
39729,6
39730,7
39731,7
39732,6
39733,6
39734,6
39735,6
39736,6
39737,6
39738,7
39739,6
39740,6
39741,6
39742,6
39743,6
39744,7
39745,7
39746,6
39747,6
39748,6
39749,6
39750,6
39751,7
39752,7
39753,6
39754,6
39755,6
39756,6
39757,6
39758,6
39759,7
39760,6
39761,6
39762,6
39763,6
39764,6
39765,6
39766,7
39767,6
39768,6
39769,6
39770,6
39771,6
39772,6
39773,7
39774,6
39775,6
39776,6
39777,6
39778,6
39779,6
39780,38
39781,48
39782,48
39783,39
39784,54
39785,54
39786,62
39787,15
39788,16
39789,16
39790,16
39791,17
39792,18
39793,18
39794,7
39795,7
39796,7
39797,7
39798,7
39799,8
39800,8
39801,6
39802,6
39803,6
39804,6
39805,7
39806,7
39807,7
39808,6
39809,6
39810,6
39811,6
39812,6
39813,6
39814,7
39815,6
39816,6
39817,6
39818,6
39819,6
39820,6
39821,7
39822,6
39823,6
39824,6
39825,6
39826,6
39827,6
39828,7
39829,6
39830,6
39831,6
39832,6
39833,6
39834,6
39835,7
39836,6
39837,6
39838,6
39839,6
39840,6
39841,7
39842,7
39843,6
39844,6
39845,6
39846,6
39847,6
39848,6
39849,7
39850,6
39851,6
39852,6
39853,6
39854,6
39855,6
39856,7
39857,6
39858,6
39859,6
39860,6
39861,6
39862,6
39863,7
39864,6
39865,6
39866,6
39867,6
39868,6
39869,6
39870,17
39871,27
39872,25
39873,24
39874,22
39875,32
39876,29
39877,9
39878,10
39879,10
39880,10
39881,12
39882,13
39883,13
39884,6
39885,6
39886,6
39887,6
39888,6
39889,7
39890,7
39891,6
39892,6
39893,6
39894,6
39895,6
39896,7
39897,7
39898,6
39899,6
39900,6
39901,6
39902,6
39903,7
39904,7
39905,6
39906,6
39907,6
39908,6
39909,6
39910,6
39911,7
39912,6
39913,6
39914,6
39915,6
39916,6
39917,6
39918,7
39919,6
39920,6
39921,6
39922,6
39923,6
39924,7
39925,7
39926,6
39927,6
39928,6
39929,6
39930,6
39931,7
39932,7
39933,6
39934,6
39935,6
39936,6
39937,6
39938,7
39939,7
39940,6
39941,6
39942,6
39943,6
39944,6
39945,7
39946,7
39947,6
39948,6
39949,6
39950,6
39951,6
39952,7
39953,7
39954,6
39955,6
39956,6
39957,6
39958,6
39959,6
39960,61
39961,62
39962,77
39963,74
39964,66
39965,83
39966,89
39967,17
39968,17
39969,17
39970,18
39971,18
39972,18
39973,19
39974,7
39975,7
39976,7
39977,7
39978,7
39979,8
39980,8
39981,6
39982,6
39983,7
39984,7
39985,7
39986,7
39987,7
39988,6
39989,6
39990,6
39991,6
39992,6
39993,6
39994,7
39995,6
39996,6
39997,6
39998,6
39999,6
40000,6
40001,7
40002,6
40003,6
40004,6
40005,6
40006,6
40007,6
40008,7
40009,6
40010,6
40011,6
40012,6
40013,6
40014,6
40015,7
40016,6
40017,6
40018,6
40019,6
40020,6
40021,6
40022,7
40023,6
40024,6
40025,6
40026,6
40027,6
40028,6
40029,7
40030,6
40031,6
40032,6
40033,6
40034,6
40035,6
40036,7
40037,6
40038,6
40039,6
40040,6
40041,6
40042,6
40043,7
40044,6
40045,6
40046,6
40047,6
40048,6
40049,6
40050,44
40051,53
40052,49
40053,43
40054,58
40055,51
40056,73
40057,16
40058,16
40059,16
40060,16
40061,17
40062,18
40063,18
40064,7
40065,7
40066,7
40067,7
40068,7
40069,8
40070,8
40071,7
40072,6
40073,7
40074,6
40075,7
40076,7
40077,7
40078,6
40079,6
40080,6
40081,6
40082,6
40083,6
40084,7
40085,6
40086,6
40087,6
40088,6
40089,6
40090,6
40091,7
40092,6
40093,6
40094,6
40095,6
40096,6
40097,6
40098,7
40099,6
40100,6
40101,6
40102,6
40103,6
40104,6
40105,7
40106,6
40107,6
40108,6
40109,6
40110,6
40111,6
40112,7
40113,6
40114,6
40115,6
40116,6
40117,6
40118,6
40119,7
40120,6
40121,6
40122,6
40123,6
40124,6
40125,6
40126,7
40127,6
40128,6
40129,6
40130,6
40131,6
40132,6
40133,7
40134,6
40135,6
40136,6
40137,6
40138,6
40139,6
40140,18
40141,26
40142,19
40143,23
40144,18
40145,24
40146,29
40147,8
40148,8
40149,8
40150,8
40151,9
40152,12
40153,13
40154,6
40155,6
40156,6
40157,6
40158,6
40159,7
40160,7
40161,6
40162,6
40163,6
40164,6
40165,6
40166,7
40167,7
40168,6
40169,6
40170,6
40171,6
40172,6
40173,7
40174,7
40175,6
40176,6
40177,6
40178,6
40179,6
40180,7
40181,7
40182,6
40183,6
40184,6
40185,6
40186,6
40187,7
40188,7
40189,6
40190,6
40191,6
40192,6
40193,6
40194,7
40195,7
40196,6
40197,6
40198,6
40199,6
40200,6
40201,7
40202,7
40203,6
40204,6
40205,6
40206,6
40207,6
40208,6
40209,7
40210,6
40211,6
40212,6
40213,6
40214,6
40215,7
40216,7
40217,6
40218,6
40219,6
40220,6
40221,6
40222,7
40223,7
40224,6
40225,6
40226,6
40227,6
40228,6
40229,7
40230,34
40231,32
40232,41
40233,37
40234,48
40235,54
40236,46
40237,15
40238,15
40239,15
40240,16
40241,17
40242,17
40243,17
40244,6
40245,6
40246,7
40247,7
40248,7
40249,8
40250,8
40251,6
40252,6
40253,6
40254,6
40255,7
40256,7
40257,7
40258,6
40259,6
40260,6
40261,6
40262,6
40263,6
40264,7
40265,6
40266,6
40267,6
40268,6
40269,6
40270,6
40271,7
40272,6
40273,6
40274,6
40275,6
40276,6
40277,6
40278,7
40279,6
40280,6
40281,6
40282,6
40283,6
40284,6
40285,7
40286,6
40287,6
40288,6
40289,6
40290,6
40291,7
40292,7
40293,6
40294,6
40295,6
40296,6
40297,6
40298,6
40299,7
40300,6
40301,6
40302,6
40303,6
40304,6
40305,6
40306,7
40307,6
40308,6
40309,6
40310,6
40311,6
40312,6
40313,7
40314,6
40315,6
40316,6
40317,6
40318,6
40319,6
40320,21
40321,21
40322,26
40323,34
40324,18
40325,31
40326,29
40327,9
40328,10
40329,10
40330,11
40331,10
40332,13
40333,13
40334,6
40335,6
40336,6
40337,6
40338,6
40339,7
40340,7
40341,6
40342,6
40343,6
40344,6
40345,6
40346,7
40347,7
40348,6
40349,6
40350,6
40351,6
40352,6
40353,7
40354,7
40355,6
40356,6
40357,6
40358,6
40359,6
40360,6
40361,7
40362,6
40363,6
40364,6
40365,6
40366,6
40367,7
40368,7
40369,6
40370,6
40371,6
40372,6
40373,6
40374,7
40375,7
40376,6
40377,6
40378,6
40379,6
40380,6
40381,7
40382,7
40383,6
40384,6
40385,6
40386,6
40387,6
40388,6
40389,7
40390,6
40391,6
40392,6
40393,6
40394,6
40395,6
40396,7
40397,6
40398,6
40399,6
40400,6
40401,6
40402,7
40403,7
40404,6
40405,6
40406,6
40407,6
40408,6
40409,7
40410,33
40411,54
40412,52
40413,72
40414,68
40415,63
40416,65
40417,16
40418,16
40419,17
40420,17
40421,17
40422,18
40423,18
40424,7
40425,7
40426,7
40427,7
40428,7
40429,8
40430,8
40431,6
40432,6
40433,7
40434,7
40435,7
40436,7
40437,7
40438,6
40439,6
40440,6
40441,6
40442,6
40443,6
40444,7
40445,6
40446,6
40447,6
40448,6
40449,6
40450,6
40451,7
40452,6
40453,6
40454,6
40455,6
40456,6
40457,6
40458,7
40459,6
40460,6
40461,6
40462,6
40463,6
40464,6
40465,7
40466,6
40467,6
40468,6
40469,6
40470,6
40471,6
40472,7
40473,6
40474,6
40475,6
40476,6
40477,6
40478,6
40479,7
40480,6
40481,6
40482,6
40483,6
40484,6
40485,6
40486,7
40487,6
40488,6
40489,6
40490,6
40491,6
40492,6
40493,7
40494,6
40495,6
40496,6
40497,6
40498,6
40499,6
40500,11
40501,16
40502,19
40503,14
40504,23
40505,26
40506,26
40507,7
40508,7
40509,8
40510,8
40511,10
40512,12
40513,12
40514,6
40515,6
40516,6
40517,6
40518,6
40519,7
40520,7
40521,6
40522,6
40523,6
40524,6
40525,6
40526,7
40527,7
40528,6
40529,6
40530,6
40531,6
40532,6
40533,7
40534,7
40535,6
40536,6
40537,6
40538,6
40539,6
40540,7
40541,7
40542,6
40543,6
40544,6
40545,6
40546,6
40547,7
40548,7
40549,6
40550,6
40551,6
40552,6
40553,6
40554,7
40555,7
40556,6
40557,6
40558,6
40559,6
40560,6
40561,7
40562,7
40563,6
40564,6
40565,6
40566,6
40567,6
40568,7
40569,7
40570,6
40571,6
40572,6
40573,6
40574,6
40575,7
40576,7
40577,6
40578,6
40579,6
40580,6
40581,6
40582,7
40583,7
40584,6
40585,6
40586,6
40587,6
40588,6
40589,7
40590,53
40591,60
40592,44
40593,37
40594,53
40595,56
40596,60
40597,16
40598,16
40599,16
40600,16
40601,17
40602,18
40603,18
40604,7
40605,7
40606,7
40607,7
40608,7
40609,8
40610,8
40611,6
40612,6
40613,6
40614,6
40615,7
40616,7
40617,7
40618,6
40619,6
40620,6
40621,6
40622,6
40623,6
40624,7
40625,6
40626,6
40627,6
40628,6
40629,6
40630,6
40631,7
40632,6
40633,6
40634,6
40635,6
40636,6
40637,6
40638,7
40639,6
40640,6
40641,6
40642,6
40643,6
40644,6
40645,7
40646,6
40647,6
40648,6
40649,6
40650,6
40651,6
40652,7
40653,6
40654,6
40655,6
40656,6
40657,6
40658,6
40659,7
40660,6
40661,6
40662,6
40663,6
40664,6
40665,6
40666,7
40667,6
40668,6
40669,6
40670,6
40671,6
40672,6
40673,7
40674,6
40675,6
40676,6
40677,6
40678,6
40679,6
40680,28
40681,32
40682,32
40683,33
40684,38
40685,35
40686,39
40687,11
40688,12
40689,12
40690,12
40691,15
40692,15
40693,16
40694,6
40695,6
40696,6
40697,6
40698,7
40699,7
40700,8
40701,6
40702,6
40703,6
40704,6
40705,6
40706,7
40707,7
40708,6
40709,6
40710,6
40711,6
40712,6
40713,7
40714,7
40715,6
40716,6
40717,6
40718,6
40719,6
40720,6
40721,7
40722,6
40723,6
40724,6
40725,6
40726,6
40727,6
40728,7
40729,6
40730,6
40731,6
40732,6
40733,6
40734,6
40735,7
40736,6
40737,6
40738,6
40739,6
40740,6
40741,7
40742,7
40743,6
40744,6
40745,6
40746,6
40747,6
40748,6
40749,7
40750,6
40751,6
40752,6
40753,6
40754,6
40755,6
40756,7
40757,6
40758,6
40759,6
40760,6
40761,6
40762,6
40763,7
40764,6
40765,6
40766,6
40767,6
40768,6
40769,6
40770,19
40771,18
40772,17
40773,28
40774,22
40775,18
40776,34
40777,8
40778,8
40779,8
40780,10
40781,9
40782,11
40783,14
40784,6
40785,6
40786,6
40787,6
40788,6
40789,7
40790,7
40791,6
40792,6
40793,6
40794,6
40795,6
40796,7
40797,7
40798,6
40799,6
40800,6
40801,6
40802,6
40803,7
40804,7
40805,6
40806,6
40807,6
40808,6
40809,6
40810,7
40811,7
40812,6
40813,6
40814,6
40815,6
40816,6
40817,7
40818,7
40819,6
40820,6
40821,6
40822,6
40823,6
40824,7
40825,7
40826,6
40827,6
40828,6
40829,6
40830,6
40831,7
40832,7
40833,6
40834,6
40835,6
40836,6
40837,6
40838,7
40839,7
40840,6
40841,6
40842,6
40843,6
40844,6
40845,7
40846,7
40847,6
40848,6
40849,6
40850,6
40851,6
40852,6
40853,7
40854,6
40855,6
40856,6
40857,6
40858,6
40859,7
40860,13
40861,13
40862,19
40863,15
40864,20
40865,21
40866,20
40867,7
40868,6
40869,7
40870,7
40871,7
40872,8
40873,8
40874,6
40875,6
40876,6
40877,6
40878,6
40879,7
40880,7
40881,6
40882,6
40883,6
40884,6
40885,6
40886,7
40887,7
40888,6
40889,6
40890,6
40891,6
40892,6
40893,6
40894,7
40895,6
40896,6
40897,6
40898,6
40899,6
40900,7
40901,7
40902,6
40903,6
40904,6
40905,6
40906,6
40907,7
40908,7
40909,6
40910,6
40911,6
40912,6
40913,6
40914,7
40915,7
40916,6
40917,6
40918,6
40919,6
40920,6
40921,7
40922,7
40923,6
40924,6
40925,6
40926,6
40927,6
40928,7
40929,7
40930,6
40931,6
40932,6
40933,6
40934,6
40935,7
40936,7
40937,6
40938,6
40939,6
40940,6
40941,6
40942,7
40943,7
40944,6
40945,6
40946,6
40947,6
40948,6
40949,7
40950,35
40951,55
40952,48
40953,70
40954,59
40955,53
40956,62
40957,16
40958,16
40959,16
40960,17
40961,17
40962,18
40963,18
40964,7
40965,7
40966,7
40967,7
40968,7
40969,8
40970,8
40971,6
40972,6
40973,7
40974,7
40975,7
40976,7
40977,7
40978,6
40979,6
40980,6
40981,6
40982,6
40983,6
40984,7
40985,6
40986,6
40987,6
40988,6
40989,6
40990,6
40991,7
40992,6
40993,6
40994,6
40995,6
40996,6
40997,6
40998,7
40999,6
41000,6
41001,6
41002,6
41003,6
41004,6
41005,7
41006,6
41007,6
41008,6
41009,6
41010,6
41011,7
41012,7
41013,6
41014,6
41015,6
41016,6
41017,6
41018,6
41019,7
41020,6
41021,6
41022,6
41023,6
41024,6
41025,6
41026,7
41027,6
41028,6
41029,6
41030,6
41031,6
41032,6
41033,7
41034,6
41035,6
41036,6
41037,6
41038,6
41039,6
41040,35
41041,48
41042,47
41043,53
41044,56
41045,61
41046,64
41047,16
41048,16
41049,16
41050,16
41051,17
41052,18
41053,18
41054,7
41055,7
41056,7
41057,7
41058,7
41059,8
41060,8
41061,6
41062,6
41063,6
41064,7
41065,7
41066,7
41067,7
41068,6
41069,6
41070,6
41071,6
41072,6
41073,6
41074,7
41075,6
41076,6
41077,6
41078,6
41079,6
41080,6
41081,7
41082,6
41083,6
41084,6
41085,6
41086,6
41087,6
41088,7
41089,6
41090,6
41091,6
41092,6
41093,6
41094,6
41095,7
41096,6
41097,6
41098,6
41099,6
41100,6
41101,6
41102,7
41103,6
41104,6
41105,6
41106,6
41107,6
41108,6
41109,7
41110,6
41111,6
41112,6
41113,6
41114,6
41115,6
41116,7
41117,6
41118,6
41119,6
41120,6
41121,6
41122,6
41123,7
41124,6
41125,6
41126,6
41127,6
41128,6
41129,6
41130,67
41131,62
41132,61
41133,66
41134,67
41135,83
41136,101
41137,17
41138,17
41139,17
41140,17
41141,18
41142,19
41143,19
41144,7
41145,7
41146,7
41147,7
41148,7
41149,8
41150,8
41151,6
41152,6
41153,7
41154,7
41155,7
41156,7
41157,7
41158,6
41159,6
41160,6
41161,6
41162,6
41163,6
41164,7
41165,6
41166,6
41167,6
41168,6
41169,6
41170,6
41171,7
41172,6
41173,6
41174,6
41175,6
41176,6
41177,6
41178,7
41179,6
41180,6
41181,6
41182,6
41183,6
41184,6
41185,7
41186,6
41187,6
41188,6
41189,6
41190,6
41191,6
41192,7
41193,6
41194,6
41195,6
41196,6
41197,6
41198,6
41199,7
41200,6
41201,6
41202,6
41203,6
41204,6
41205,6
41206,7
41207,6
41208,6
41209,6
41210,6
41211,6
41212,6
41213,7
41214,6
41215,6
41216,6
41217,6
41218,6
41219,6
41220,35
41221,49
41222,44
41223,40
41224,58
41225,58
41226,51
41227,15
41228,16
41229,16
41230,16
41231,17
41232,18
41233,18
41234,6
41235,7
41236,7
41237,7
41238,7
41239,8
41240,8
41241,6
41242,6
41243,6
41244,6
41245,7
41246,7
41247,7
41248,6
41249,6
41250,6
41251,6
41252,6
41253,6
41254,7
41255,6
41256,6
41257,6
41258,6
41259,6
41260,6
41261,7
41262,6
41263,6
41264,6
41265,6
41266,6
41267,6
41268,7
41269,6
41270,6
41271,6
41272,6
41273,6
41274,6
41275,7
41276,6
41277,6
41278,6
41279,6
41280,6
41281,7
41282,7
41283,6
41284,6
41285,6
41286,6
41287,6
41288,6
41289,7
41290,6
41291,6
41292,6
41293,6
41294,6
41295,6
41296,7
41297,6
41298,6
41299,6
41300,6
41301,6
41302,6
41303,7
41304,6
41305,6
41306,6
41307,6
41308,6
41309,6
41310,62
41311,54
41312,72
41313,80
41314,70
41315,86
41316,68
41317,17
41318,17
41319,17
41320,18
41321,18
41322,19
41323,18
41324,7
41325,7
41326,7
41327,7
41328,7
41329,8
41330,8
41331,7
41332,6
41333,7
41334,7
41335,7
41336,7
41337,7
41338,6
41339,6
41340,6
41341,6
41342,6
41343,6
41344,7
41345,6
41346,6
41347,6
41348,6
41349,6
41350,6
41351,7
41352,6
41353,6
41354,6
41355,6
41356,6
41357,6
41358,7
41359,6
41360,6
41361,6
41362,6
41363,6
41364,6
41365,7
41366,6
41367,6
41368,6
41369,6
41370,6
41371,6
41372,7
41373,6
41374,6
41375,6
41376,6
41377,6
41378,6
41379,7
41380,6
41381,6
41382,6
41383,6
41384,6
41385,6
41386,7
41387,6
41388,6
41389,6
41390,6
41391,6
41392,6
41393,7
41394,6
41395,6
41396,6
41397,6
41398,6
41399,6
41400,55
41401,69
41402,74
41403,63
41404,80
41405,78
41406,99
41407,17
41408,17
41409,17
41410,17
41411,18
41412,18
41413,19
41414,7
41415,7
41416,7
41417,7
41418,7
41419,8
41420,8
41421,6
41422,6
41423,7
41424,7
41425,7
41426,7
41427,7
41428,6
41429,6
41430,6
41431,6
41432,6
41433,6
41434,7
41435,6
41436,6
41437,6
41438,6
41439,6
41440,6
41441,7
41442,6
41443,6
41444,6
41445,6
41446,6
41447,6
41448,7
41449,6
41450,6
41451,6
41452,6
41453,6
41454,6
41455,7
41456,6
41457,6
41458,6
41459,6
41460,6
41461,6
41462,7
41463,6
41464,6
41465,6
41466,6
41467,6
41468,6
41469,7
41470,6
41471,6
41472,6
41473,6
41474,6
41475,6
41476,7
41477,6
41478,6
41479,6
41480,6
41481,6
41482,6
41483,7
41484,6
41485,6
41486,6
41487,6
41488,6
41489,6
41490,42
41491,64
41492,60
41493,66
41494,75
41495,83
41496,99
41497,16
41498,17
41499,17
41500,18
41501,18
41502,18
41503,19
41504,7
41505,7
41506,7
41507,7
41508,7
41509,8
41510,8
41511,7
41512,6
41513,7
41514,7
41515,7
41516,7
41517,7
41518,6
41519,6
41520,6
41521,6
41522,6
41523,6
41524,7
41525,6
41526,6
41527,6
41528,6
41529,6
41530,6
41531,7
41532,6
41533,6
41534,6
41535,6
41536,6
41537,6
41538,7
41539,6
41540,6
41541,6
41542,6
41543,6
41544,6
41545,7
41546,6
41547,6
41548,6
41549,6
41550,6
41551,6
41552,7
41553,6
41554,6
41555,6
41556,6
41557,6
41558,6
41559,7
41560,6
41561,6
41562,6
41563,6
41564,6
41565,6
41566,7
41567,6
41568,6
41569,6
41570,6
41571,6
41572,6
41573,7
41574,6
41575,6
41576,6
41577,6
41578,6
41579,6
41580,59
41581,83
41582,82
41583,76
41584,90
41585,82
41586,99
41587,17
41588,17
41589,18
41590,18
41591,18
41592,19
41593,19
41594,7
41595,7
41596,7
41597,7
41598,7
41599,8
41600,8
41601,6
41602,6
41603,7
41604,7
41605,7
41606,7
41607,7
41608,6
41609,6
41610,6
41611,6
41612,6
41613,6
41614,7
41615,6
41616,6
41617,6
41618,6
41619,6
41620,6
41621,7
41622,6
41623,6
41624,6
41625,6
41626,6
41627,6
41628,7
41629,6
41630,6
41631,6
41632,6
41633,6
41634,6
41635,7
41636,6
41637,6
41638,6
41639,6
41640,6
41641,6
41642,7
41643,6
41644,6
41645,6
41646,6
41647,6
41648,6
41649,7
41650,6
41651,6
41652,6
41653,6
41654,6
41655,6
41656,7
41657,6
41658,6
41659,6
41660,6
41661,6
41662,6
41663,7
41664,6
41665,6
41666,6
41667,6
41668,6
41669,6
41670,48
41671,66
41672,50
41673,62
41674,42
41675,57
41676,57
41677,16
41678,16
41679,16
41680,17
41681,17
41682,18
41683,18
41684,7
41685,7
41686,7
41687,7
41688,7
41689,8
41690,8
41691,7
41692,6
41693,6
41694,6
41695,7
41696,7
41697,7
41698,6
41699,6
41700,6
41701,6
41702,6
41703,6
41704,7
41705,6
41706,6
41707,6
41708,6
41709,6
41710,6
41711,7
41712,6
41713,6
41714,6
41715,6
41716,6
41717,6
41718,7
41719,6
41720,6
41721,6
41722,6
41723,6
41724,6
41725,7
41726,6
41727,6
41728,6
41729,6
41730,6
41731,6
41732,7
41733,6
41734,6
41735,6
41736,6
41737,6
41738,6
41739,7
41740,6
41741,6
41742,6
41743,6
41744,6
41745,6
41746,7
41747,6
41748,6
41749,6
41750,6
41751,6
41752,6
41753,7
41754,6
41755,6
41756,6
41757,6
41758,6
41759,6
41760,65
41761,75
41762,73
41763,88
41764,101
41765,94
41766,89
41767,17
41768,17
41769,17
41770,17
41771,19
41772,19
41773,19
41774,7
41775,7
41776,7
41777,7
41778,7
41779,8
41780,8
41781,6
41782,6
41783,7
41784,7
41785,7
41786,7
41787,7
41788,6
41789,6
41790,6
41791,6
41792,6
41793,6
41794,7
41795,6
41796,6
41797,6
41798,6
41799,6
41800,6
41801,7
41802,6
41803,6
41804,6
41805,6
41806,6
41807,6
41808,7
41809,6
41810,6
41811,6
41812,6
41813,6
41814,6
41815,7
41816,6
41817,6
41818,6
41819,6
41820,6
41821,6
41822,7
41823,6
41824,6
41825,6
41826,6
41827,6
41828,6
41829,7
41830,6
41831,6
41832,6
41833,6
41834,6
41835,6
41836,7
41837,6
41838,6
41839,6
41840,6
41841,6
41842,6
41843,7
41844,6
41845,6
41846,6
41847,6
41848,6
41849,6
41850,24
41851,18
41852,18
41853,27
41854,24
41855,35
41856,21
41857,9
41858,9
41859,9
41860,10
41861,11
41862,12
41863,8
41864,6
41865,6
41866,6
41867,6
41868,6
41869,7
41870,7
41871,6
41872,6
41873,6
41874,6
41875,6
41876,7
41877,7
41878,6
41879,6
41880,6
41881,6
41882,6
41883,7
41884,7
41885,6
41886,6
41887,6
41888,6
41889,6
41890,7
41891,7
41892,6
41893,6
41894,6
41895,6
41896,6
41897,7
41898,7
41899,6
41900,6
41901,6
41902,6
41903,6
41904,6
41905,7
41906,6
41907,6
41908,6
41909,6
41910,6
41911,7
41912,7
41913,6
41914,6
41915,6
41916,6
41917,6
41918,6
41919,7
41920,6
41921,6
41922,6
41923,6
41924,6
41925,7
41926,7
41927,6
41928,6
41929,6
41930,6
41931,6
41932,7
41933,7
41934,6
41935,6
41936,6
41937,6
41938,6
41939,6
41940,30
41941,33
41942,27
41943,40
41944,32
41945,36
41946,37
41947,11
41948,11
41949,11
41950,13
41951,14
41952,15
41953,16
41954,6
41955,6
41956,6
41957,7
41958,7
41959,7
41960,7
41961,6
41962,6
41963,6
41964,6
41965,6
41966,7
41967,7
41968,6
41969,6
41970,6
41971,6
41972,6
41973,7
41974,7
41975,6
41976,6
41977,6
41978,6
41979,6
41980,6
41981,7
41982,6
41983,6
41984,6
41985,6
41986,6
41987,6
41988,7
41989,6
41990,6
41991,6
41992,6
41993,6
41994,6
41995,7
41996,6
41997,6
41998,6
41999,6
42000,6
42001,7
42002,7
42003,6
42004,6
42005,6
42006,6
42007,6
42008,6
42009,7
42010,6
42011,6
42012,6
42013,6
42014,6
42015,6
42016,7
42017,6
42018,6
42019,6
42020,6
42021,6
42022,6
42023,7
42024,6
42025,6
42026,6
42027,6
42028,6
42029,6
42030,63
42031,73
42032,61
42033,77
42034,86
42035,97
42036,98
42037,17
42038,17
42039,17
42040,18
42041,18
42042,19
42043,19
42044,7
42045,7
42046,7
42047,7
42048,7
42049,8
42050,8
42051,6
42052,6
42053,7
42054,7
42055,7
42056,7
42057,7
42058,6
42059,6
42060,6
42061,6
42062,6
42063,6
42064,7
42065,6
42066,6
42067,6
42068,6
42069,6
42070,6
42071,7
42072,6
42073,6
42074,6
42075,6
42076,6
42077,6
42078,7
42079,6
42080,6
42081,6
42082,6
42083,6
42084,6
42085,7
42086,6
42087,6
42088,6
42089,6
42090,6
42091,6
42092,7
42093,6
42094,6
42095,6
42096,6
42097,6
42098,6
42099,7
42100,6
42101,6
42102,6
42103,6
42104,6
42105,6
42106,7
42107,6
42108,6
42109,6
42110,6
42111,6
42112,6
42113,7
42114,6
42115,6
42116,6
42117,6
42118,6
42119,6
42120,31
42121,32
42122,31
42123,30
42124,32
42125,38
42126,51
42127,12
42128,12
42129,13
42130,13
42131,15
42132,16
42133,17
42134,6
42135,6
42136,7
42137,7
42138,7
42139,7
42140,8
42141,6
42142,6
42143,6
42144,6
42145,6
42146,7
42147,7
42148,6
42149,6
42150,6
42151,6
42152,6
42153,6
42154,7
42155,6
42156,6
42157,6
42158,6
42159,6
42160,6
42161,7
42162,6
42163,6
42164,6
42165,6
42166,6
42167,6
42168,7
42169,6
42170,6
42171,6
42172,6
42173,6
42174,7
42175,7
42176,6
42177,6
42178,6
42179,6
42180,6
42181,7
42182,7
42183,6
42184,6
42185,6
42186,6
42187,6
42188,6
42189,7
42190,6
42191,6
42192,6
42193,6
42194,6
42195,6
42196,7
42197,6
42198,6
42199,6
42200,6
42201,6
42202,6
42203,7
42204,6
42205,6
42206,6
42207,6
42208,6
42209,6
42210,42
42211,46
42212,34
42213,49
42214,46
42215,46
42216,56
42217,15
42218,15
42219,15
42220,16
42221,17
42222,17
42223,18
42224,7
42225,7
42226,7
42227,7
42228,7
42229,8
42230,8
42231,6
42232,6
42233,6
42234,6
42235,7
42236,7
42237,7
42238,6
42239,6
42240,6
42241,6
42242,6
42243,6
42244,7
42245,6
42246,6
42247,6
42248,6
42249,6
42250,6
42251,7
42252,6
42253,6
42254,6
42255,6
42256,6
42257,6
42258,7
42259,6
42260,6
42261,6
42262,6
42263,6
42264,6
42265,7
42266,6
42267,6
42268,6
42269,6
42270,6
42271,7
42272,7
42273,6
42274,6
42275,6
42276,6
42277,6
42278,6
42279,7
42280,6
42281,6
42282,6
42283,6
42284,6
42285,6
42286,7
42287,6
42288,6
42289,6
42290,6
42291,6
42292,6
42293,7
42294,6
42295,6
42296,6
42297,6
42298,6
42299,6
42300,27
42301,37
42302,37
42303,39
42304,37
42305,43
42306,42
42307,13
42308,14
42309,15
42310,15
42311,15
42312,16
42313,17
42314,6
42315,6
42316,6
42317,7
42318,7
42319,8
42320,8
42321,6
42322,6
42323,6
42324,6
42325,7
42326,7
42327,7
42328,6
42329,6
42330,6
42331,6
42332,6
42333,6
42334,7
42335,6
42336,6
42337,6
42338,6
42339,6
42340,6
42341,7
42342,6
42343,6
42344,6
42345,6
42346,6
42347,6
42348,7
42349,6
42350,6
42351,6
42352,6
42353,6
42354,6
42355,7
42356,6
42357,6
42358,6
42359,6
42360,6
42361,7
42362,7
42363,6
42364,6
42365,6
42366,6
42367,6
42368,6
42369,7
42370,6
42371,6
42372,6
42373,6
42374,6
42375,6
42376,7
42377,6
42378,6
42379,6
42380,6
42381,6
42382,6
42383,7
42384,6
42385,6
42386,6
42387,6
42388,6
42389,6
42390,72
42391,73
42392,60
42393,71
42394,90
42395,91
42396,90
42397,17
42398,17
42399,17
42400,17
42401,18
42402,19
42403,19
42404,7
42405,7
42406,7
42407,7
42408,7
42409,8
42410,8
42411,6
42412,6
42413,7
42414,7
42415,7
42416,7
42417,7
42418,6
42419,6
42420,6
42421,6
42422,6
42423,6
42424,7
42425,6
42426,6
42427,6
42428,6
42429,6
42430,6
42431,7
42432,6
42433,6
42434,6
42435,6
42436,6
42437,6
42438,7
42439,6
42440,6
42441,6
42442,6
42443,6
42444,6
42445,7
42446,6
42447,6
42448,6
42449,6
42450,6
42451,6
42452,7
42453,6
42454,6
42455,6
42456,6
42457,6
42458,6
42459,7
42460,6
42461,6
42462,6
42463,6
42464,6
42465,6
42466,7
42467,6
42468,6
42469,6
42470,6
42471,6
42472,6
42473,7
42474,6
42475,6
42476,6
42477,6
42478,6
42479,6
42480,25
42481,21
42482,25
42483,27
42484,34
42485,35
42486,39
42487,10
42488,11
42489,11
42490,12
42491,14
42492,15
42493,16
42494,6
42495,6
42496,6
42497,6
42498,7
42499,7
42500,7
42501,6
42502,6
42503,6
42504,6
42505,6
42506,7
42507,7
42508,6
42509,6
42510,6
42511,6
42512,6
42513,7
42514,7
42515,6
42516,6
42517,6
42518,6
42519,6
42520,7
42521,7
42522,6
42523,6
42524,6
42525,6
42526,6
42527,6
42528,7
42529,6
42530,6
42531,6
42532,6
42533,6
42534,6
42535,7
42536,6
42537,6
42538,6
42539,6
42540,6
42541,7
42542,7
42543,6
42544,6
42545,6
42546,6
42547,6
42548,7
42549,7
42550,6
42551,6
42552,6
42553,6
42554,6
42555,7
42556,7
42557,6
42558,6
42559,6
42560,6
42561,6
42562,6
42563,7
42564,6
42565,6
42566,6
42567,6
42568,6
42569,6
42570,52
42571,71
42572,56
42573,58
42574,73
42575,84
42576,64
42577,16
42578,17
42579,17
42580,17
42581,18
42582,18
42583,18
42584,7
42585,7
42586,7
42587,7
42588,7
42589,8
42590,8
42591,7
42592,6
42593,7
42594,7
42595,7
42596,7
42597,7
42598,6
42599,6
42600,6
42601,6
42602,6
42603,6
42604,7
42605,6
42606,6
42607,6
42608,6
42609,6
42610,6
42611,7
42612,6
42613,6
42614,6
42615,6
42616,6
42617,6
42618,7
42619,6
42620,6
42621,6
42622,6
42623,6
42624,6
42625,7
42626,6
42627,6
42628,6
42629,6
42630,6
42631,6
42632,7
42633,6
42634,6
42635,6
42636,6
42637,6
42638,6
42639,7
42640,6
42641,6
42642,6
42643,6
42644,6
42645,6
42646,7
42647,6
42648,6
42649,6
42650,6
42651,6
42652,6
42653,7
42654,6
42655,6
42656,6
42657,6
42658,6
42659,6
42660,74
42661,57
42662,66
42663,73
42664,92
42665,75
42666,98
42667,17
42668,17
42669,17
42670,18
42671,18
42672,19
42673,19
42674,7
42675,7
42676,7
42677,7
42678,7
42679,8
42680,8
42681,6
42682,6
42683,7
42684,7
42685,7
42686,7
42687,7
42688,6
42689,6
42690,6
42691,6
42692,6
42693,6
42694,7
42695,6
42696,6
42697,6
42698,6
42699,6
42700,6
42701,7
42702,6
42703,6
42704,6
42705,6
42706,6
42707,6
42708,7
42709,6
42710,6
42711,6
42712,6
42713,6
42714,6
42715,7
42716,6
42717,6
42718,6
42719,6
42720,6
42721,6
42722,7
42723,6
42724,6
42725,6
42726,6
42727,6
42728,6
42729,7
42730,6
42731,6
42732,6
42733,6
42734,6
42735,6
42736,7
42737,6
42738,6
42739,6
42740,6
42741,6
42742,6
42743,7
42744,6
42745,6
42746,6
42747,6
42748,6
42749,6
42750,34
42751,31
42752,45
42753,42
42754,51
42755,49
42756,53
42757,15
42758,15
42759,15
42760,16
42761,17
42762,17
42763,18
42764,6
42765,6
42766,7
42767,7
42768,7
42769,8
42770,8
42771,6
42772,6
42773,6
42774,6
42775,7
42776,7
42777,7
42778,6
42779,6
42780,6
42781,6
42782,6
42783,6
42784,7
42785,6
42786,6
42787,6
42788,6
42789,6
42790,6
42791,7
42792,6
42793,6
42794,6
42795,6
42796,6
42797,6
42798,7
42799,6
42800,6
42801,6
42802,6
42803,6
42804,6
42805,7
42806,6
42807,6
42808,6
42809,6
42810,6
42811,7
42812,7
42813,6
42814,6
42815,6
42816,6
42817,6
42818,6
42819,7
42820,6
42821,6
42822,6
42823,6
42824,6
42825,6
42826,7
42827,6
42828,6
42829,6
42830,6
42831,6
42832,6
42833,7
42834,6
42835,6
42836,6
42837,6
42838,6
42839,6
42840,13
42841,16
42842,20
42843,26
42844,18
42845,27
42846,27
42847,8
42848,8
42849,8
42850,9
42851,9
42852,12
42853,12
42854,6
42855,6
42856,6
42857,6
42858,6
42859,7
42860,7
42861,6
42862,6
42863,6
42864,6
42865,6
42866,7
42867,7
42868,6
42869,6
42870,6
42871,6
42872,6
42873,7
42874,7
42875,6
42876,6
42877,6
42878,6
42879,6
42880,7
42881,7
42882,6
42883,6
42884,6
42885,6
42886,6
42887,7
42888,7
42889,6
42890,6
42891,6
42892,6
42893,6
42894,7
42895,7
42896,6
42897,6
42898,6
42899,6
42900,6
42901,7
42902,7
42903,6
42904,6
42905,6
42906,6
42907,6
42908,7
42909,7
42910,6
42911,6
42912,6
42913,6
42914,6
42915,7
42916,7
42917,6
42918,6
42919,6
42920,6
42921,6
42922,7
42923,7
42924,6
42925,6
42926,6
42927,6
42928,6
42929,6
42930,73
42931,75
42932,83
42933,82
42934,98
42935,100
42936,98
42937,17
42938,17
42939,18
42940,18
42941,18
42942,19
42943,19
42944,7
42945,7
42946,7
42947,7
42948,7
42949,8
42950,8
42951,6
42952,6
42953,6
42954,7
42955,7
42956,7
42957,7
42958,6
42959,6
42960,6
42961,6
42962,6
42963,6
42964,7
42965,6
42966,6
42967,6
42968,6
42969,6
42970,6
42971,7
42972,6
42973,6
42974,6
42975,6
42976,6
42977,6
42978,7
42979,6
42980,6
42981,6
42982,6
42983,6
42984,6
42985,7
42986,6
42987,6
42988,6
42989,6
42990,6
42991,6
42992,7
42993,6
42994,6
42995,6
42996,6
42997,6
42998,6
42999,7
43000,6
43001,6
43002,6
43003,6
43004,6
43005,6
43006,7
43007,6
43008,6
43009,6
43010,6
43011,6
43012,6
43013,7
43014,6
43015,6
43016,6
43017,6
43018,6
43019,6
43020,52
43021,61
43022,63
43023,59
43024,76
43025,85
43026,80
43027,16
43028,17
43029,17
43030,17
43031,18
43032,18
43033,19
43034,7
43035,7
43036,7
43037,7
43038,7
43039,8
43040,8
43041,6
43042,6
43043,7
43044,7
43045,7
43046,7
43047,7
43048,6
43049,6
43050,6
43051,6
43052,6
43053,6
43054,7
43055,6
43056,6
43057,6
43058,6
43059,6
43060,6
43061,7
43062,6
43063,6
43064,6
43065,6
43066,6
43067,6
43068,7
43069,6
43070,6
43071,6
43072,6
43073,6
43074,6
43075,7
43076,6
43077,6
43078,6
43079,6
43080,6
43081,6
43082,7
43083,6
43084,6
43085,6
43086,6
43087,6
43088,6
43089,7
43090,6
43091,6
43092,6
43093,6
43094,6
43095,6
43096,7
43097,6
43098,6
43099,6
43100,6
43101,6
43102,6
43103,7
43104,6
43105,6
43106,6
43107,6
43108,6
43109,6
43110,37
43111,35
43112,39
43113,30
43114,39
43115,41
43116,39
43117,13
43118,13
43119,13
43120,13
43121,15
43122,16
43123,16
43124,6
43125,6
43126,7
43127,7
43128,7
43129,8
43130,8
43131,6
43132,6
43133,6
43134,6
43135,7
43136,7
43137,7
43138,6
43139,6
43140,6
43141,6
43142,6
43143,6
43144,7
43145,6
43146,6
43147,6
43148,6
43149,6
43150,6
43151,7
43152,6
43153,6
43154,6
43155,6
43156,6
43157,6
43158,7
43159,6
43160,6
43161,6
43162,6
43163,6
43164,6
43165,7
43166,6
43167,6
43168,6
43169,6
43170,6
43171,7
43172,7
43173,6
43174,6
43175,6
43176,6
43177,6
43178,6
43179,7
43180,6
43181,6
43182,6
43183,6
43184,6
43185,6
43186,7
43187,6
43188,6
43189,6
43190,6
43191,6
43192,6
43193,7
43194,6
43195,6
43196,6
43197,6
43198,6
43199,6
43200,40
43201,65
43202,54
43203,63
43204,58
43205,62
43206,68
43207,16
43208,17
43209,16
43210,17
43211,17
43212,18
43213,18
43214,7
43215,7
43216,7
43217,7
43218,7
43219,8
43220,8
43221,6
43222,6
43223,7
43224,7
43225,7
43226,7
43227,7
43228,6
43229,6
43230,6
43231,6
43232,6
43233,6
43234,7
43235,6
43236,6
43237,6
43238,6
43239,6
43240,6
43241,7
43242,6
43243,6
43244,6
43245,6
43246,6
43247,6
43248,7
43249,6
43250,6
43251,6
43252,6
43253,6
43254,6
43255,7
43256,6
43257,6
43258,6
43259,6
43260,6
43261,6
43262,7
43263,6
43264,6
43265,6
43266,6
43267,6
43268,6
43269,7
43270,6
43271,6
43272,6
43273,6
43274,6
43275,6
43276,7
43277,6
43278,6
43279,6
43280,6
43281,6
43282,6
43283,7
43284,6
43285,6
43286,6
43287,6
43288,6
43289,6
43290,34
43291,43
43292,42
43293,41
43294,41
43295,40
43296,43
43297,14
43298,15
43299,15
43300,15
43301,16
43302,16
43303,17
43304,6
43305,7
43306,7
43307,7
43308,7
43309,7
43310,8
43311,6
43312,6
43313,6
43314,6
43315,7
43316,7
43317,7
43318,6
43319,6
43320,6
43321,6
43322,6
43323,6
43324,7
43325,6
43326,6
43327,6
43328,6
43329,6
43330,6
43331,7
43332,6
43333,6
43334,6
43335,6
43336,6
43337,6
43338,7
43339,6
43340,6
43341,6
43342,6
43343,6
43344,6
43345,7
43346,6
43347,6
43348,6
43349,6
43350,6
43351,7
43352,7
43353,6
43354,6
43355,6
43356,6
43357,6
43358,6
43359,7
43360,6
43361,6
43362,6
43363,6
43364,6
43365,6
43366,7
43367,6
43368,6
43369,6
43370,6
43371,6
43372,6
43373,7
43374,6
43375,6
43376,6
43377,6
43378,6
43379,6
43380,55
43381,72
43382,53
43383,62
43384,79
43385,76
43386,78
43387,16
43388,17
43389,17
43390,17
43391,18
43392,18
43393,19
43394,7
43395,7
43396,7
43397,7
43398,7
43399,8
43400,8
43401,6
43402,6
43403,6
43404,7
43405,7
43406,7
43407,7
43408,6
43409,6
43410,6
43411,6
43412,6
43413,6
43414,7
43415,6
43416,6
43417,6
43418,6
43419,6
43420,6
43421,7
43422,6
43423,6
43424,6
43425,6
43426,6
43427,6
43428,7
43429,6
43430,6
43431,6
43432,6
43433,6
43434,6
43435,7
43436,6
43437,6
43438,6
43439,6
43440,6
43441,6
43442,7
43443,6
43444,6
43445,6
43446,6
43447,6
43448,6
43449,7
43450,6
43451,6
43452,6
43453,6
43454,6
43455,6
43456,7
43457,6
43458,6
43459,6
43460,6
43461,6
43462,6
43463,7
43464,6
43465,6
43466,6
43467,6
43468,6
43469,6
43470,19
43471,21
43472,20
43473,28
43474,24
43475,22
43476,31
43477,8
43478,9
43479,9
43480,10
43481,10
43482,12
43483,13
43484,6
43485,6
43486,6
43487,6
43488,6
43489,7
43490,7
43491,6
43492,6
43493,6
43494,6
43495,6
43496,7
43497,7
43498,6
43499,6
43500,6
43501,6
43502,6
43503,7
43504,7
43505,6
43506,6
43507,6
43508,6
43509,6
43510,7
43511,7
43512,6
43513,6
43514,6
43515,6
43516,6
43517,7
43518,7
43519,6
43520,6
43521,6
43522,6
43523,6
43524,6
43525,7
43526,6
43527,6
43528,6
43529,6
43530,6
43531,7
43532,7
43533,6
43534,6
43535,6
43536,6
43537,6
43538,7
43539,7
43540,6
43541,6
43542,6
43543,6
43544,6
43545,6
43546,7
43547,6
43548,6
43549,6
43550,6
43551,6
43552,6
43553,7
43554,6
43555,6
43556,6
43557,6
43558,6
43559,6
43560,51
43561,60
43562,56
43563,55
43564,65
43565,57
43566,73
43567,16
43568,16
43569,16
43570,17
43571,18
43572,18
43573,18
43574,7
43575,7
43576,7
43577,7
43578,7
43579,8
43580,8
43581,6
43582,6
43583,7
43584,7
43585,7
43586,7
43587,7
43588,6
43589,6
43590,6
43591,6
43592,6
43593,6
43594,7
43595,6
43596,6
43597,6
43598,6
43599,6
43600,6
43601,7
43602,6
43603,6
43604,6
43605,6
43606,6
43607,6
43608,7
43609,6
43610,6
43611,6
43612,6
43613,6
43614,6
43615,7
43616,6
43617,6
43618,6
43619,6
43620,6
43621,6
43622,7
43623,6
43624,6
43625,6
43626,6
43627,6
43628,6
43629,7
43630,6
43631,6
43632,6
43633,6
43634,6
43635,6
43636,7
43637,6
43638,6
43639,6
43640,6
43641,6
43642,6
43643,7
43644,6
43645,6
43646,6
43647,6
43648,6
43649,6
43650,58
43651,58
43652,70
43653,87
43654,77
43655,86
43656,89
43657,17
43658,17
43659,17
43660,17
43661,18
43662,19
43663,19
43664,7
43665,7
43666,7
43667,7
43668,7
43669,8
43670,8
43671,6
43672,6
43673,7
43674,7
43675,7
43676,7
43677,7
43678,6
43679,6
43680,6
43681,6
43682,6
43683,6
43684,7
43685,6
43686,6
43687,6
43688,6
43689,6
43690,6
43691,7
43692,6
43693,6
43694,6
43695,6
43696,6
43697,6
43698,7
43699,6
43700,6
43701,6
43702,6
43703,6
43704,6
43705,7
43706,6
43707,6
43708,6
43709,6
43710,6
43711,6
43712,7
43713,6
43714,6
43715,6
43716,6
43717,6
43718,6
43719,7
43720,6
43721,6
43722,6
43723,6
43724,6
43725,6
43726,7
43727,6
43728,6
43729,6
43730,6
43731,6
43732,6
43733,7
43734,6
43735,6
43736,6
43737,6
43738,6
43739,6
43740,21
43741,28
43742,29
43743,34
43744,33
43745,31
43746,28
43747,10
43748,11
43749,11
43750,11
43751,13
43752,13
43753,13
43754,6
43755,6
43756,6
43757,6
43758,7
43759,7
43760,7
43761,6
43762,6
43763,6
43764,6
43765,6
43766,7
43767,7
43768,6
43769,6
43770,6
43771,6
43772,6
43773,6
43774,7
43775,6
43776,6
43777,6
43778,6
43779,6
43780,7
43781,7
43782,6
43783,6
43784,6
43785,6
43786,6
43787,7
43788,7
43789,6
43790,6
43791,6
43792,6
43793,6
43794,7
43795,7
43796,6
43797,6
43798,6
43799,6
43800,6
43801,7
43802,7
43803,6
43804,6
43805,6
43806,6
43807,6
43808,6
43809,7
43810,6
43811,6
43812,6
43813,6
43814,6
43815,6
43816,7
43817,6
43818,6
43819,6
43820,6
43821,6
43822,6
43823,7
43824,6
43825,6
43826,6
43827,6
43828,6
43829,6
43830,71
43831,69
43832,66
43833,74
43834,102
43835,78
43836,95
43837,17
43838,17
43839,17
43840,18
43841,18
43842,19
43843,19
43844,7
43845,7
43846,7
43847,7
43848,7
43849,8
43850,8
43851,6
43852,6
43853,7
43854,7
43855,7
43856,7
43857,7
43858,6
43859,6
43860,6
43861,6
43862,6
43863,6
43864,7
43865,6
43866,6
43867,6
43868,6
43869,6
43870,6
43871,7
43872,6
43873,6
43874,6
43875,6
43876,6
43877,6
43878,7
43879,6
43880,6
43881,6
43882,6
43883,6
43884,6
43885,7
43886,6
43887,6
43888,6
43889,6
43890,6
43891,6
43892,7
43893,6
43894,6
43895,6
43896,6
43897,6
43898,6
43899,7
43900,6
43901,6
43902,6
43903,6
43904,6
43905,6
43906,7
43907,6
43908,6
43909,6
43910,6
43911,6
43912,6
43913,7
43914,6
43915,6
43916,6
43917,6
43918,6
43919,6
43920,37
43921,41
43922,27
43923,40
43924,43
43925,45
43926,40
43927,14
43928,14
43929,14
43930,15
43931,16
43932,16
43933,16
43934,6
43935,7
43936,7
43937,7
43938,7
43939,8
43940,8
43941,6
43942,6
43943,6
43944,6
43945,7
43946,7
43947,7
43948,6
43949,6
43950,6
43951,6
43952,6
43953,6
43954,7
43955,6
43956,6
43957,6
43958,6
43959,6
43960,6
43961,7
43962,6
43963,6
43964,6
43965,6
43966,6
43967,6
43968,7
43969,6
43970,6
43971,6
43972,6
43973,6
43974,6
43975,7
43976,6
43977,6
43978,6
43979,6
43980,6
43981,7
43982,7
43983,6
43984,6
43985,6
43986,6
43987,6
43988,6
43989,7
43990,6
43991,6
43992,6
43993,6
43994,6
43995,6
43996,7
43997,6
43998,6
43999,6
44000,6
44001,6
44002,6
44003,7
44004,6
44005,6
44006,6
44007,6
44008,6
44009,6
44010,20
44011,22
44012,33
44013,30
44014,32
44015,29
44016,28
44017,10
44018,10
44019,11
44020,11
44021,13
44022,13
44023,13
44024,6
44025,6
44026,6
44027,6
44028,7
44029,7
44030,7
44031,6
44032,6
44033,6
44034,6
44035,6
44036,7
44037,7
44038,6
44039,6
44040,6
44041,6
44042,6
44043,7
44044,7
44045,6
44046,6
44047,6
44048,6
44049,6
44050,7
44051,7
44052,6
44053,6
44054,6
44055,6
44056,6
44057,6
44058,7
44059,6
44060,6
44061,6
44062,6
44063,6
44064,7
44065,7
44066,6
44067,6
44068,6
44069,6
44070,6
44071,7
44072,7
44073,6
44074,6
44075,6
44076,6
44077,6
44078,6
44079,7
44080,6
44081,6
44082,6
44083,6
44084,6
44085,6
44086,7
44087,6
44088,6
44089,6
44090,6
44091,6
44092,6
44093,7
44094,6
44095,6
44096,6
44097,6
44098,6
44099,6
44100,21
44101,16
44102,15
44103,18
44104,25
44105,22
44106,22
44107,7
44108,7
44109,7
44110,8
44111,9
44112,9
44113,9
44114,6
44115,6
44116,6
44117,6
44118,7
44119,7
44120,7
44121,6
44122,6
44123,6
44124,6
44125,6
44126,7
44127,7
44128,6
44129,6
44130,6
44131,6
44132,6
44133,7
44134,7
44135,6
44136,6
44137,6
44138,6
44139,6
44140,7
44141,7
44142,6
44143,6
44144,6
44145,6
44146,6
44147,7
44148,7
44149,6
44150,6
44151,6
44152,6
44153,6
44154,7
44155,7
44156,6
44157,6
44158,6
44159,6
44160,6
44161,7
44162,7
44163,6
44164,6
44165,6
44166,6
44167,6
44168,7
44169,7
44170,6
44171,6
44172,6
44173,6
44174,6
44175,7
44176,7
44177,6
44178,6
44179,6
44180,6
44181,6
44182,7
44183,7
44184,6
44185,6
44186,6
44187,6
44188,6
44189,7
44190,24
44191,27
44192,34
44193,37
44194,37
44195,43
44196,33
44197,11
44198,12
44199,13
44200,13
44201,15
44202,16
44203,14
44204,6
44205,6
44206,6
44207,6
44208,7
44209,7
44210,7
44211,6
44212,6
44213,6
44214,6
44215,7
44216,7
44217,7
44218,6
44219,6
44220,6
44221,6
44222,6
44223,7
44224,7
44225,6
44226,6
44227,6
44228,6
44229,6
44230,6
44231,7
44232,6
44233,6
44234,6
44235,6
44236,6
44237,6
44238,7
44239,6
44240,6
44241,6
44242,6
44243,6
44244,6
44245,7
44246,6
44247,6
44248,6
44249,6
44250,6
44251,7
44252,7
44253,6
44254,6
44255,6
44256,6
44257,6
44258,6
44259,7
44260,6
44261,6
44262,6
44263,6
44264,6
44265,7
44266,7
44267,6
44268,6
44269,6
44270,6
44271,6
44272,6
44273,7
44274,6
44275,6
44276,6
44277,6
44278,6
44279,6
44280,43
44281,44
44282,42
44283,48
44284,52
44285,58
44286,56
44287,16
44288,16
44289,16
44290,16
44291,17
44292,18
44293,18
44294,7
44295,7
44296,7
44297,7
44298,7
44299,8
44300,8
44301,6
44302,6
44303,6
44304,6
44305,7
44306,7
44307,7
44308,6
44309,6
44310,6
44311,6
44312,6
44313,6
44314,7
44315,6
44316,6
44317,6
44318,6
44319,6
44320,6
44321,7
44322,6
44323,6
44324,6
44325,6
44326,6
44327,6
44328,7
44329,6
44330,6
44331,6
44332,6
44333,6
44334,6
44335,7
44336,6
44337,6
44338,6
44339,6
44340,6
44341,7
44342,7
44343,6
44344,6
44345,6
44346,6
44347,6
44348,6
44349,7
44350,6
44351,6
44352,6
44353,6
44354,6
44355,6
44356,7
44357,6
44358,6
44359,6
44360,6
44361,6
44362,6
44363,7
44364,6
44365,6
44366,6
44367,6
44368,6
44369,6
44370,17
44371,28
44372,23
44373,30
44374,31
44375,31
44376,40
44377,10
44378,11
44379,11
44380,11
44381,13
44382,14
44383,16
44384,6
44385,6
44386,6
44387,6
44388,7
44389,7
44390,7
44391,6
44392,6
44393,6
44394,6
44395,6
44396,7
44397,7
44398,6
44399,6
44400,6
44401,6
44402,6
44403,7
44404,7
44405,6
44406,6
44407,6
44408,6
44409,6
44410,7
44411,7
44412,6
44413,6
44414,6
44415,6
44416,6
44417,7
44418,7
44419,6
44420,6
44421,6
44422,6
44423,6
44424,7
44425,7
44426,6
44427,6
44428,6
44429,6
44430,6
44431,7
44432,7
44433,6
44434,6
44435,6
44436,6
44437,6
44438,7
44439,7
44440,6
44441,6
44442,6
44443,6
44444,6
44445,7
44446,7
44447,6
44448,6
44449,6
44450,6
44451,6
44452,6
44453,7
44454,6
44455,6
44456,6
44457,6
44458,6
44459,7
44460,66
44461,85
44462,65
44463,79
44464,73
44465,77
44466,90
44467,17
44468,17
44469,17
44470,18
44471,18
44472,19
44473,19
44474,7
44475,7
44476,7
44477,7
44478,7
44479,8
44480,8
44481,6
44482,6
44483,7
44484,7
44485,7
44486,7
44487,7
44488,6
44489,6
44490,6
44491,6
44492,6
44493,6
44494,7
44495,6
44496,6
44497,6
44498,6
44499,6
44500,6
44501,7
44502,6
44503,6
44504,6
44505,6
44506,6
44507,6
44508,7
44509,6
44510,6
44511,6
44512,6
44513,6
44514,6
44515,7
44516,6
44517,6
44518,6
44519,6
44520,6
44521,6
44522,7
44523,6
44524,6
44525,6
44526,6
44527,6
44528,6
44529,7
44530,6
44531,6
44532,6
44533,6
44534,6
44535,6
44536,7
44537,6
44538,6
44539,6
44540,6
44541,6
44542,6
44543,7
44544,6
44545,6
44546,6
44547,6
44548,6
44549,6
44550,45
44551,64
44552,50
44553,49
44554,69
44555,72
44556,70
44557,16
44558,17
44559,17
44560,17
44561,17
44562,18
44563,18
44564,7
44565,7
44566,7
44567,7
44568,7
44569,8
44570,8
44571,6
44572,6
44573,6
44574,7
44575,7
44576,7
44577,7
44578,6
44579,6
44580,6
44581,6
44582,6
44583,6
44584,7
44585,6
44586,6
44587,6
44588,6
44589,6
44590,6
44591,7
44592,6
44593,6
44594,6
44595,6
44596,6
44597,6
44598,7
44599,6
44600,6
44601,6
44602,6
44603,6
44604,6
44605,7
44606,6
44607,6
44608,6
44609,6
44610,6
44611,6
44612,7
44613,6
44614,6
44615,6
44616,6
44617,6
44618,6
44619,7
44620,6
44621,6
44622,6
44623,6
44624,6
44625,6
44626,7
44627,6
44628,6
44629,6
44630,6
44631,6
44632,6
44633,7
44634,6
44635,6
44636,6
44637,6
44638,6
44639,6
44640,24
44641,22
44642,16
44643,20
44644,18
44645,12
44646,22
44647,7
44648,7
44649,7
44650,7
44651,7
44652,7
44653,9
44654,6
44655,6
44656,6
44657,6
44658,6
44659,7
44660,7
44661,6
44662,6
44663,6
44664,6
44665,6
44666,7
44667,7
44668,6
44669,6
44670,6
44671,6
44672,6
44673,7
44674,7
44675,6
44676,6
44677,6
44678,6
44679,6
44680,7
44681,7
44682,6
44683,6
44684,6
44685,6
44686,6
44687,6
44688,7
44689,6
44690,6
44691,6
44692,6
44693,6
44694,7
44695,7
44696,6
44697,6
44698,6
44699,6
44700,6
44701,7
44702,7
44703,6
44704,6
44705,6
44706,6
44707,6
44708,7
44709,7
44710,6
44711,6
44712,6
44713,6
44714,6
44715,7
44716,7
44717,6
44718,6
44719,6
44720,6
44721,6
44722,7
44723,7
44724,6
44725,6
44726,6
44727,6
44728,6
44729,7
44730,43
44731,41
44732,52
44733,38
44734,59
44735,54
44736,60
44737,15
44738,15
44739,16
44740,16
44741,17
44742,18
44743,18
44744,7
44745,6
44746,7
44747,7
44748,7
44749,8
44750,8
44751,7
44752,6
44753,6
44754,6
44755,7
44756,7
44757,7
44758,6
44759,6
44760,6
44761,6
44762,6
44763,6
44764,7
44765,6
44766,6
44767,6
44768,6
44769,6
44770,6
44771,7
44772,6
44773,6
44774,6
44775,6
44776,6
44777,6
44778,7
44779,6
44780,6
44781,6
44782,6
44783,6
44784,6
44785,7
44786,6
44787,6
44788,6
44789,6
44790,6
44791,6
44792,7
44793,6
44794,6
44795,6
44796,6
44797,6
44798,6
44799,7
44800,6
44801,6
44802,6
44803,6
44804,6
44805,6
44806,7
44807,6
44808,6
44809,6
44810,6
44811,6
44812,6
44813,7
44814,6
44815,6
44816,6
44817,6
44818,6
44819,6
44820,21
44821,19
44822,25
44823,29
44824,28
44825,40
44826,42
44827,10
44828,11
44829,11
44830,12
44831,14
44832,16
44833,16
44834,6
44835,6
44836,6
44837,6
44838,7
44839,7
44840,8
44841,6
44842,6
44843,6
44844,6
44845,6
44846,7
44847,7
44848,6
44849,6
44850,6
44851,6
44852,6
44853,7
44854,7
44855,6
44856,6
44857,6
44858,6
44859,6
44860,6
44861,7
44862,6
44863,6
44864,6
44865,6
44866,6
44867,7
44868,7
44869,6
44870,6
44871,6
44872,6
44873,6
44874,7
44875,7
44876,6
44877,6
44878,6
44879,6
44880,6
44881,7
44882,7
44883,6
44884,6
44885,6
44886,6
44887,6
44888,6
44889,7
44890,6
44891,6
44892,6
44893,6
44894,6
44895,7
44896,7
44897,6
44898,6
44899,6
44900,6
44901,6
44902,6
44903,7
44904,6
44905,6
44906,6
44907,6
44908,6
44909,7
44910,51
44911,42
44912,63
44913,59
44914,74
44915,63
44916,83
44917,16
44918,16
44919,17
44920,17
44921,18
44922,18
44923,18
44924,7
44925,7
44926,7
44927,7
44928,7
44929,8
44930,8
44931,6
44932,6
44933,7
44934,7
44935,7
44936,7
44937,7
44938,6
44939,6
44940,6
44941,6
44942,6
44943,6
44944,7
44945,6
44946,6
44947,6
44948,6
44949,6
44950,6
44951,7
44952,6
44953,6
44954,6
44955,6
44956,6
44957,6
44958,7
44959,6
44960,6
44961,6
44962,6
44963,6
44964,6
44965,7
44966,6
44967,6
44968,6
44969,6
44970,6
44971,6
44972,7
44973,6
44974,6
44975,6
44976,6
44977,6
44978,6
44979,7
44980,6
44981,6
44982,6
44983,6
44984,6
44985,6
44986,7
44987,6
44988,6
44989,6
44990,6
44991,6
44992,6
44993,7
44994,6
44995,6
44996,6
44997,6
44998,6
44999,6
